day_index,timestamp,hour,electric_load_kw,heat_load_kw,cooling_load_kw,pv_kw,wind_kw,buy_price_cny_per_kwh,sell_price_cny_per_kwh,chp_gas_kw,chp_electric_kw,chp_heat_kw,hp_electric_kw,hp_heat_kw,ac_heat_kw,ac_cooling_kw,ec_cooling_kw,ec_electric_kw,boiler_heat_kw,gas_kw,battery_kw,tes_kw,battery_energy_before_kwh,tes_energy_before_kwh,battery_energy_kwh,tes_energy_kwh,battery_soc,tes_soc,grid_import_kw,grid_export_kw,renewable_curtailed_kw,heat_dump_kw,electric_slack_kw,heat_slack_kw,cooling_slack_kw,electric_dump_kw,infeasible,action_correction_l1,electric_residual_kw,heat_residual_kw,cooling_residual_kw,grid_cost_cny,gas_cost_cny,wear_cost_cny,carbon_cost_cny,operating_cost_cny,emission_kg,constraint_penalty_cny,terminal_gap_kwh,terminal_penalty_cny,objective_cny,reward,action_raw_0,action_executed_0,action_raw_1,action_executed_1,action_raw_2,action_executed_2,action_raw_3,action_executed_3,action_raw_4,action_executed_4,decision_ms
0,2025-02-21 00:00:00,0,325.399495,304.817764,174.135466,0.0,139.705105,0.35,0.25,0.0,0.0,0.0,101.6059210896492,304.8177632689476,0.0,0.0,174.135466,43.5338665,7.310524097192683e-07,8.122804552436314e-07,-120.0,0.0,250.0,300.0,364.0,300.0,0.728,0.5,450.8341775896492,0.0,0,0.0,0,0,0,0,False,0.0,-1.4210854715202004e-14,0.0,0.0,157.7919621563772,2.2743852746821682e-07,3.5999999999999996,19.836703826941054,181.22866621075678,247.95879783676318,0.0,0.0,0.0,181.22866621075678,-0.18122866621075678,-1.0,-1.0,0.12895467877388,0.12895467877388,-1.0,-1.0,0.0,0.0,-1.0,-1.0,0.07404000007227296
0,2025-02-21 01:00:00,1,305.24223,319.194404,178.579639,0.0,109.403252,0.35,0.25,0.0,0.0,0.0,106.39813408255577,319.1944022476673,0.0,0.0,178.579639,44.64490975,1.7523327073831751e-06,1.947036341536861e-06,-90.52631578947368,0.0,364.0,300.0,450.0,300.0,0.9,0.5,437.4083376220295,0.0,0,0.0,0,0,0,0,False,0.24561403508771928,1.4210854715202004e-14,0.0,0.0,153.0929181677103,5.451701756303212e-07,2.7157894736842105,19.24596688652188,175.05467507308654,240.5745860815235,0.0,0.0,0.0,175.05467507308654,-0.17505467507308653,-1.0,-1.0,0.18220148980617523,0.18220148980617523,-1.0,-0.7543859649122807,0.0,0.0,-1.0,-1.0,0.03005899998242967
0,2025-02-21 02:00:00,2,332.147772,326.993449,188.3335,0.0,125.960606,0.35,0.25,0.0,0.0,0.0,108.99781689047813,326.9934506714344,0.0,0.0,188.3335,47.083375,0.0,0.0,0.0,0.0,450.0,300.0,450.0,300.0,0.9,0.5,362.2683578904781,0.0,0,1.6714344042156881e-06,0,0,0,0,False,0.0,-7.105427357601002e-15,0.0,0.0,126.79392526166733,0.0,0.0,15.939807747181039,142.73373300884836,199.247596839763,3.3428688084313766e-08,0.0,0.0,142.73373304227704,-0.14273373304227704,-1.0,-1.0,0.21108685433864594,0.21108685433864594,0.0,0.0,0.0,0.0,-1.0,-1.0,0.022195999918039888
0,2025-02-21 03:00:00,3,329.776097,352.76833,181.794252,0.0,131.537367,0.35,0.25,0.0,0.0,0.0,117.5894433259964,352.7683299779892,0.0,0.0,181.794252,45.448563,2.2010794964444358e-08,2.4456438849382618e-08,0.0,0.0,450.0,300.0,450.0,300.0,0.9,0.5,361.27673632599635,0.0,0,0.0,0,0,0,0,False,0.0,-2.1316282072803006e-14,0.0,0.0,126.44685771409871,6.847802877827134e-09,0.0,15.896176398735145,142.34303411968165,198.7022049841893,0.0,0.0,0.0,142.34303411968165,-0.14234303411968166,-1.0,-1.0,0.3065493702888489,0.3065493702888489,0.0,0.0,0.0,0.0,-1.0,-1.0,0.019658999917737674
0,2025-02-21 04:00:00,4,315.118206,346.834547,187.357444,0.0,151.288538,0.35,0.25,0.0,0.0,0.0,115.61151534318924,346.8345460295677,0.0,0.0,187.357444,46.839361,9.70432267877186e-07,1.0782580754190956e-06,0.0,0.0,450.0,300.0,450.0,300.0,0.9,0.5,326.28054434318926,0.0,0,0.0,0,0,0,0,False,0.0,5.684341886080802e-14,0.0,0.0,114.19819052011623,3.019122611173468e-07,0.0,14.35634396835246,128.55453479038096,179.45429960440575,0.0,0.0,0.0,128.55453479038096,-0.12855453479038095,-1.0,-1.0,0.28457239270210266,0.28457239270210266,0.0,0.0,0.0,0.0,-1.0,-1.0,0.01879499995993683
0,2025-02-21 05:00:00,5,311.428608,354.785014,186.194749,0.0,125.396243,0.35,0.25,0.0,0.0,0.0,118.26167196035385,354.78501588106155,0.0,0.0,186.194749,46.54868725,0.0,0.0,0.0,0.0,450.0,300.0,450.0,300.0,0.9,0.5,350.8427242103538,0.0,0,1.881061564290576e-06,0,0,0,0,False,0.0,0.0,0.0,0.0,122.79495347362383,0.0,0.0,15.43707986525557,138.2320333388794,192.9634983156946,3.762123128581152e-08,0.0,0.0,138.23203337650062,-0.1382320333765006,-1.0,-1.0,0.314018577337265,0.314018577337265,0.0,0.0,0.0,0.0,-1.0,-1.0,0.0210919997698511
0,2025-02-21 06:00:00,6,314.858337,359.278089,174.822107,0.0,121.943246,0.35,0.25,0.0,0.0,0.0,119.75936383008957,359.2780914902687,0.0,0.0,174.822107,43.70552675,0.0,0.0,0.0,0.0,450.0,300.0,450.0,300.0,0.9,0.5,356.3799815800896,0.0,0,2.4902686845962307e-06,0,0,0,0,False,0.0,-7.105427357601002e-15,0.0,0.0,124.73299355303135,0.0,0.0,15.680719189523943,140.4137127425553,196.0089898690493,4.9805373691924616e-08,0.0,0.0,140.41371279236068,-0.14041371279236067,-1.0,-1.0,0.3306595981121063,0.3306595981121063,0.0,0.0,0.0,0.0,-1.0,-1.0,0.02013199991779402
0,2025-02-21 07:00:00,7,354.730991,344.018491,241.211078,74.269037,109.647796,0.65,0.25,0.0,0.0,0.0,114.67283070087433,344.018492102623,0.0,0.0,241.211078,60.3027695,0.0,0.0,0.0,0.0,450.0,300.0,450.0,300.0,0.9,0.5,345.7897582008743,0.0,0,1.1026230026800476e-06,0,0,0,0,False,0.0,-4.263256414560601e-14,0.0,0.0,224.7633428305683,0.0,0.0,15.214749360838471,239.97809219140677,190.18436701048088,2.2052460053600952e-08,0.0,0.0,239.97809221345923,-0.23997809221345923,-1.0,-1.0,0.2741425633430481,0.2741425633430481,0.0,0.0,0.0,0.0,-1.0,-1.0,0.016492000213474967
0,2025-02-21 08:00:00,8,369.455271,322.655133,261.893572,130.784841,115.276815,0.65,0.25,0.0,0.0,0.0,107.55171060562134,322.655131816864,0.0,0.0,261.893572,65.473393,1.1831359643110773e-06,1.314595515901197e-06,0.0,0.0,450.0,300.0,450.0,300.0,0.9,0.5,296.4187186056214,0.0,0,0.0,0,0,0,0,False,0.0,4.263256414560601e-14,0.0,0.0,192.6721670936539,3.680867444523352e-07,0.0,13.042423639680871,205.71459110142152,163.0302954960109,0.0,0.0,0.0,205.71459110142152,-0.2057145911014215,-1.0,-1.0,0.19501900672912598,0.19501900672912598,0.0,0.0,0.0,0.0,-1.0,-1.0,0.016411999240517616
0,2025-02-21 09:00:00,9,394.425827,314.155916,317.304758,201.863797,105.06459,0.65,0.25,0.0,0.0,0.0,104.71863806247711,314.15591418743134,0.0,0.0,317.304758,79.3261895,1.812568655168434e-06,2.013965172409371e-06,0.0,0.0,450.0,300.0,450.0,300.0,0.9,0.5,271.5422675624772,0.0,0,0.0,0,0,0,0,False,0.0,5.684341886080802e-14,0.0,0.0,176.50247391561018,5.63910248274624e-07,0.0,11.94785980497244,188.45033428449287,149.3482475621555,0.0,0.0,0.0,188.45033428449287,-0.18845033428449287,-1.0,-1.0,0.16354042291641235,0.16354042291641235,0.0,0.0,0.0,0.0,-1.0,-1.0,0.01662399972701678
0,2025-02-21 10:00:00,10,402.477013,296.422484,350.627574,221.265332,75.141618,0.65,0.25,0.0,0.0,0.0,98.80749464035034,296.422483921051,0.0,0.0,350.627574,87.6568935,7.894897180449334e-08,8.772107978277037e-08,0.0,0.0,450.0,300.0,450.0,300.0,0.9,0.5,292.5344511403503,0.0,0,0.0,0,0,0,0,False,0.0,-2.842170943040401e-14,0.0,0.0,190.14739324122772,2.4561902339175706e-08,0.0,12.871515851578952,203.01890911736857,160.8939481447369,0.0,0.0,0.0,203.01890911736857,-0.20301890911736856,-1.0,-1.0,0.09786105155944824,0.09786105155944824,0.0,0.0,0.0,0.0,-1.0,-1.0,0.015546000213362277
0,2025-02-21 11:00:00,11,432.580866,289.503587,349.540645,252.509111,78.618721,0.65,0.25,0.0,0.0,0.0,96.50119587779045,289.50358763337135,0.0,0.0,349.540645,87.38516125,0.0,0.0,0.0,0.0,450.0,300.0,450.0,300.0,0.9,0.5,285.33939112779046,0.0,0,6.33371371350222e-07,0,0,0,0,False,0.0,1.4210854715202004e-14,0.0,0.0,185.4706042330638,0.0,0.0,12.554933209622781,198.02553744268658,156.93666512028477,1.266742742700444e-08,0.0,0.0,198.025537455354,-0.198025537455354,-1.0,-1.0,0.07223550975322723,0.07223550975322723,0.0,0.0,0.0,0.0,-1.0,-1.0,0.043619000280159526
0,2025-02-21 12:00:00,12,413.87325,262.60468,351.334732,269.218048,51.422994,0.65,0.25,0.0,0.0,0.0,87.53489334136248,262.60468002408743,0.0,0.0,351.334732,87.833683,0.0,0.0,0.0,0.0,450.0,300.0,450.0,300.0,0.9,0.5,268.6007843413624,0.0,0,2.4087455585686257e-08,0,0,0,0,False,0.0,-4.263256414560601e-14,0.0,0.0,174.59050982188555,0.0,0.0,11.818434511019946,186.4089443329055,147.73043138774932,4.817491117137252e-10,0.0,0.0,186.40894433338724,-0.18640894433338723,-1.0,-1.0,-0.027390073984861374,-0.027390073984861374,0.0,0.0,0.0,0.0,-1.0,-1.0,0.02139100070053246
0,2025-02-21 13:00:00,13,429.686125,242.281138,348.924896,246.974439,37.265304,0.65,0.25,0.0,0.0,0.0,80.76037935912609,242.28113807737827,0.0,0.0,348.924896,87.231224,0.0,0.0,0.0,0.0,450.0,300.0,450.0,300.0,0.9,0.5,313.4379853591262,0.0,0,7.737827445453149e-08,0,0,0,0,False,0.0,5.684341886080802e-14,0.0,0.0,203.73469048343202,0.0,0.0,13.791271355801554,217.52596183923356,172.3908919475194,1.54756548909063e-09,0.0,0.0,217.52596184078112,-0.21752596184078113,-1.0,-1.0,-0.10266245156526566,-0.10266245156526566,0.0,0.0,0.0,0.0,-1.0,-1.0,0.019259000509919133
0,2025-02-21 14:00:00,14,417.859732,238.753219,335.484053,235.720224,51.014622,0.65,0.25,0.0,0.0,0.0,79.58440639078617,238.7532191723585,0.0,0.0,335.484053,83.87101325,0.0,0.0,0.0,0.0,450.0,300.0,450.0,300.0,0.9,0.5,294.5803056407862,0.0,0,1.723585114632442e-07,0,0,0,0,False,0.0,2.842170943040401e-14,0.0,0.0,191.47719866651104,0.0,0.0,12.961533448194594,204.43873211470563,162.01916810243242,3.4471702292648844e-09,0.0,0.0,204.4387321181528,-0.2044387321181528,-1.0,-1.0,-0.11572881788015366,-0.11572881788015366,0.0,0.0,0.0,0.0,-1.0,-1.0,0.02655000025697518
0,2025-02-21 15:00:00,15,370.481707,222.367675,332.307567,191.785769,43.5705,0.65,0.25,0.0,0.0,0.0,74.1225577890873,222.3676733672619,0.0,0.0,332.307567,83.07689175,1.632738104717646e-06,1.8141534496862732e-06,0.0,0.0,450.0,300.0,450.0,300.0,0.9,0.5,292.3248875390873,0.0,0,0.0,0,0,0,0,False,0.0,1.4210854715202004e-14,0.0,0.0,190.01117690040675,5.079629659121565e-07,0.0,12.862295080746296,202.873472489116,160.7786885093287,0.0,0.0,0.0,202.873472489116,-0.20287347248911602,-1.0,-1.0,-0.17641602456569672,-0.17641602456569672,0.0,0.0,0.0,0.0,-1.0,-1.0,0.01761600015015574
0,2025-02-21 16:00:00,16,380.430941,223.925509,277.98713,137.870787,53.294124,0.65,0.25,0.0,0.0,0.0,74.64183613657951,223.92550840973854,0.0,0.0,277.98713,69.4967825,5.902614645947324e-07,6.558460717719248e-07,0.0,0.0,450.0,300.0,450.0,300.0,0.9,0.5,333.40464863657945,0.0,0,0.0,0,0,0,0,False,0.0,-5.684341886080802e-14,0.0,0.0,216.71302161377665,1.8363690009613895e-07,0.0,14.669804550503034,231.3828263479166,183.37255688128792,0.0,0.0,0.0,231.3828263479166,-0.2313828263479166,-1.0,-1.0,-0.17064626514911652,-0.17064626514911652,0.0,0.0,0.0,0.0,-1.0,-1.0,0.017205000403919257
0,2025-02-21 17:00:00,17,375.21913,213.248972,217.50787,67.611707,35.66061,1.05,0.25,149.9999988824129,52.49999960884452,67.49999949708581,0.0,0.0,0.0,0.0,217.50787,54.3769675,145.7489725029142,311.94330166342866,120.0,0.0,450.0,300.0,323.6842105263158,300.0,0.6473684210526316,0.5,153.82378089115548,0.0,0,0.0,0,0,0,0,False,0.0,-2.1316282072803006e-14,0.0,0.0,161.51496993571325,87.34412446576003,3.5999999999999996,11.7593391858257,264.218433587299,146.99173982282124,0.0,0.0,0.0,264.218433587299,-0.26421843358729896,-0.1428571492433548,-0.1428571492433548,-1.0,-1.0,1.0,1.0,0.0,0.0,-1.0,-1.0,0.016496000171173364
0,2025-02-21 18:00:00,18,330.012262,203.115787,180.718874,0.0,51.622818,1.05,0.25,299.9999988824129,104.99999960884452,134.9999994970858,0.0,0.0,0.0,0.0,180.718874,45.1797185,68.1157875029142,375.6842072189842,69.99999761581421,0.0,323.6842105263158,300.0,250.00000250966923,300.0,0.5000000050193385,0.5,148.56916527534128,0.0,0,0.0,0,0,0,0,False,2.3416110384033573e-08,-2.1316282072803006e-14,0.0,0.0,155.99762353910836,105.19157802131559,2.099999928474426,12.547990587618765,275.8371920765171,156.84988234523456,0.0,0.0,0.0,275.8371920765171,-0.27583719207651713,0.7142857313156128,0.7142857078995024,-1.0,-1.0,0.5833333134651184,0.5833333134651184,0.0,0.0,-1.0,-1.0,0.014253999324864708
0,2025-02-21 19:00:00,19,333.052426,218.900793,175.651305,0.0,45.039582,1.05,0.25,350.0,122.49999999999999,157.5,0.0,0.0,0.0,0.0,175.651305,43.91282625,61.40079299999999,418.2231033333333,2.3841858620698986e-06,0.0,250.00000250966923,300.0,249.99999999999991,300.0,0.49999999999999983,0.5,209.4256678658142,0.0,0,0.0,0,0,0,0,False,0.0,2.1316282072803006e-14,0.0,0.0,219.89695125910492,117.10246893333334,7.152557586209696e-08,15.90629903942916,352.90571930339297,198.8287379928645,0.0,0.0,0.0,352.90571930339297,-0.352905719303393,1.0,1.0,-1.0,-1.0,1.9868215517249155e-08,1.9868215517249155e-08,0.0,0.0,-1.0,-1.0,0.09114400018006563
0,2025-02-21 20:00:00,20,300.20325,230.597799,187.966795,0.0,97.199666,1.05,0.25,350.0,122.49999999999999,157.5,0.0,0.0,0.0,0.0,187.966795,46.99169875,73.09779900000001,431.2197766666667,0.0,0.0,249.99999999999991,300.0,249.99999999999991,300.0,0.49999999999999983,0.5,127.49528275000007,0.0,0,0.0,0,0,0,0,False,0.0,1.4210854715202004e-14,0.0,0.0,133.87004688750008,120.74153746666668,0.0,12.509308867666673,267.12089322183346,156.3663608458334,0.0,0.0,0.0,267.12089322183346,-0.26712089322183347,1.0,1.0,-1.0,-1.0,0.0,0.0,0.0,0.0,-1.0,-1.0,0.013816000318911392
0,2025-02-21 21:00:00,21,306.608613,242.953226,171.488311,0.0,115.170127,1.05,0.25,350.0,122.49999999999999,157.5,0.0,0.0,0.0,0.0,171.488311,42.87207775,85.453226,444.94802888888887,0.0,0.0,249.99999999999991,300.0,249.99999999999991,300.0,0.49999999999999983,0.5,111.81056375000004,0.0,0,0.0,0,0,0,0,False,0.0,1.4210854715202004e-14,0.0,0.0,117.40109193750006,124.5854480888889,0.0,12.038833267222227,254.02537329361118,150.48541584027782,0.0,0.0,0.0,254.02537329361118,-0.2540253732936112,1.0,1.0,-1.0,-1.0,0.0,0.0,0.0,0.0,-1.0,-1.0,0.01237700053025037
0,2025-02-21 22:00:00,22,294.076814,259.73662,190.243163,0.0,108.447064,0.65,0.25,200.0000011175871,70.00000039115548,90.00000050291419,56.578873693943024,169.73662108182907,0.0,0.0,190.243163,47.56079075,0.0,200.0000011175871,-4.487638364551933e-14,0.0,249.99999999999991,300.0,249.99999999999997,300.0,0.49999999999999994,0.5,219.76941405278762,0.0,0,1.584743245075515e-06,0,0,0,0,False,0.0,2.1316282072803006e-14,0.0,0.0,142.85011913431197,56.00000031292439,1.3462915093655799e-15,12.86985423620405,211.7199736834404,160.87317795255063,3.16948649015103e-08,0.0,0.0,211.71997371513527,-0.21171997371513526,0.1428571492433548,0.1428571492433548,-0.3713458478450775,-0.3713458478450775,-3.739698637126611e-16,-3.739698637126611e-16,0.0,0.0,-1.0,-1.0,0.018277999515703414
0,2025-02-21 23:00:00,23,329.876284,282.071025,184.527029,0.0,135.881119,0.35,0.25,50.00000111758709,17.50000039115548,22.50000050291419,86.5236747264862,259.5710241794586,0.0,0.0,184.527029,46.13175725,3.17627211643412e-07,50.00000147050621,-2.991758909701289e-14,0.0,249.99999999999997,300.0,250.0,300.0,0.5,0.5,309.1505965853308,0.0,0,0.0,0,0,0,0,False,2.3416110384033573e-08,2.1316282072803006e-14,0.0,0.0,108.20270880486576,14.000000411741741,8.975276729103866e-16,14.402626273282657,136.60533548989017,180.0328284160332,0.0,0.0,0.0,136.60533548989017,-0.13660533548989018,-0.7142857313156128,-0.7142857078995024,-0.03862583637237549,-0.03862583637237549,-2.493132424751074e-16,-2.493132424751074e-16,0.0,0.0,-1.0,-1.0,0.017995999769482296
1,2025-02-22 00:00:00,0,290.579559,295.24087,161.379693,0.0,130.20342,0.35,0.25,0.0,0.0,0.0,98.41362364590168,295.24087093770504,0.0,0.0,161.379693,40.34492325,0.0,0.0,-120.0,0.0,250.0,300.0,364.0,300.0,0.728,0.5,419.1346858959017,0.0,0,9.377050673720078e-07,0,0,0,0,False,0.0,2.1316282072803006e-14,0.0,0.0,146.6971400635656,0.0,3.5999999999999996,18.441926179419678,168.73906624298527,230.52407724274596,1.8754101347440156e-08,0.0,0.0,168.73906626173937,-0.16873906626173937,-1.0,-1.0,0.09348470717668533,0.09348470717668533,-1.0,-1.0,0.0,0.0,-1.0,-1.0,0.03759199989872286
1,2025-02-22 01:00:00,1,295.583291,306.550913,192.870004,0.0,128.241795,0.35,0.25,0.0,0.0,0.0,102.18363806605339,306.55091419816017,0.0,0.0,192.870004,48.217501,0.0,0.0,-90.52631578947368,0.0,364.0,300.0,450.0,300.0,0.9,0.5,408.26895085552707,0.0,0,1.1981601915067586e-06,0,0,0,0,False,0.24561403508771928,2.842170943040401e-14,0.0,0.0,142.89413279943446,0.0,2.7157894736842105,17.963833837643193,163.57375611076185,224.5479229705399,2.3963203830135172e-08,0.0,0.0,163.57375613472504,-0.16357375613472505,-1.0,-1.0,0.13537375628948212,0.13537375628948212,-1.0,-0.7543859649122807,0.0,0.0,-1.0,-1.0,0.02489200051059015
1,2025-02-22 02:00:00,2,313.803303,320.730382,183.868584,0.0,132.018922,0.35,0.25,0.0,0.0,0.0,106.91012755036354,320.7303826510906,0.0,0.0,183.868584,45.967146,0.0,0.0,0.0,0.0,450.0,300.0,450.0,300.0,0.9,0.5,334.66165455036355,0.0,0,6.510906018775131e-07,0,0,0,0,False,0.0,-4.263256414560601e-14,0.0,0.0,117.13157909262723,0.0,0.0,14.725112800215998,131.85669189284323,184.06391000269997,1.3021812037550263e-08,0.0,0.0,131.85669190586503,-0.13185669190586505,-1.0,-1.0,0.18789030611515045,0.18789030611515045,0.0,0.0,0.0,0.0,-1.0,-1.0,0.02126500021404354
1,2025-02-22 03:00:00,3,280.214622,316.983122,157.668308,0.0,117.119668,0.35,0.25,0.0,0.0,0.0,105.66104024648666,316.98312073946,0.0,0.0,157.668308,39.417077,1.2605399888343527e-06,1.4005999875937252e-06,0.0,0.0,450.0,300.0,450.0,300.0,0.9,0.5,308.1730712464867,0.0,0,0.0,0,0,0,0,False,0.0,7.105427357601002e-15,0.0,0.0,107.86057493627034,3.9216799652624313e-07,0.0,13.559615157255017,121.42019048569335,169.4951894656877,0.0,0.0,0.0,121.42019048569335,-0.12142019048569336,-1.0,-1.0,0.17401155829429626,0.17401155829429626,0.0,0.0,0.0,0.0,-1.0,-1.0,0.018235000425192993
1,2025-02-22 04:00:00,4,316.686249,337.177877,170.400402,0.0,136.438248,0.35,0.25,0.0,0.0,0.0,112.39262580871582,337.17787742614746,0.0,0.0,170.400402,42.6001005,0.0,0.0,0.0,0.0,450.0,300.0,450.0,300.0,0.9,0.5,335.2407273087158,0.0,0,4.261474373379315e-07,0,0,0,0,False,0.0,-7.105427357601002e-15,0.0,0.0,117.33425455805052,0.0,0.0,14.750592001583499,132.084846559634,184.38240001979372,8.52294874675863e-09,0.0,0.0,132.08484656815696,-0.13208484656815697,-1.0,-1.0,0.24880695343017578,0.24880695343017578,0.0,0.0,0.0,0.0,-1.0,-1.0,0.016912000319280196
1,2025-02-22 05:00:00,5,291.965347,331.438712,181.860697,0.0,119.000652,0.35,0.25,0.0,0.0,0.0,110.47957107424736,331.4387132227421,0.0,0.0,181.860697,45.46517425,0.0,0.0,0.0,0.0,450.0,300.0,450.0,300.0,0.9,0.5,328.9094403242474,0.0,0,1.2227420711496961e-06,0,0,0,0,False,0.0,2.1316282072803006e-14,0.0,0.0,115.11830411348657,0.0,0.0,14.472015374266887,129.59031948775345,180.90019217833608,2.4454841422993922e-08,0.0,0.0,129.59031951220828,-0.12959031951220829,-1.0,-1.0,0.22755078971385956,0.22755078971385956,0.0,0.0,0.0,0.0,-1.0,-1.0,0.01630099995963974
1,2025-02-22 06:00:00,6,309.316517,337.007359,175.418003,0.0,137.344783,0.35,0.25,0.0,0.0,0.0,112.33578577637672,337.0073573291302,0.0,0.0,175.418003,43.85450075,1.6708698353795626e-06,1.8565220393106251e-06,0.0,0.0,450.0,300.0,450.0,300.0,0.9,0.5,328.1620205263767,0.0,0,0.0,0,0,0,0,False,0.0,0.0,0.0,0.0,114.85670718423184,5.19826171006975e-07,0.0,14.439128932864929,129.29583663692293,180.4891116608116,0.0,0.0,0.0,129.29583663692293,-0.12929583663692293,-1.0,-1.0,0.24817539751529694,0.24817539751529694,0.0,0.0,0.0,0.0,-1.0,-1.0,0.016480999875057023
1,2025-02-22 07:00:00,7,322.544176,342.38913,215.451418,65.693149,110.457539,0.65,0.25,0.0,0.0,0.0,114.12971019744873,342.3891305923462,0.0,0.0,215.451418,53.8628545,0.0,0.0,0.0,0.0,450.0,300.0,450.0,300.0,0.9,0.5,314.38605269744875,0.0,0,5.923461685597431e-07,0,0,0,0,False,0.0,2.842170943040401e-14,0.0,0.0,204.3509342533417,0.0,0.0,13.832986318687746,218.18392057202945,172.91232898359684,1.1846923371194862e-08,0.0,0.0,218.1839205838764,-0.2181839205838764,-1.0,-1.0,0.26810789108276367,0.26810789108276367,0.0,0.0,0.0,0.0,-1.0,-1.0,0.016807000065455213
1,2025-02-22 08:00:00,8,369.242135,312.088723,267.13593,127.465107,94.170703,0.65,0.25,0.0,0.0,0.0,104.02957454323769,312.08872362971306,0.0,0.0,267.13593,66.7839825,0.0,0.0,0.0,0.0,450.0,300.0,450.0,300.0,0.9,0.5,318.41988204323775,0.0,0,6.297130425991782e-07,0,0,0,0,False,0.0,4.263256414560601e-14,0.0,0.0,206.97292332810454,0.0,0.0,14.010474809902462,220.983398138007,175.13093512378077,1.2594260851983564e-08,0.0,0.0,220.98339815060126,-0.22098339815060125,-1.0,-1.0,0.15588416159152985,0.15588416159152985,0.0,0.0,0.0,0.0,-1.0,-1.0,0.026445999537827447
1,2025-02-22 09:00:00,9,374.685386,304.589999,290.038934,161.580573,98.890217,0.65,0.25,0.0,0.0,0.0,101.52999982237816,304.5899994671345,0.0,0.0,290.038934,72.5097335,0.0,0.0,0.0,0.0,450.0,300.0,450.0,300.0,0.9,0.5,288.2543293223782,0.0,0,4.671344981943548e-07,0,0,0,0,False,0.0,4.263256414560601e-14,0.0,0.0,187.36531405954585,0.0,0.0,12.683190490184643,200.0485045497305,158.53988112730804,9.342689963887096e-09,0.0,0.0,200.0485045590732,-0.2000485045590732,-1.0,-1.0,0.1281111091375351,0.1281111091375351,0.0,0.0,0.0,0.0,-1.0,-1.0,0.01941600021382328
1,2025-02-22 10:00:00,10,382.85779,279.888206,334.503959,194.664156,92.944443,0.65,0.25,0.0,0.0,0.0,93.29606875777245,279.88820627331734,0.0,0.0,334.503959,83.62598975,0.0,0.0,0.0,0.0,450.0,300.0,450.0,300.0,0.9,0.5,272.1712495077725,0.0,0,2.733173118940613e-07,0,0,0,0,False,0.0,2.842170943040401e-14,0.0,0.0,176.9113121800521,0.0,0.0,11.975534978341988,188.8868471583941,149.69418722927486,5.466346237881225e-09,0.0,0.0,188.88684716386044,-0.18888684716386045,-1.0,-1.0,0.03662298619747162,0.03662298619747162,0.0,0.0,0.0,0.0,-1.0,-1.0,0.016331999177054968
1,2025-02-22 11:00:00,11,400.264733,270.313214,333.549563,242.472948,36.891034,0.65,0.25,0.0,0.0,0.0,90.10440467158332,270.31321401475,0.0,0.0,333.549563,83.38739075,0.0,0.0,0.0,0.0,450.0,300.0,450.0,300.0,0.9,0.5,294.3925464215833,0.0,0,1.4749957699677907e-08,0,0,0,0,False,0.0,1.4210854715202004e-14,0.0,0.0,191.35515517402914,0.0,0.0,12.953272042549665,204.3084272165788,161.91590053187082,2.9499915399355816e-10,0.0,0.0,204.30842721687378,-0.20430842721687378,-1.0,-1.0,0.0011600519064813852,0.0011600519064813852,0.0,0.0,0.0,0.0,-1.0,-1.0,0.016025000149966218
1,2025-02-22 12:00:00,12,417.559961,253.768566,344.247358,249.332136,40.291809,0.65,0.25,0.0,0.0,0.0,84.58952207118273,253.76856621354818,0.0,0.0,344.247358,86.0618395,0.0,0.0,0.0,0.0,450.0,300.0,450.0,300.0,0.9,0.5,298.5873775711827,0.0,0,2.135481906861969e-07,0,0,0,0,False,0.0,-4.263256414560601e-14,0.0,0.0,194.08179542126877,0.0,0.0,13.13784461313204,207.2196400344008,164.2230576641505,4.270963813723938e-09,0.0,0.0,207.21964003867177,-0.20721964003867177,-1.0,-1.0,-0.060116421431303024,-0.060116421431303024,0.0,0.0,0.0,0.0,-1.0,-1.0,0.018963000002258923
1,2025-02-22 13:00:00,13,414.402551,224.92486,342.930146,241.459253,64.359596,0.65,0.25,0.0,0.0,0.0,74.9749530851841,224.9248592555523,0.0,0.0,342.930146,85.7325365,7.444477034823649e-07,8.271641149804054e-07,0.0,0.0,450.0,300.0,450.0,300.0,0.9,0.5,269.29119158518415,0.0,0,0.0,0,0,0,0,False,0.0,4.263256414560601e-14,0.0,0.0,175.0392745303697,2.3160595219451355e-07,0.0,11.84881244298273,186.8880872049584,148.11015553728413,0.0,0.0,0.0,186.8880872049584,-0.1868880872049584,-1.0,-1.0,-0.1669449657201767,-0.1669449657201767,0.0,0.0,0.0,0.0,-1.0,-1.0,0.015908000023046043
1,2025-02-22 14:00:00,14,376.847069,215.498313,324.988357,201.267326,28.207131,0.65,0.25,0.0,0.0,0.0,71.83277070522308,215.49831211566925,0.0,0.0,324.988357,81.24708925,8.84330745520856e-07,9.825897172453956e-07,0.0,0.0,450.0,300.0,450.0,300.0,0.9,0.5,300.452471955223,0.0,0,0.0,0,0,0,0,False,0.0,-1.4210854715202004e-14,0.0,0.0,195.29410677089496,2.751251208287108e-07,0.0,13.219908781751249,208.51401582777135,165.2488597718906,0.0,0.0,0.0,208.51401582777135,-0.20851401582777135,-1.0,-1.0,-0.20185810327529907,-0.20185810327529907,0.0,0.0,0.0,0.0,-1.0,-1.0,0.01606700061529409
1,2025-02-22 15:00:00,15,382.413493,208.584795,309.541111,166.176087,60.549378,0.65,0.25,0.0,0.0,0.0,69.52826499938965,208.58479499816895,0.0,0.0,309.541111,77.38527775,1.8310686300537782e-09,2.0345207000597534e-09,0.0,0.0,450.0,300.0,450.0,300.0,0.9,0.5,302.6015707493897,0.0,0,0.0,0,0,0,0,False,0.0,0.0,0.0,0.0,196.6910209871033,5.69665796016731e-10,0.0,13.3144691130057,210.00549010067863,166.43086391257125,0.0,0.0,0.0,210.00549010067863,-0.21000549010067862,-1.0,-1.0,-0.2274637222290039,-0.2274637222290039,0.0,0.0,0.0,0.0,-1.0,-1.0,0.015782999980729073
1,2025-02-22 16:00:00,16,340.274853,193.445951,264.304142,121.835142,39.540144,0.65,0.25,0.0,0.0,0.0,64.4819837808609,193.4459513425827,0.0,0.0,264.304142,66.0760355,0.0,0.0,0.0,0.0,450.0,300.0,450.0,300.0,0.9,0.5,309.4575862808609,0.0,0,3.4258269465681224e-07,0,0,0,0,False,0.0,-1.4210854715202004e-14,0.0,0.0,201.1474310825596,0.0,0.0,13.61613379635788,214.76356487891746,170.2016724544735,6.851653893136245e-09,0.0,0.0,214.7635648857691,-0.21476356488576911,-1.0,-1.0,-0.28353351354599,-0.28353351354599,0.0,0.0,0.0,0.0,-1.0,-1.0,0.015116999747988302
1,2025-02-22 17:00:00,17,329.788544,188.231561,215.51261,63.151171,52.960693,1.05,0.25,149.9999988824129,52.49999960884452,67.49999949708581,0.0,0.0,0.0,0.0,215.51261,53.8781525,120.73156150291419,284.1461783300954,120.0,0.0,450.0,300.0,323.6842105263158,300.0,0.6473684210526316,0.5,95.05483289115546,0.0,0,0.0,0,0,0,0,False,0.0,-5.684341886080802e-14,0.0,0.0,99.80757453571323,79.56092993242672,3.5999999999999996,8.728751500492367,191.6972559686323,109.10939375615459,0.0,0.0,0.0,191.6972559686323,-0.1916972559686323,-0.1428571492433548,-0.1428571492433548,-1.0,-1.0,1.0,1.0,0.0,0.0,-1.0,-1.0,0.01321299987466773
1,2025-02-22 18:00:00,18,298.630904,192.631663,167.16703,0.0,78.332687,1.05,0.25,299.9999988824129,104.99999960884452,134.9999994970858,0.0,0.0,0.0,0.0,167.16703,41.7917575,57.63166350291419,364.03518055231757,69.99999761581421,0.0,323.6842105263158,300.0,250.00000250966923,300.0,0.5000000050193385,0.5,87.08997727534125,0.0,0,0.0,0,0,0,0,False,2.3416110384033573e-08,1.4210854715202004e-14,0.0,0.0,91.44447613910832,101.92985055464892,2.099999928474426,9.656521888952097,205.13084851118376,120.70652361190122,0.0,0.0,0.0,205.13084851118376,-0.20513084851118377,0.7142857313156128,0.7142857078995024,-1.0,-1.0,0.5833333134651184,0.5833333134651184,0.0,0.0,-1.0,-1.0,0.015502000678679906
1,2025-02-22 19:00:00,19,302.494419,200.646469,169.835722,0.0,66.183227,1.05,0.25,350.0,122.49999999999999,157.5,0.0,0.0,0.0,0.0,169.835722,42.4589305,43.146468999999996,397.9405211111111,2.3841858620698986e-06,0.0,250.00000250966923,300.0,249.99999999999991,300.0,0.49999999999999983,0.5,156.27012011581417,0.0,0,0.0,0,0,0,0,False,0.0,7.105427357601002e-15,0.0,0.0,164.08362612160488,111.42334591111111,7.152557586209696e-08,13.242933622873602,288.74990572711516,165.53667028592002,0.0,0.0,0.0,288.74990572711516,-0.2887499057271152,1.0,1.0,-1.0,-1.0,1.9868215517249155e-08,1.9868215517249155e-08,0.0,0.0,-1.0,-1.0,0.013307999324752018
1,2025-02-22 20:00:00,20,317.943398,218.652358,187.479739,0.0,89.568256,1.05,0.25,350.0,122.49999999999999,157.5,0.0,0.0,0.0,0.0,187.479739,46.86993475,61.15235799999999,417.94706444444444,0.0,0.0,249.99999999999991,300.0,249.99999999999991,300.0,0.49999999999999983,0.5,152.74507674999995,0.0,0,0.0,0,0,0,0,False,0.0,-2.842170943040401e-14,0.0,0.0,160.38233058749995,117.02517804444446,0.0,13.407936408111109,290.8154450400555,167.59920510138886,0.0,0.0,0.0,290.8154450400555,-0.2908154450400555,1.0,1.0,-1.0,-1.0,0.0,0.0,0.0,0.0,-1.0,-1.0,0.012876999790023547
1,2025-02-22 21:00:00,21,309.310051,212.912879,173.993412,0.0,119.479324,1.05,0.25,350.0,122.49999999999999,157.5,0.0,0.0,0.0,0.0,173.993412,43.498353,55.412879000000004,411.56986555555557,0.0,0.0,249.99999999999991,300.0,249.99999999999991,300.0,0.49999999999999983,0.5,110.82907999999999,0.0,0,0.0,0,0,0,0,False,0.0,7.105427357601002e-15,0.0,0.0,116.37053399999999,115.23956235555556,0.0,11.46159736888889,243.07169372444446,143.26996711111113,0.0,0.0,0.0,243.07169372444446,-0.24307169372444445,1.0,1.0,-1.0,-1.0,0.0,0.0,0.0,0.0,-1.0,-1.0,0.012620999768842012
1,2025-02-22 22:00:00,22,313.195474,242.11124,182.291007,0.0,101.646561,0.65,0.25,200.0000011175871,70.00000039115548,90.00000050291419,50.70374697446823,152.1112409234047,0.0,0.0,182.291007,45.57275175,0.0,200.0000011175871,-4.487638364551933e-14,0.0,249.99999999999991,300.0,249.99999999999997,300.0,0.49999999999999994,0.5,237.8254113333128,0.0,0,1.4263188745644584e-06,0,0,0,0,False,0.0,7.105427357601002e-15,0.0,0.0,154.5865173666533,56.00000031292439,1.3462915093655799e-15,13.664318116547156,224.25083579612485,170.80397645683945,2.852637749128917e-08,0.0,0.0,224.25083582465123,-0.22425083582465125,0.1428571492433548,0.1428571492433548,-0.43662503361701965,-0.43662503361701965,-3.739698637126611e-16,-3.739698637126611e-16,0.0,0.0,-1.0,-1.0,0.0181479999810108
1,2025-02-22 23:00:00,23,303.98456,267.68081,184.66162,0.0,124.287712,0.35,0.25,50.00000111758709,17.50000039115548,22.50000050291419,81.72693617641926,245.18080852925777,0.0,0.0,184.66162,46.165405,9.678280434854969e-07,50.000002192951584,-2.991758909701289e-14,0.0,249.99999999999997,300.0,250.0,300.0,0.5,0.5,290.08918878526384,0.0,0,0.0,0,0,0,0,False,2.3416110384033573e-08,7.815970093361102e-14,0.0,0.0,101.53121607484233,14.000000614026446,8.975276729103866e-16,13.563924341638836,129.09514103050762,169.54905427048544,0.0,0.0,0.0,129.09514103050762,-0.12909514103050762,-0.7142857313156128,-0.7142857078995024,-0.09192293137311935,-0.09192293137311935,-2.493132424751074e-16,-2.493132424751074e-16,0.0,0.0,-1.0,-1.0,0.0169060003827326
2,2025-02-23 00:00:00,0,308.904625,296.762579,176.013096,0.0,148.336727,0.35,0.25,0.0,0.0,0.0,98.92085954546928,296.76257863640785,0.0,0.0,176.013096,44.003274,3.6359216437631403e-07,4.0399129375146003e-07,-120.0,0.0,250.0,300.0,364.0,300.0,0.728,0.5,423.4920315454693,0.0,0,0.0,0,0,0,0,False,0.0,-2.1316282072803006e-14,0.0,0.0,148.22221104091423,1.1311756225040882e-07,3.5999999999999996,18.63364939446451,170.45586054849628,232.92061743080637,0.0,0.0,0.0,170.45586054849628,-0.17045586054849626,-1.0,-1.0,0.09912066161632538,0.09912066161632538,-1.0,-1.0,0.0,0.0,-1.0,-1.0,0.037108000469743274
2,2025-02-23 01:00:00,1,298.410611,302.441456,184.916252,0.0,134.90189,0.35,0.25,0.0,0.0,0.0,100.81381849944592,302.44145549833775,0.0,0.0,184.916252,46.229063,5.01662270835368e-07,5.574025231504088e-07,-90.52631578947368,0.0,364.0,300.0,450.0,300.0,0.9,0.5,401.07791828891965,0.0,0,0.0,0,0,0,0,False,0.24561403508771928,5.684341886080802e-14,0.0,0.0,140.37727140112187,1.5607270648211447e-07,2.7157894736842105,17.64742841363091,160.74048944450968,220.59285517038634,0.0,0.0,0.0,160.74048944450968,-0.16074048944450967,-1.0,-1.0,0.12015353888273239,0.12015353888273239,-1.0,-0.7543859649122807,0.0,0.0,-1.0,-1.0,0.02151199987565633
2,2025-02-23 02:00:00,2,294.058745,328.280406,177.546984,0.0,129.60419,0.35,0.25,0.0,0.0,0.0,109.42680135369301,328.280404061079,0.0,0.0,177.546984,44.386746,1.938921002420102e-06,2.154356669355669e-06,0.0,0.0,450.0,300.0,450.0,300.0,0.9,0.5,318.26810235369305,0.0,0,0.0,0,0,0,0,False,0.0,7.105427357601002e-14,0.0,0.0,111.39383582379256,6.032198674195874e-07,0.0,14.003796538032203,125.39763296504464,175.04745672540253,0.0,0.0,0.0,125.39763296504464,-0.12539763296504464,-1.0,-1.0,0.21585334837436676,0.21585334837436676,0.0,0.0,0.0,0.0,-1.0,-1.0,0.020606000362022314
2,2025-02-23 03:00:00,3,303.481723,327.450502,165.828931,0.0,132.156232,0.35,0.25,0.0,0.0,0.0,109.15016770362854,327.4505031108856,0.0,0.0,165.828931,41.45723275,0.0,0.0,0.0,0.0,450.0,300.0,450.0,300.0,0.9,0.5,321.93289145362854,0.0,0,1.110885648358817e-06,0,0,0,0,False,0.0,0.0,0.0,0.0,112.67651200876998,0.0,0.0,14.165047223959657,126.84155923272964,177.0630902994957,2.221771296717634e-08,0.0,0.0,126.84155925494736,-0.12684155925494736,-1.0,-1.0,0.21277964115142822,0.21277964115142822,0.0,0.0,0.0,0.0,-1.0,-1.0,0.017768999896361493
2,2025-02-23 04:00:00,4,294.996624,341.800562,181.454296,0.0,118.504825,0.35,0.25,0.0,0.0,0.0,113.93352001905441,341.80056005716324,0.0,0.0,181.454296,45.363574,1.9428367750151665e-06,2.158707527794629e-06,0.0,0.0,450.0,300.0,450.0,300.0,0.9,0.5,335.7888930190544,0.0,0,0.0,0,0,0,0,False,0.0,-2.842170943040401e-14,0.0,0.0,117.52611255666903,6.044381077824963e-07,0.0,14.774711327377716,132.30082448848486,184.68389159222144,0.0,0.0,0.0,132.30082448848486,-0.13230082448848487,-1.0,-1.0,0.2659280002117157,0.2659280002117157,0.0,0.0,0.0,0.0,-1.0,-1.0,0.016713999684725422
2,2025-02-23 05:00:00,5,308.571222,337.562726,161.257669,0.0,114.25358,0.35,0.25,0.0,0.0,0.0,112.52090781927109,337.56272345781326,0.0,0.0,161.257669,40.31441725,2.5421867348995875e-06,2.8246519276662084e-06,0.0,0.0,450.0,300.0,450.0,300.0,0.9,0.5,347.1529670692711,0.0,0,0.0,0,0,0,0,False,0.0,2.1316282072803006e-14,0.0,0.0,121.50353847424488,7.909025397465384e-07,0.0,15.27473059624236,136.77826986138976,190.9341324530295,0.0,0.0,0.0,136.77826986138976,-0.13677826986138977,-1.0,-1.0,0.2502323091030121,0.2502323091030121,0.0,0.0,0.0,0.0,-1.0,-1.0,0.016940000023168977
2,2025-02-23 06:00:00,6,330.62394,346.228123,176.832838,0.0,103.611524,0.35,0.25,0.0,0.0,0.0,115.40937334299088,346.2281200289726,0.0,0.0,176.832838,44.2082095,2.971027356579725e-06,3.3011415073108056e-06,0.0,0.0,450.0,300.0,450.0,300.0,0.9,0.5,386.62999884299086,0.0,0,0.0,0,0,0,0,False,0.0,7.105427357601002e-15,0.0,0.0,135.32049959504678,9.243196220470257e-07,0.0,17.01172000190986,152.33222052127627,212.64650002387327,0.0,0.0,0.0,152.33222052127627,-0.15233222052127626,-1.0,-1.0,0.2823263704776764,0.2823263704776764,0.0,0.0,0.0,0.0,-1.0,-1.0,0.016825000784592703
2,2025-02-23 07:00:00,7,315.141612,313.712272,208.458397,49.987454,64.733529,0.65,0.25,0.0,0.0,0.0,104.57075715065002,313.7122714519501,0.0,0.0,208.458397,52.11459925,5.48049911230919e-07,6.089443458121322e-07,0.0,0.0,450.0,300.0,450.0,300.0,0.9,0.5,357.10598540065,0.0,0,0.0,0,0,0,0,False,0.0,-2.842170943040401e-14,0.0,0.0,232.11889051042252,1.7050441682739703e-07,0.0,15.71266336737171,247.83155404829864,196.40829209214638,0.0,0.0,0.0,247.83155404829864,-0.24783155404829865,-1.0,-1.0,0.16189730167388916,0.16189730167388916,0.0,0.0,0.0,0.0,-1.0,-1.0,0.015342000551754609
2,2025-02-23 08:00:00,8,346.451889,314.594114,254.992043,91.952104,74.254977,0.65,0.25,0.0,0.0,0.0,104.86470445990562,314.5941133797169,0.0,0.0,254.992043,63.74801075,6.202831173141021e-07,6.892034636823357e-07,0.0,0.0,450.0,300.0,450.0,300.0,0.9,0.5,348.8575232099056,0.0,0,0.0,0,0,0,0,False,0.0,-7.105427357601002e-15,0.0,0.0,226.75739008643865,1.9297696983105403e-07,0.0,15.349731032263103,242.10712131167872,191.87163790328879,0.0,0.0,0.0,242.10712131167872,-0.24210712131167872,-1.0,-1.0,0.16516338288784027,0.16516338288784027,0.0,0.0,0.0,0.0,-1.0,-1.0,0.015135000467125792
2,2025-02-23 09:00:00,9,395.823607,307.472646,287.678057,134.357222,67.16024,0.65,0.25,0.0,0.0,0.0,102.49088242650032,307.47264727950096,0.0,0.0,287.678057,71.91951425,0.0,0.0,0.0,0.0,450.0,300.0,450.0,300.0,0.9,0.5,368.71654167650024,0.0,0,1.2795009638466581e-06,0,0,0,0,False,0.0,-4.263256414560601e-14,0.0,0.0,239.66575208972517,0.0,0.0,16.22352783376601,255.8892799234912,202.79409792207514,2.5590019276933163e-08,0.0,0.0,255.8892799490812,-0.2558892799490812,-1.0,-1.0,0.13878758251667023,0.13878758251667023,0.0,0.0,0.0,0.0,-1.0,-1.0,0.0478409992865636
2,2025-02-23 10:00:00,10,382.92011,279.253829,327.442566,162.113294,45.043838,0.65,0.25,0.0,0.0,0.0,93.08460976928473,279.2538293078542,0.0,0.0,327.442566,81.8606415,0.0,0.0,0.0,0.0,450.0,300.0,450.0,300.0,0.9,0.5,350.7082292692848,0.0,0,3.0785417948209215e-07,0,0,0,0,False,0.0,4.263256414560601e-14,0.0,0.0,227.96034902503513,0.0,0.0,15.431162087848532,243.39151111288365,192.88952609810664,6.157083589641843e-09,0.0,0.0,243.39151111904073,-0.24339151111904073,-1.0,-1.0,0.03427344188094139,0.03427344188094139,0.0,0.0,0.0,0.0,-1.0,-1.0,0.01631699979043333
2,2025-02-23 11:00:00,11,402.303717,268.35601,320.674062,176.053056,61.444616,0.65,0.25,0.0,0.0,0.0,89.45200332440436,268.3560099732131,0.0,0.0,320.674062,80.1685155,2.678694954738603e-08,2.9763277274873367e-08,0.0,0.0,450.0,300.0,450.0,300.0,0.9,0.5,334.4265638244044,0.0,0,0.0,0,0,0,0,False,0.0,1.4210854715202004e-14,0.0,0.0,217.37726648586286,8.333717636964544e-09,0.0,14.714768808750007,232.09203530294658,183.9346101093751,0.0,0.0,0.0,232.09203530294658,-0.2320920353029466,-1.0,-1.0,-0.006088851951062679,-0.006088851951062679,0.0,0.0,0.0,0.0,-1.0,-1.0,0.01645600059418939
2,2025-02-23 12:00:00,12,411.88089,267.255355,352.296149,199.446244,80.134369,0.65,0.25,0.0,0.0,0.0,89.08511837013066,267.255355110392,0.0,0.0,352.296149,88.07403725,0.0,0.0,0.0,0.0,450.0,300.0,450.0,300.0,0.9,0.5,309.4594326201307,0.0,0,1.1039196579076815e-07,0,0,0,0,False,0.0,5.684341886080802e-14,0.0,0.0,201.14863120308496,0.0,0.0,13.616215035285752,214.76484623837072,170.2026879410719,2.207839315815363e-09,0.0,0.0,214.76484624057855,-0.21476484624057854,-1.0,-1.0,-0.010165351442992687,-0.010165351442992687,0.0,0.0,0.0,0.0,-1.0,-1.0,0.015984000128810294
2,2025-02-23 13:00:00,13,411.919276,233.952943,344.245618,188.098694,46.292236,0.65,0.25,0.0,0.0,0.0,77.98431381583214,233.9529414474964,0.0,0.0,344.245618,86.0614045,1.552503590573906e-06,1.7250039895265622e-06,0.0,0.0,450.0,300.0,450.0,300.0,0.9,0.5,341.5740643158322,0.0,0,0.0,0,0,0,0,False,0.0,4.263256414560601e-14,0.0,0.0,222.02314180529092,4.830011170674375e-07,0.0,15.02925885749668,237.0524011457887,187.8657357187085,0.0,0.0,0.0,237.0524011457887,-0.2370524011457887,-1.0,-1.0,-0.1335076242685318,-0.1335076242685318,0.0,0.0,0.0,0.0,-1.0,-1.0,0.016312000298057683
2,2025-02-23 14:00:00,14,384.362843,221.432723,314.143101,162.948858,51.495017,0.65,0.25,0.0,0.0,0.0,73.8109079003334,221.4327237010002,0.0,0.0,314.143101,78.53577525,0.0,0.0,0.0,0.0,450.0,300.0,450.0,300.0,0.9,0.5,322.26565115033344,0.0,0,7.010002036622609e-07,0,0,0,0,False,0.0,2.842170943040401e-14,0.0,0.0,209.47267324771676,0.0,0.0,14.179688650614674,223.65236189833143,177.24610813268342,1.4020004073245219e-08,0.0,0.0,223.65236191235144,-0.22365236191235144,-1.0,-1.0,-0.17987880110740662,-0.17987880110740662,0.0,0.0,0.0,0.0,-1.0,-1.0,0.015527999494224787
2,2025-02-23 15:00:00,15,373.484343,191.779526,280.516008,128.212505,40.433194,0.65,0.25,0.0,0.0,0.0,63.92650902271271,191.77952706813812,0.0,0.0,280.516008,70.129002,0.0,0.0,0.0,0.0,450.0,300.0,450.0,300.0,0.9,0.5,338.89415502271277,0.0,0,1.068138118398565e-06,0,0,0,0,False,0.0,1.4210854715202004e-14,0.0,0.0,220.2812007647633,0.0,0.0,14.911342820999364,235.19254358576265,186.39178526249205,2.13627623679713e-08,0.0,0.0,235.1925436071254,-0.2351925436071254,-1.0,-1.0,-0.28970545530319214,-0.28970545530319214,0.0,0.0,0.0,0.0,-1.0,-1.0,0.01569600044604158
2,2025-02-23 16:00:00,16,357.956831,202.005419,265.23769,94.342999,71.04303,0.65,0.25,0.0,0.0,0.0,67.33514070510864,202.00542211532593,0.0,0.0,265.23769,66.3094225,0.0,0.0,0.0,0.0,450.0,300.0,450.0,300.0,0.9,0.5,326.21536520510864,0.0,0,3.115325938551905e-06,0,0,0,0,False,0.0,-1.4210854715202004e-14,0.0,0.0,212.03998738332064,0.0,0.0,14.353476069024783,226.39346345234543,179.41845086280978,6.23065187710381e-08,0.0,0.0,226.39346351465196,-0.22639346351465195,-1.0,-1.0,-0.2518317699432373,-0.2518317699432373,0.0,0.0,0.0,0.0,-1.0,-1.0,0.017037999896274414
2,2025-02-23 17:00:00,17,334.486639,199.562264,224.233683,48.690451,72.013144,1.05,0.25,149.9999988824129,52.49999960884452,67.49999949708581,0.0,0.0,0.0,0.0,224.233683,56.05842075,132.0622645029142,296.73584833009534,120.0,0.0,450.0,300.0,323.6842105263158,300.0,0.6473684210526316,0.5,97.34146514115548,0.0,0,0.0,0,0,0,0,False,0.0,-2.1316282072803006e-14,0.0,0.0,102.20853839821326,83.0860375324267,3.5999999999999996,9.030798039492367,197.9253739701323,112.8849754936546,0.0,0.0,0.0,197.9253739701323,-0.19792537397013232,-0.1428571492433548,-0.1428571492433548,-1.0,-1.0,1.0,1.0,0.0,0.0,-1.0,-1.0,0.014008000107423868
2,2025-02-23 18:00:00,18,314.754227,181.487603,168.819931,0.0,92.185338,1.05,0.25,299.9999988824129,104.99999960884452,134.9999994970858,0.0,0.0,0.0,0.0,168.819931,42.20498275,46.4876035029142,351.6528916634287,69.99999761581421,0.0,323.6842105263158,300.0,250.00000250966923,300.0,0.5000000050193385,0.5,89.77387452534128,0.0,0,0.0,0,0,0,0,False,2.3416110384033573e-08,0.0,0.0,0.0,94.26256825160836,98.46280966576005,2.099999928474426,9.576496745729877,204.40187459157272,119.70620932162345,0.0,0.0,0.0,204.40187459157272,-0.20440187459157272,0.7142857313156128,0.7142857078995024,-1.0,-1.0,0.5833333134651184,0.5833333134651184,0.0,0.0,-1.0,-1.0,0.013500000022759195
2,2025-02-23 19:00:00,19,318.358104,195.598261,182.432974,0.0,76.305417,1.05,0.25,350.0,122.49999999999999,157.5,0.0,0.0,0.0,0.0,182.432974,45.6082435,38.09826100000001,392.3314011111111,2.3841858620698986e-06,0.0,250.00000250966923,300.0,249.99999999999991,300.0,0.49999999999999983,0.5,165.16092811581422,0.0,0,0.0,0,0,0,0,False,0.0,1.4210854715202004e-14,0.0,0.0,173.41897452160492,109.85279231111113,7.152557586209696e-08,13.544383254873607,296.8161501591152,169.30479068592007,0.0,0.0,0.0,296.8161501591152,-0.29681615015911517,1.0,1.0,-1.0,-1.0,1.9868215517249155e-08,1.9868215517249155e-08,0.0,0.0,-1.0,-1.0,0.012939000043843407
2,2025-02-23 20:00:00,20,296.689936,215.703195,158.676299,0.0,109.799686,1.05,0.25,350.0,122.49999999999999,157.5,0.0,0.0,0.0,0.0,158.676299,39.66907475,58.203194999999994,414.67021666666665,0.0,0.0,249.99999999999991,300.0,249.99999999999991,300.0,0.49999999999999983,0.5,104.05932474999999,0.0,0,0.0,0,0,0,0,False,0.0,-7.105427357601002e-15,0.0,0.0,109.2622909875,116.10766066666667,0.0,11.213333755666667,236.58328540983334,140.16667194583334,0.0,0.0,0.0,236.58328540983334,-0.23658328540983334,1.0,1.0,-1.0,-1.0,0.0,0.0,0.0,0.0,-1.0,-1.0,0.012149000212957617
2,2025-02-23 21:00:00,21,312.149864,229.180739,170.826975,0.0,132.755945,1.05,0.25,350.0,122.49999999999999,157.5,0.0,0.0,0.0,0.0,170.826975,42.70674375,71.68073899999999,429.6452655555555,0.0,0.0,249.99999999999991,300.0,249.99999999999991,300.0,0.49999999999999983,0.5,99.60066274999998,0.0,0,0.0,0,0,0,0,False,0.0,-1.4210854715202004e-14,0.0,0.0,104.58069588749999,120.30067435555556,0.0,11.256753409888889,236.13812365294442,140.7094176236111,0.0,0.0,0.0,236.13812365294442,-0.23613812365294443,1.0,1.0,-1.0,-1.0,0.0,0.0,0.0,0.0,-1.0,-1.0,0.01163300021289615
2,2025-02-23 22:00:00,22,265.490427,241.761439,171.187964,0.0,118.719961,0.65,0.25,200.0000011175871,70.00000039115548,90.00000050291419,50.58714598417282,151.76143795251846,0.0,0.0,171.187964,42.796991,5.445673423309927e-07,200.00000172266192,-4.487638364551933e-14,0.0,249.99999999999991,300.0,249.99999999999997,300.0,0.49999999999999994,0.5,170.1546025930174,0.0,0,0.0,0,0,0,0,False,0.0,-7.105427357601002e-15,0.0,0.0,110.60049168546131,56.00000048234534,1.3462915093655799e-15,10.686802541655357,177.287294709462,133.58503177069196,0.0,0.0,0.0,177.287294709462,-0.177287294709462,0.1428571492433548,0.1428571492433548,-0.43792060017585754,-0.43792060017585754,-3.739698637126611e-16,-3.739698637126611e-16,0.0,0.0,-1.0,-1.0,0.017309999748249538
2,2025-02-23 23:00:00,23,297.988458,262.150444,171.659388,0.0,126.135946,0.35,0.25,50.00000111758709,17.50000039115548,22.50000050291419,79.88348141312599,239.65044423937798,0.0,0.0,171.659388,42.914847,0.0,50.00000111758709,-2.991758909701289e-14,0.0,249.99999999999997,300.0,250.0,300.0,0.5,0.5,277.15084002197057,0.0,0,7.422921726174536e-07,0,0,0,0,False,2.3416110384033573e-08,6.394884621840902e-14,0.0,0.0,97.00279400768969,14.000000312924387,8.975276729103866e-16,12.994636978848101,123.99743129946218,162.43296223560125,1.4845843452349072e-08,0.0,0.0,123.99743131430802,-0.12399743131430802,-0.7142857313156128,-0.7142857078995024,-0.11240576207637787,-0.11240576207637787,-2.493132424751074e-16,-2.493132424751074e-16,0.0,0.0,-1.0,-1.0,0.01802400038286578
3,2025-02-24 00:00:00,0,240.814784,215.644553,141.351871,0.0,150.138421,0.35,0.25,0.0,0.0,0.0,71.88151717185974,215.64455151557922,0.0,0.0,141.351871,35.33796775,1.4844207782971353e-06,1.6493564203301503e-06,-120.0,0.0,250.0,300.0,364.0,300.0,0.728,0.5,317.8958479218598,0.0,0,0.0,0,0,0,0,False,0.0,4.973799150320701e-14,0.0,0.0,111.26354677265093,4.618197976924421e-07,3.5999999999999996,13.987417334951536,128.85096456942225,174.8427166868942,0.0,0.0,0.0,128.85096456942225,-0.12885096456942224,-1.0,-1.0,-0.2013164758682251,-0.2013164758682251,-1.0,-1.0,0.0,0.0,-1.0,-1.0,0.037045000681246165
3,2025-02-24 01:00:00,1,247.996661,252.41548,129.571409,0.0,118.55716,0.35,0.25,0.0,0.0,0.0,84.13849353790283,252.4154806137085,0.0,0.0,129.571409,32.39285225,0.0,0.0,-90.52631578947368,0.0,364.0,300.0,450.0,300.0,0.9,0.5,336.4971625773765,0.0,0,6.137084938018234e-07,0,0,0,0,False,0.24561403508771928,7.105427357601002e-15,0.0,0.0,117.77400690208177,0.0,2.7157894736842105,14.805875153404568,135.29567152917053,185.0734394175571,1.2274169876036468e-08,0.0,0.0,135.2956715414447,-0.1352956715414447,-1.0,-1.0,-0.06512784957885742,-0.06512784957885742,-1.0,-0.7543859649122807,0.0,0.0,-1.0,-1.0,0.026933000299322885
3,2025-02-24 02:00:00,2,232.441725,264.654062,149.559364,0.0,123.471811,0.35,0.25,0.0,0.0,0.0,88.21802062913775,264.65406188741326,0.0,0.0,149.559364,37.389841,1.1258674703640281e-07,1.2509638559600313e-07,0.0,0.0,450.0,300.0,450.0,300.0,0.9,0.5,234.57777562913776,0.0,0,0.0,0,0,0,0,False,0.0,2.1316282072803006e-14,0.0,0.0,82.10222147019822,3.502698796688088e-08,0.0,10.321422129683606,92.42364363490881,129.01777662104507,0.0,0.0,0.0,92.42364363490881,-0.09242364363490882,-1.0,-1.0,-0.019799770787358284,-0.019799770787358284,0.0,0.0,0.0,0.0,-1.0,-1.0,0.018839999938791152
3,2025-02-24 03:00:00,3,239.989672,268.209452,123.580958,0.0,127.695319,0.35,0.25,0.0,0.0,0.0,89.40315065905452,268.20945197716355,0.0,0.0,123.580958,30.8952395,2.2836445623397594e-08,2.5373828470441772e-08,0.0,0.0,450.0,300.0,450.0,300.0,0.9,0.5,232.59274315905458,0.0,0,0.0,0,0,0,0,False,0.0,3.197442310920451e-14,0.0,0.0,81.4074601056691,7.104671971723697e-09,0.0,10.234080699404384,91.64154081217816,127.9260087425548,0.0,0.0,0.0,91.64154081217816,-0.09164154081217817,-1.0,-1.0,-0.006631659343838692,-0.006631659343838692,0.0,0.0,0.0,0.0,-1.0,-1.0,0.01817599968489958
3,2025-02-24 04:00:00,4,217.515557,265.537074,138.956174,0.0,110.799383,0.35,0.25,0.0,0.0,0.0,88.51235803216696,265.5370740965009,0.0,0.0,138.956174,34.7390435,0.0,0.0,0.0,0.0,450.0,300.0,450.0,300.0,0.9,0.5,229.96757553216693,0.0,0,9.65008553066582e-08,0,0,0,0,False,0.0,-2.1316282072803006e-14,0.0,0.0,80.48865143625842,0.0,0.0,10.118573323415346,90.60722475967377,126.48216654269183,1.930017106133164e-09,0.0,0.0,90.60722476160379,-0.0906072247616038,-1.0,-1.0,-0.016529355198144913,-0.016529355198144913,0.0,0.0,0.0,0.0,-1.0,-1.0,0.01728999995975755
3,2025-02-24 05:00:00,5,236.514939,277.773589,139.941087,0.0,102.099532,0.35,0.25,0.0,0.0,0.0,92.59119629859924,277.77358889579773,0.0,0.0,139.941087,34.98527175,1.0420228591101477e-07,1.1578031767890529e-07,0.0,0.0,450.0,300.0,450.0,300.0,0.9,0.5,261.99187504859924,0.0,0,0.0,0,0,0,0,False,0.0,7.105427357601002e-15,0.0,0.0,91.69715626700973,3.241848895009349e-08,0.0,11.527642503990853,103.22479880341906,144.09553129988566,0.0,0.0,0.0,103.22479880341906,-0.10322479880341906,-1.0,-1.0,0.028791069984436035,0.028791069984436035,0.0,0.0,0.0,0.0,-1.0,-1.0,0.01864400019258028
3,2025-02-24 06:00:00,6,245.502048,282.857351,143.950029,0.0,82.672711,0.35,0.25,0.0,0.0,0.0,94.2857837677002,282.8573513031006,0.0,0.0,143.950029,35.98750725,0.0,0.0,0.0,0.0,450.0,300.0,450.0,300.0,0.9,0.5,293.1026280177002,0.0,0,3.031005917364382e-07,0,0,0,0,False,0.0,2.1316282072803006e-14,0.0,0.0,102.58591980619508,0.0,0.0,12.89651563277881,115.4824354389739,161.20644540973512,6.062011834728765e-09,0.0,0.0,115.4824354450359,-0.1154824354450359,-1.0,-1.0,0.04761981964111328,0.04761981964111328,0.0,0.0,0.0,0.0,-1.0,-1.0,0.01663999955781037
3,2025-02-24 07:00:00,7,256.881878,261.641567,172.139743,57.595007,93.544346,0.65,0.25,0.0,0.0,0.0,87.21385572105646,261.6415671631694,0.0,0.0,172.139743,43.03493575,0.0,0.0,0.0,0.0,450.0,300.0,450.0,300.0,0.9,0.5,235.99131647105642,0.0,0,1.6316937490046257e-07,0,0,0,0,False,0.0,-1.4210854715202004e-14,0.0,0.0,153.39435570618667,0.0,0.0,10.383617924726485,163.77797363091315,129.79522405908105,3.2633874980092516e-09,0.0,0.0,163.77797363417653,-0.16377797363417654,-1.0,-1.0,-0.030957158654928207,-0.030957158654928207,0.0,0.0,0.0,0.0,-1.0,-1.0,0.04719600019598147
3,2025-02-24 08:00:00,8,294.522814,252.191796,211.622845,107.208571,76.137936,0.65,0.25,0.0,0.0,0.0,84.06393215060234,252.19179645180702,0.0,0.0,211.622845,52.90571125,0.0,0.0,0.0,0.0,450.0,300.0,450.0,300.0,0.9,0.5,248.14595040060235,0.0,0,4.518070113590511e-07,0,0,0,0,False,0.0,2.1316282072803006e-14,0.0,0.0,161.29486776039153,0.0,0.0,10.918421817626504,172.21328957801802,136.4802727203313,9.036140227181022e-09,0.0,0.0,172.21328958705416,-0.17221328958705417,-1.0,-1.0,-0.06595630943775177,-0.06595630943775177,0.0,0.0,0.0,0.0,-1.0,-1.0,0.017250000382773578
3,2025-02-24 09:00:00,9,285.609786,241.88966,234.535055,147.284632,50.638944,0.65,0.25,0.0,0.0,0.0,80.6298865377903,241.8896596133709,0.0,0.0,234.535055,58.63376375,3.866290967380337e-07,4.295878852644819e-07,0.0,0.0,450.0,300.0,450.0,300.0,0.9,0.5,226.9498602877903,0.0,0,0.0,0,0,0,0,False,0.0,1.4210854715202004e-14,0.0,0.0,147.5174091870637,1.2028460787405494e-07,0.0,9.98579385953618,157.50320316688448,124.82242324420226,0.0,0.0,0.0,157.50320316688448,-0.1575032031668845,-1.0,-1.0,-0.10411237180233002,-0.10411237180233002,0.0,0.0,0.0,0.0,-1.0,-1.0,0.017211000340466853
3,2025-02-24 10:00:00,10,285.415209,220.913511,256.387628,180.081761,71.233834,0.65,0.25,0.0,0.0,0.0,73.63783702254295,220.91351106762886,0.0,0.0,256.387628,64.096907,0.0,0.0,0.0,0.0,450.0,300.0,450.0,300.0,0.9,0.5,171.83435802254294,0.0,0,6.76288607337483e-08,0,0,0,0,False,0.0,-1.4210854715202004e-14,0.0,0.0,111.69233271465292,0.0,0.0,7.560711752991891,119.25304446764481,94.50889691239863,1.352577214674966e-09,0.0,0.0,119.25304446899739,-0.11925304446899739,-1.0,-1.0,-0.18180181086063385,-0.18180181086063385,0.0,0.0,0.0,0.0,-1.0,-1.0,0.01637900004425319
3,2025-02-24 11:00:00,11,331.002482,215.745117,270.369118,203.022232,39.452012,0.65,0.25,0.0,0.0,0.0,71.91503942012787,215.7451182603836,0.0,0.0,270.369118,67.5922795,0.0,0.0,0.0,0.0,450.0,300.0,450.0,300.0,0.9,0.5,228.03555692012787,0.0,0,1.2603836125890666e-06,0,0,0,0,False,0.0,1.4210854715202004e-14,0.0,0.0,148.2231119980831,0.0,0.0,10.033564504485629,158.25667650256875,125.41955630607035,2.5207672251781332e-08,0.0,0.0,158.25667652777642,-0.15825667652777642,-1.0,-1.0,-0.20094400644302368,-0.20094400644302368,0.0,0.0,0.0,0.0,-1.0,-1.0,0.015745999917271547
3,2025-02-24 12:00:00,12,325.257764,191.904575,286.670128,218.695508,36.50972,0.65,0.25,0.0,0.0,0.0,63.96819055080414,191.90457165241241,0.0,0.0,286.670128,71.667532,3.347587579582978e-06,3.7195417550921975e-06,0.0,0.0,450.0,300.0,450.0,300.0,0.9,0.5,205.68825855080416,0.0,0,0.0,0,0,0,0,False,0.0,0.0,0.0,0.0,133.6973680580227,1.0414716914258153e-06,0.0,9.050283435748051,142.74765253524245,113.12854294685064,0.0,0.0,0.0,142.74765253524245,-0.14274765253524246,-1.0,-1.0,-0.28924232721328735,-0.28924232721328735,0.0,0.0,0.0,0.0,-1.0,-1.0,0.01614600023458479
3,2025-02-24 13:00:00,13,322.636065,191.208007,268.622497,194.748308,38.682054,0.65,0.25,0.0,0.0,0.0,63.73600244522095,191.20800733566284,0.0,0.0,268.622497,67.15562425,0.0,0.0,0.0,0.0,450.0,300.0,450.0,300.0,0.9,0.5,220.09732969522094,0.0,0,3.3566283264008234e-07,0,0,0,0,False,0.0,1.4210854715202004e-14,0.0,0.0,143.0632643018936,0.0,0.0,9.684282506589723,152.74754680848332,121.05353133237152,6.713256652801647e-09,0.0,0.0,152.74754681519659,-0.1527475468151966,-1.0,-1.0,-0.2918221950531006,-0.2918221950531006,0.0,0.0,0.0,0.0,-1.0,-1.0,0.015609000001859386
3,2025-02-24 14:00:00,14,319.48192,172.684097,253.24595,183.154343,51.960544,0.65,0.25,0.0,0.0,0.0,57.561366856098175,172.68410056829453,0.0,0.0,253.24595,63.3114875,0.0,0.0,0.0,0.0,450.0,300.0,450.0,300.0,0.9,0.5,205.23988735609817,0.0,0,3.5682945167536673e-06,0,0,0,0,False,0.0,0.0,0.0,0.0,133.40592678146382,0.0,0.0,9.03055504366832,142.43648182513215,112.881938045854,7.136589033507335e-08,0.0,0.0,142.43648189649804,-0.14243648189649805,-1.0,-1.0,-0.3604292571544647,-0.3604292571544647,0.0,0.0,0.0,0.0,-1.0,-1.0,0.015360999896074645
3,2025-02-24 15:00:00,15,299.566791,164.087956,236.589529,160.069845,66.598981,0.65,0.25,0.0,0.0,0.0,54.69598442316055,164.08795326948166,0.0,0.0,236.589529,59.14738225,2.730518332327847e-06,3.0339092581420523e-06,0.0,0.0,450.0,300.0,450.0,300.0,0.9,0.5,186.74133167316063,0.0,0,0.0,0,0,0,0,False,0.0,2.1316282072803006e-14,0.0,0.0,121.38186558755442,8.494945922797747e-07,0.0,8.216618642161617,129.59848507921063,102.70773302702021,0.0,0.0,0.0,129.59848507921063,-0.12959848507921062,-1.0,-1.0,-0.3922668397426605,-0.3922668397426605,0.0,0.0,0.0,0.0,-1.0,-1.0,0.015409999832627364
3,2025-02-24 16:00:00,16,290.555337,159.148934,201.953173,103.220153,60.382122,0.65,0.25,0.0,0.0,0.0,53.04964452981949,159.14893358945847,0.0,0.0,201.953173,50.48829325,4.105415314370475e-07,4.56157257152275e-07,0.0,0.0,450.0,300.0,450.0,300.0,0.9,0.5,230.49099977981948,0.0,0,0.0,0,0,0,0,False,0.0,-2.842170943040401e-14,0.0,0.0,149.81914985688266,1.2772403200263702e-07,0.0,10.141603997610574,159.96075398221728,126.77004997013218,0.0,0.0,0.0,159.96075398221728,-0.1599607539822173,-1.0,-1.0,-0.4105595052242279,-0.4105595052242279,0.0,0.0,0.0,0.0,-1.0,-1.0,0.02006799968512496
3,2025-02-24 17:00:00,17,263.407874,152.878438,174.056782,52.183086,58.42124,1.05,0.25,149.9999988824129,52.49999960884452,67.49999949708581,0.0,0.0,0.0,0.0,174.056782,43.5141955,85.37843850291418,244.86493055231756,120.0,0.0,450.0,300.0,323.6842105263158,300.0,0.6473684210526316,0.5,23.817743891155487,0.0,0,0.0,0,0,0,0,False,0.0,2.842170943040401e-14,0.0,0.0,25.00863108571326,68.56218055464892,3.5999999999999996,4.965819620047923,102.1366312604101,62.072745250599034,0.0,0.0,0.0,102.1366312604101,-0.1021366312604101,-0.1428571492433548,-0.1428571492433548,-1.0,-1.0,1.0,1.0,0.0,0.0,-1.0,-1.0,0.013945000318926759
3,2025-02-24 18:00:00,18,250.736893,157.27898,130.963171,0.0,95.076432,1.05,0.25,299.9999988824129,104.99999960884452,134.9999994970858,0.0,0.0,0.0,0.0,130.963171,32.74079275,22.27898050291418,324.7544216634287,69.99999761581421,0.0,323.6842105263158,300.0,250.00000250966923,300.0,0.5000000050193385,0.5,13.401256525341239,0.0,0,0.0,0,0,0,0,False,2.3416110384033573e-08,-2.842170943040401e-14,0.0,0.0,14.071319351608302,90.93123806576004,2.099999928474426,5.785726033729873,112.88828337957264,72.32157542162341,0.0,0.0,0.0,112.88828337957264,-0.11288828337957264,0.7142857313156128,0.7142857078995024,-1.0,-1.0,0.5833333134651184,0.5833333134651184,0.0,0.0,-1.0,-1.0,0.012513000001490582
3,2025-02-24 19:00:00,19,257.402912,163.436551,135.934933,0.0,79.921509,1.05,0.25,350.0,122.49999999999999,157.5,0.0,0.0,0.0,0.0,135.934933,33.98373325,5.936551000000009,356.5961677777778,2.3841858620698986e-06,0.0,250.00000250966923,300.0,249.99999999999991,300.0,0.49999999999999983,0.5,88.96513386581415,0.0,0,0.0,0,0,0,0,False,0.0,0.0,0.0,0.0,93.41339055910487,99.8469269777778,7.152557586209696e-08,9.620004574540268,202.8803221829485,120.25005718175333,0.0,0.0,0.0,202.8803221829485,-0.2028803221829485,1.0,1.0,-1.0,-1.0,1.9868215517249155e-08,1.9868215517249155e-08,0.0,0.0,-1.0,-1.0,0.14213000031304546
3,2025-02-24 20:00:00,20,264.506443,195.101333,116.00874,0.0,103.872636,1.05,0.25,350.0,122.49999999999999,157.5,0.0,0.0,0.0,0.0,116.00874,29.002185,37.60133300000001,391.7792588888889,0.0,0.0,249.99999999999991,300.0,249.99999999999991,300.0,0.49999999999999983,0.5,67.135992,0.0,0,0.0,0,0,0,0,False,0.0,-3.552713678800501e-15,0.0,0.0,70.4927916,109.69819248888889,0.0,9.222451790222223,189.41343587911115,115.2806473777778,0.0,0.0,0.0,189.41343587911115,-0.18941343587911114,1.0,1.0,-1.0,-1.0,0.0,0.0,0.0,0.0,-1.0,-1.0,0.01468800019210903
3,2025-02-24 21:00:00,21,237.726758,183.78372,144.153513,0.0,110.888919,1.05,0.25,350.0,122.49999999999999,157.5,0.0,0.0,0.0,0.0,144.153513,36.03837825,26.283719999999988,379.20413333333335,0.0,0.0,249.99999999999991,300.0,249.99999999999991,300.0,0.49999999999999983,0.5,40.37621725000004,0.0,0,0.0,0,0,0,0,False,0.0,2.1316282072803006e-14,0.0,0.0,42.39502811250004,106.17715733333334,0.0,7.843819692333336,156.41600513816672,98.0477461541667,0.0,0.0,0.0,156.41600513816672,-0.15641600513816672,1.0,1.0,-1.0,-1.0,0.0,0.0,0.0,0.0,-1.0,-1.0,0.01423699995939387
3,2025-02-24 22:00:00,22,238.837798,204.736914,128.189669,0.0,152.884057,0.65,0.25,200.0000011175871,70.00000039115548,90.00000050291419,38.24563980102539,114.73691940307617,0.0,0.0,128.189669,32.04741725,0.0,200.0000011175871,-4.487638364551933e-14,0.0,249.99999999999991,300.0,249.99999999999997,300.0,0.49999999999999994,0.5,86.24679765986998,0.0,0,5.905990349219792e-06,0,0,0,0,False,0.0,4.973799150320701e-14,0.0,0.0,56.060418478915494,56.00000031292439,1.3462915093655799e-15,6.994859114915673,119.05527790675555,87.43573893644592,1.1811980698439584e-07,0.0,0.0,119.05527802487535,-0.11905527802487535,0.1428571492433548,0.1428571492433548,-0.5750484466552734,-0.5750484466552734,-3.739698637126611e-16,-3.739698637126611e-16,0.0,0.0,-1.0,-1.0,0.019793999854300637
3,2025-02-24 23:00:00,23,233.1949,213.994051,134.477077,0.0,154.740141,0.35,0.25,50.00000111758709,17.50000039115548,22.50000050291419,63.83134961128235,191.49404883384705,0.0,0.0,134.477077,33.61926925,1.6632387769277557e-06,50.00000296563017,-2.991758909701289e-14,0.0,249.99999999999997,300.0,250.0,300.0,0.5,0.5,158.40537747012687,0.0,0,0.0,0,0,0,0,False,2.3416110384033573e-08,-2.842170943040401e-14,0.0,0.0,55.4418821145444,14.00000083037645,8.975276729103866e-16,7.769836656135665,77.21171960105652,97.12295820169581,0.0,0.0,0.0,77.21171960105652,-0.07721171960105652,-0.7142857313156128,-0.7142857078995024,-0.2907627820968628,-0.2907627820968628,-2.493132424751074e-16,-2.493132424751074e-16,0.0,0.0,-1.0,-1.0,0.01657699976931326
4,2025-02-25 00:00:00,0,305.020711,303.302601,181.642816,0.0,143.298753,0.35,0.25,0.0,0.0,0.0,101.10086716711521,303.30260150134563,0.0,0.0,181.642816,45.410704,0.0,0.0,-120.0,0.0,250.0,300.0,364.0,300.0,0.728,0.5,428.2335291671152,0.0,0,5.013456529923133e-07,0,0,0,0,False,0.0,7.105427357601002e-15,0.0,0.0,149.8817352084903,0.0,3.5999999999999996,18.84227528335307,172.32401049184338,235.52844104191337,1.0026913059846266e-08,0.0,0.0,172.3240105018703,-0.1723240105018703,-1.0,-1.0,0.12334296852350235,0.12334296852350235,-1.0,-1.0,0.0,0.0,-1.0,-1.0,0.039990000004763715
4,2025-02-25 01:00:00,1,308.594346,336.448303,198.353742,0.0,134.238815,0.35,0.25,0.0,0.0,0.0,112.14943394064903,336.4483018219471,0.0,0.0,198.353742,49.5884355,1.178052912109706e-06,1.3089476801218957e-06,-90.52631578947368,0.0,364.0,300.0,450.0,300.0,0.9,0.5,426.6197162301227,0.0,0,0.0,0,0,0,0,False,0.24561403508771928,0.0,0.0,0.0,149.31690068054294,3.6650535043413084e-07,2.7157894736842105,18.771267535068564,170.80395805580108,234.64084418835705,0.0,0.0,0.0,170.80395805580108,-0.17080395805580106,-1.0,-1.0,0.24610482156276703,0.24610482156276703,-1.0,-0.7543859649122807,0.0,0.0,-1.0,-1.0,0.022090000129537657
4,2025-02-25 02:00:00,2,306.846826,344.954753,179.803142,0.0,118.347785,0.35,0.25,0.0,0.0,0.0,114.98491644859314,344.9547493457794,0.0,0.0,179.803142,44.9507855,3.654220563475974e-06,4.06024507052886e-06,0.0,0.0,450.0,300.0,450.0,300.0,0.9,0.5,348.43474294859317,0.0,0,0.0,0,0,0,0,False,0.0,-7.105427357601002e-15,0.0,0.0,121.9521600320076,1.136868619748081e-06,0.0,15.331128754702021,137.28328992357825,191.63910943377527,0.0,0.0,0.0,137.28328992357825,-0.13728328992357824,-1.0,-1.0,0.277610182762146,0.277610182762146,0.0,0.0,0.0,0.0,-1.0,-1.0,0.020264999875507783
4,2025-02-25 03:00:00,3,316.041216,349.229591,191.386121,0.0,133.320276,0.35,0.25,0.0,0.0,0.0,116.40986412763596,349.22959238290787,0.0,0.0,191.386121,47.84653025,0.0,0.0,0.0,0.0,450.0,300.0,450.0,300.0,0.9,0.5,346.977334377636,0.0,0,1.3829078397975536e-06,0,0,0,0,False,0.0,5.684341886080802e-14,0.0,0.0,121.44206703217259,0.0,0.0,15.267002712615986,136.70906974478856,190.83753390769982,2.7658156795951072e-08,0.0,0.0,136.70906977244672,-0.13670906977244673,-1.0,-1.0,0.2934429347515106,0.2934429347515106,0.0,0.0,0.0,0.0,-1.0,-1.0,0.021597999875666574
4,2025-02-25 04:00:00,4,305.729477,372.213289,175.656596,0.0,95.764504,0.35,0.25,0.0,0.0,0.0,124.07109528779984,372.2132858633995,0.0,0.0,175.656596,43.914149,3.1366004691335547e-06,3.4851116323706165e-06,0.0,0.0,450.0,300.0,450.0,300.0,0.9,0.5,377.95021728779983,0.0,0,0.0,0,0,0,0,False,0.0,7.105427357601002e-15,0.0,0.0,132.28257605072994,9.758312570637727e-07,0.0,16.62980961642498,148.91238664298618,207.87262020531224,0.0,0.0,0.0,148.91238664298618,-0.14891238664298617,-1.0,-1.0,0.37856772541999817,0.37856772541999817,0.0,0.0,0.0,0.0,-1.0,-1.0,0.01923299987538485
4,2025-02-25 05:00:00,5,317.505448,368.244824,195.787296,0.0,85.141724,0.35,0.25,0.0,0.0,0.0,122.74827539920807,368.2448261976242,0.0,0.0,195.787296,48.946824,0.0,0.0,0.0,0.0,450.0,300.0,450.0,300.0,0.9,0.5,404.05882339920805,0.0,0,2.1976242123855627e-06,0,0,0,0,False,0.0,-7.105427357601002e-15,0.0,0.0,141.42058818972282,0.0,0.0,17.778588229565155,159.19917641928797,222.23235286956444,4.3952484247711256e-08,0.0,0.0,159.19917646324046,-0.15919917646324047,-1.0,-1.0,0.36386972665786743,0.36386972665786743,0.0,0.0,0.0,0.0,-1.0,-1.0,0.019529999917722307
4,2025-02-25 06:00:00,6,323.841255,353.033224,175.856279,0.0,73.102263,0.35,0.25,0.0,0.0,0.0,117.67774164676666,353.0332249403,0.0,0.0,175.856279,43.96406975,0.0,0.0,0.0,0.0,450.0,300.0,450.0,300.0,0.9,0.5,412.3808033967667,0.0,0,9.402999694430036e-07,0,0,0,0,False,0.0,2.1316282072803006e-14,0.0,0.0,144.33328118886834,0.0,0.0,18.144755349457736,162.47803653832608,226.80944186822168,1.8805999388860074e-08,0.0,0.0,162.47803655713207,-0.16247803655713208,-1.0,-1.0,0.3075304627418518,0.3075304627418518,0.0,0.0,0.0,0.0,-1.0,-1.0,0.017834000573202502
4,2025-02-25 07:00:00,7,354.355467,336.536345,230.985863,59.15225,80.962933,0.65,0.25,0.0,0.0,0.0,112.17878133058548,336.53634399175644,0.0,0.0,230.985863,57.74646575,1.0082435437652748e-06,1.1202706041836386e-06,0.0,0.0,450.0,300.0,450.0,300.0,0.9,0.5,384.1655310805854,0.0,0,0.0,0,0,0,0,False,0.0,-2.842170943040401e-14,0.0,0.0,249.70759520238053,3.1367576917141887e-07,0.0,16.90328338547009,266.6108789015264,211.29104231837613,0.0,0.0,0.0,266.6108789015264,-0.2666108789015264,-1.0,-1.0,0.246430903673172,0.246430903673172,0.0,0.0,0.0,0.0,-1.0,-1.0,0.015829999938432593
4,2025-02-25 08:00:00,8,372.041946,328.790359,279.361664,105.672348,71.502044,0.65,0.25,0.0,0.0,0.0,109.59678635001183,328.7903590500355,0.0,0.0,279.361664,69.840416,0.0,0.0,0.0,0.0,450.0,300.0,450.0,300.0,0.9,0.5,374.30475635001187,0.0,0,5.003545311410562e-08,0,0,0,0,False,0.0,5.684341886080802e-14,0.0,0.0,243.29809162750772,0.0,0.0,16.469409279400526,259.76750090690825,205.86761599250656,1.0007090622821124e-09,0.0,0.0,259.767500907909,-0.25976750090790895,-1.0,-1.0,0.21774207055568695,0.21774207055568695,0.0,0.0,0.0,0.0,-1.0,-1.0,0.015145999896049034
4,2025-02-25 09:00:00,9,400.291032,339.152293,299.93118,155.20617,49.822751,0.65,0.25,0.0,0.0,0.0,113.05076479911804,339.1522943973541,0.0,0.0,299.93118,74.982795,0.0,0.0,0.0,0.0,450.0,300.0,450.0,300.0,0.9,0.5,383.29567079911806,0.0,0,1.397354139953677e-06,0,0,0,0,False,0.0,1.4210854715202004e-14,0.0,0.0,249.14218601942673,0.0,0.0,16.865009515161198,266.00719553458794,210.81261893951495,2.7947082799073543e-08,0.0,0.0,266.007195562535,-0.266007195562535,-1.0,-1.0,0.25611960887908936,0.25611960887908936,0.0,0.0,0.0,0.0,-1.0,-1.0,0.016341999980795663
4,2025-02-25 10:00:00,10,417.136128,295.535571,347.720331,203.748169,67.954871,0.65,0.25,0.0,0.0,0.0,98.5118568688631,295.5355706065893,0.0,0.0,347.720331,86.93008275,3.934106871383847e-07,4.371229857093163e-07,0.0,0.0,450.0,300.0,450.0,300.0,0.9,0.5,330.8750276188631,0.0,0,0.0,0,0,0,0,False,0.0,0.0,0.0,0.0,215.06876795226103,1.223944359986086e-07,0.0,14.558501222223947,229.6272692968794,181.98126527779934,0.0,0.0,0.0,229.6272692968794,-0.2296272692968794,-1.0,-1.0,0.09457618743181229,0.09457618743181229,0.0,0.0,0.0,0.0,-1.0,-1.0,0.015087000065250322
4,2025-02-25 11:00:00,11,444.680692,282.418652,353.284014,224.917682,62.678692,0.65,0.25,0.0,0.0,0.0,94.13955073803663,282.4186522141099,0.0,0.0,353.284014,88.3210035,0.0,0.0,0.0,0.0,450.0,300.0,450.0,300.0,0.9,0.5,339.5448722380366,0.0,0,2.1410988892966998e-07,0,0,0,0,False,0.0,-4.263256414560601e-14,0.0,0.0,220.7041669547238,0.0,0.0,14.939974378473613,235.6441413331974,186.74967973092015,4.2821977785934e-09,0.0,0.0,235.6441413374796,-0.2356441413374796,-1.0,-1.0,0.04599500820040703,0.04599500820040703,0.0,0.0,0.0,0.0,-1.0,-1.0,0.015702999917266425
4,2025-02-25 12:00:00,12,427.160027,279.687149,371.777939,229.621305,42.850918,0.65,0.25,0.0,0.0,0.0,93.22904974222183,279.6871492266655,0.0,0.0,371.777939,92.94448475,0.0,0.0,0.0,0.0,450.0,300.0,450.0,300.0,0.9,0.5,340.8613384922219,0.0,0,2.266655201310641e-07,0,0,0,0,False,0.0,1.4210854715202004e-14,0.0,0.0,221.5598700199442,0.0,0.0,14.997898893657764,236.557768913602,187.47373617072205,4.533310402621282e-09,0.0,0.0,236.5577689181353,-0.23655776891813532,-1.0,-1.0,0.03587833046913147,0.03587833046913147,0.0,0.0,0.0,0.0,-1.0,-1.0,0.016033000065363012
4,2025-02-25 13:00:00,13,440.512163,249.713973,358.361209,214.018081,49.301192,0.65,0.25,0.0,0.0,0.0,83.23799081146717,249.7139724344015,0.0,0.0,358.361209,89.59030225,5.655984978147899e-07,6.284427753497665e-07,0.0,0.0,450.0,300.0,450.0,300.0,0.9,0.5,350.0211830614672,0.0,0,0.0,0,0,0,0,False,0.0,4.263256414560601e-14,0.0,0.0,227.5137689899537,1.7596397709793463e-07,0.0,15.400932064759644,242.9147012306773,192.51165080949553,0.0,0.0,0.0,242.9147012306773,-0.24291470123067732,-1.0,-1.0,-0.07513343542814255,-0.07513343542814255,0.0,0.0,0.0,0.0,-1.0,-1.0,0.015042000086396001
4,2025-02-25 14:00:00,14,411.528717,239.172901,342.442463,206.58853,52.733877,0.65,0.25,0.0,0.0,0.0,79.72430035471916,239.1729010641575,0.0,0.0,342.442463,85.61061575,0.0,0.0,0.0,0.0,450.0,300.0,450.0,300.0,0.9,0.5,317.54122610471916,0.0,0,6.415748998733761e-08,0,0,0,0,False,0.0,2.842170943040401e-14,0.0,0.0,206.40179696806746,0.0,0.0,13.971813948607645,220.3736109166751,174.64767435759555,1.2831497997467522e-09,0.0,0.0,220.37361091795825,-0.22037361091795823,-1.0,-1.0,-0.11417444050312042,-0.11417444050312042,0.0,0.0,0.0,0.0,-1.0,-1.0,0.02265700004500104
4,2025-02-25 15:00:00,15,388.344626,236.389354,326.119795,160.424816,62.846272,0.65,0.25,0.0,0.0,0.0,78.79645116627216,236.3893534988165,0.0,0.0,326.119795,81.52994875,5.011835071400128e-07,5.568705634889031e-07,0.0,0.0,450.0,300.0,450.0,300.0,0.9,0.5,325.39993791627217,0.0,0,0.0,0,0,0,0,False,0.0,-4.263256414560601e-14,0.0,0.0,211.5099596455769,1.559237577768929e-07,0.0,14.317597277225905,225.82755707872658,178.9699659653238,0.0,0.0,0.0,225.82755707872658,-0.2258275570787266,-1.0,-1.0,-0.1244838759303093,-0.1244838759303093,0.0,0.0,0.0,0.0,-1.0,-1.0,0.017729999854054768
4,2025-02-25 16:00:00,16,375.460339,226.108402,272.852382,113.257432,100.819959,0.65,0.25,0.0,0.0,0.0,75.36946713924408,226.10840141773224,0.0,0.0,272.852382,68.2130955,5.82267773552303e-07,6.469641928358922e-07,0.0,0.0,450.0,300.0,450.0,300.0,0.9,0.5,304.9655106392441,0.0,0,0.0,0,0,0,0,False,0.0,1.4210854715202004e-14,0.0,0.0,198.22758191550867,1.8114997399404982e-07,0.0,13.418482478478168,211.6460645751368,167.7310309809771,0.0,0.0,0.0,211.6460645751368,-0.2116460645751368,-1.0,-1.0,-0.16256147623062134,-0.16256147623062134,0.0,0.0,0.0,0.0,-1.0,-1.0,0.017767999452189542
4,2025-02-25 17:00:00,17,350.788067,226.653065,220.169557,58.493115,114.852991,1.05,0.25,149.9999988824129,52.49999960884452,67.49999949708581,0.0,0.0,0.0,0.0,220.169557,55.04238925,159.1530655029142,326.83673833009533,120.0,0.0,450.0,300.0,323.6842105263158,300.0,0.6473684210526316,0.5,59.98435064115546,0.0,0,0.0,0,0,0,0,False,0.0,-1.4210854715202004e-14,0.0,0.0,62.983568173213236,91.5142867324267,3.5999999999999996,7.868699241492366,165.9665541471323,98.35874051865457,0.0,0.0,0.0,165.9665541471323,-0.16596655414713232,-0.1428571492433548,-0.1428571492433548,-1.0,-1.0,1.0,1.0,0.0,0.0,-1.0,-1.0,0.013156999557395466
4,2025-02-25 18:00:00,18,321.987201,212.937746,174.446666,0.0,92.40532,1.05,0.25,299.9999988824129,104.99999960884452,134.9999994970858,0.0,0.0,0.0,0.0,174.446666,43.6116665,77.9377465029142,386.597494996762,69.99999761581421,0.0,323.6842105263158,300.0,250.00000250966923,300.0,0.5000000050193385,0.5,98.1935502753413,0.0,0,0.0,0,0,0,0,False,2.3416110384033573e-08,1.4210854715202004e-14,0.0,0.0,103.10322778910836,108.24729859909337,2.099999928474426,10.50607613206321,223.95660244873937,131.32595165079013,0.0,0.0,0.0,223.95660244873937,-0.22395660244873938,0.7142857313156128,0.7142857078995024,-1.0,-1.0,0.5833333134651184,0.5833333134651184,0.0,0.0,-1.0,-1.0,0.012857999536208808
4,2025-02-25 19:00:00,19,320.49249,212.632744,196.243838,0.0,112.120983,1.05,0.25,350.0,122.49999999999999,157.5,0.0,0.0,0.0,0.0,196.243838,49.0609595,55.132744,411.2586044444445,2.3841858620698986e-06,0.0,250.00000250966923,300.0,249.99999999999991,300.0,0.49999999999999983,0.5,134.93246411581418,0.0,0,0.0,0,0,0,0,False,0.0,2.1316282072803006e-14,0.0,0.0,141.6790873216049,115.15240924444446,7.152557586209696e-08,12.517166092206935,269.34866272978184,156.4645761525867,0.0,0.0,0.0,269.34866272978184,-0.26934866272978186,1.0,1.0,-1.0,-1.0,1.9868215517249155e-08,1.9868215517249155e-08,0.0,0.0,-1.0,-1.0,0.013263000255392399
4,2025-02-25 20:00:00,20,307.780405,246.661543,180.861227,0.0,100.674389,1.05,0.25,350.0,122.49999999999999,157.5,0.0,0.0,0.0,0.0,180.861227,45.21530675,89.161543,449.0683811111111,0.0,0.0,249.99999999999991,300.0,249.99999999999991,300.0,0.49999999999999983,0.5,129.82132274999998,0.0,0,0.0,0,0,0,0,False,0.0,-3.552713678800501e-14,0.0,0.0,136.3123888875,125.73914671111112,0.0,12.897232298777777,274.9487678973889,161.2154037347222,0.0,0.0,0.0,274.9487678973889,-0.2749487678973889,1.0,1.0,-1.0,-1.0,0.0,0.0,0.0,0.0,-1.0,-1.0,0.014987999747972935
4,2025-02-25 21:00:00,21,313.878611,238.200634,178.806115,0.0,124.466341,1.05,0.25,350.0,122.49999999999999,157.5,0.0,0.0,0.0,0.0,178.806115,44.70152875,80.70063400000001,439.66737111111115,0.0,0.0,249.99999999999991,300.0,249.99999999999991,300.0,0.49999999999999983,0.5,111.61379875000002,0.0,0,0.0,0,0,0,0,False,0.0,2.1316282072803006e-14,0.0,0.0,117.19448868750003,123.10686391111113,0.0,11.94568508277778,252.24703768138895,149.32106353472224,0.0,0.0,0.0,252.24703768138895,-0.25224703768138895,1.0,1.0,-1.0,-1.0,0.0,0.0,0.0,0.0,-1.0,-1.0,0.012575000255310442
4,2025-02-25 22:00:00,22,325.898513,262.058633,184.310034,0.0,129.284829,0.65,0.25,200.0000011175871,70.00000039115548,90.00000050291419,57.352878749370575,172.05863624811172,0.0,0.0,184.310034,46.0775085,0.0,200.0000011175871,-4.487638364551933e-14,0.0,249.99999999999991,300.0,249.99999999999997,300.0,0.49999999999999994,0.5,230.04407085821515,0.0,0,3.7510259289774694e-06,0,0,0,0,False,0.0,2.1316282072803006e-14,0.0,0.0,149.52864605783986,56.00000031292439,1.3462915093655799e-15,13.321939135642861,218.8505855064071,166.52423919553576,7.502051857954938e-08,0.0,0.0,218.85058558142762,-0.21885058558142761,0.1428571492433548,0.1428571492433548,-0.3627457916736603,-0.3627457916736603,-3.739698637126611e-16,-3.739698637126611e-16,0.0,0.0,-1.0,-1.0,0.01755599987518508
4,2025-02-25 23:00:00,23,326.243345,274.645597,195.94953,0.0,147.606404,0.35,0.25,50.00000111758709,17.50000039115548,22.50000050291419,84.04853224754333,252.14559674263,0.0,0.0,195.94953,48.9873825,0.0,50.00000111758709,-2.991758909701289e-14,0.0,249.99999999999997,300.0,250.0,300.0,0.5,0.5,294.1728553563879,0.0,0,2.455441858728591e-07,0,0,0,0,False,2.3416110384033573e-08,7.815970093361102e-14,0.0,0.0,102.96049937473576,14.000000312924387,8.975276729103866e-16,13.743605653562463,130.7041053412226,171.7950706695308,4.910883717457182e-09,0.0,0.0,130.70410534613347,-0.13070410534613347,-0.7142857313156128,-0.7142857078995024,-0.06612741947174072,-0.06612741947174072,-2.493132424751074e-16,-2.493132424751074e-16,0.0,0.0,-1.0,-1.0,0.01706100010778755
5,2025-02-26 00:00:00,0,248.331906,225.352701,146.03797,0.0,138.306354,0.35,0.25,0.0,0.0,0.0,75.11756747961044,225.35270243883133,0.0,0.0,146.03797,36.5094925,0.0,0.0,-120.0,0.0,250.0,300.0,364.0,300.0,0.728,0.5,341.65261197961047,0.0,0,1.4388313331892277e-06,0,0,0,0,False,0.0,2.1316282072803006e-14,0.0,0.0,119.57841419286366,0.0,3.5999999999999996,15.03271492710286,138.21112911996653,187.90893658878576,2.8776626663784556e-08,0.0,0.0,138.21112914874317,-0.13821112914874317,-1.0,-1.0,-0.16536036133766174,-0.16536036133766174,-1.0,-1.0,0.0,0.0,-1.0,-1.0,0.04542700025922386
5,2025-02-26 01:00:00,1,235.597293,245.221575,133.606774,0.0,108.923481,0.35,0.25,0.0,0.0,0.0,81.74052491784096,245.22157475352287,0.0,0.0,133.606774,33.4016935,2.464771284849121e-07,2.7386347609434677e-07,-90.52631578947368,0.0,364.0,300.0,450.0,300.0,0.9,0.5,332.34234620731473,0.0,0,0.0,0,0,0,0,False,0.24561403508771928,1.0658141036401503e-13,0.0,0.0,116.31982117256015,7.66817733064171e-08,2.7157894736842105,14.623063237503667,133.6586739604298,182.78829046879582,0.0,0.0,0.0,133.6586739604298,-0.1336586739604298,-1.0,-1.0,-0.09177194535732269,-0.09177194535732269,-1.0,-0.7543859649122807,0.0,0.0,-1.0,-1.0,0.02323399985471042
5,2025-02-26 02:00:00,2,243.25044,254.330871,132.98149,0.0,114.108054,0.35,0.25,0.0,0.0,0.0,84.77695684880018,254.33087054640055,0.0,0.0,132.98149,33.2453725,4.5359945488598896e-07,5.039993943177655e-07,0.0,0.0,450.0,300.0,450.0,300.0,0.9,0.5,247.16471534880026,0.0,0,0.0,0,0,0,0,False,0.0,5.684341886080802e-14,0.0,0.0,86.50765037208008,1.4111983040897435e-07,0.0,10.8752474834112,97.3828979966111,135.94059354264002,0.0,0.0,0.0,97.3828979966111,-0.09738289799661111,-1.0,-1.0,-0.058033812791109085,-0.058033812791109085,0.0,0.0,0.0,0.0,-1.0,-1.0,0.01949900070030708
5,2025-02-26 03:00:00,3,232.883472,261.811658,129.258302,0.0,114.356281,0.35,0.25,0.0,0.0,0.0,87.27055259048939,261.81165777146816,0.0,0.0,129.258302,32.3145755,2.2853186010252102e-07,2.539242890028011e-07,0.0,0.0,450.0,300.0,450.0,300.0,0.9,0.5,238.11231909048936,0.0,0,0.0,0,0,0,0,False,0.0,-3.552713678800501e-14,0.0,0.0,83.33931168167128,7.109880092078431e-08,0.0,10.476942044044321,93.8162537968144,130.96177555055402,0.0,0.0,0.0,93.8162537968144,-0.0938162537968144,-1.0,-1.0,-0.030327193439006805,-0.030327193439006805,0.0,0.0,0.0,0.0,-1.0,-1.0,0.01767899993865285
5,2025-02-26 04:00:00,4,243.556886,277.790998,121.468698,0.0,85.208507,0.35,0.25,0.0,0.0,0.0,92.59699925780296,277.7909977734089,0.0,0.0,121.468698,30.3671745,2.2659111209577532e-07,2.5176790232863925e-07,0.0,0.0,450.0,300.0,450.0,300.0,0.9,0.5,281.3125527578029,0.0,0,0.0,0,0,0,0,False,0.0,-5.3290705182007514e-14,0.0,0.0,98.45939346523102,7.049501265201899e-08,0.0,12.377752325371615,110.83714586109765,154.72190406714518,0.0,0.0,0.0,110.83714586109765,-0.11083714586109765,-1.0,-1.0,0.028855547308921814,0.028855547308921814,0.0,0.0,0.0,0.0,-1.0,-1.0,0.016723999578971416
5,2025-02-26 05:00:00,5,223.736987,268.421882,138.947971,0.0,64.693975,0.35,0.25,0.0,0.0,0.0,89.47396068368107,268.4218820510432,0.0,0.0,138.947971,34.73699275,0.0,0.0,0.0,0.0,450.0,300.0,450.0,300.0,0.9,0.5,283.25396543368106,0.0,0,5.1043230087088887e-08,0,0,0,0,False,0.0,1.4210854715202004e-14,0.0,0.0,99.13888790178837,0.0,0.0,12.463174479081967,111.60206238087034,155.7896809885246,1.0208646017417778e-09,0.0,0.0,111.6020623818912,-0.1116020623818912,-1.0,-1.0,-0.005844881292432547,-0.005844881292432547,0.0,0.0,0.0,0.0,-1.0,-1.0,0.017987000319408253
5,2025-02-26 06:00:00,6,245.075325,268.529213,140.082793,0.0,84.097622,0.35,0.25,0.0,0.0,0.0,89.50973766390234,268.529212991707,0.0,0.0,140.082793,35.02069825,8.293000064441003e-09,9.214444516045559e-09,0.0,0.0,450.0,300.0,450.0,300.0,0.9,0.5,285.50813891390237,0.0,0,0.0,0,0,0,0,False,0.0,3.552713678800501e-14,0.0,0.0,99.92784861986583,2.5800444644927568e-09,0.0,12.562358112359137,112.490206734805,157.0294764044892,0.0,0.0,0.0,112.490206734805,-0.112490206734805,-1.0,-1.0,-0.005447359289973974,-0.005447359289973974,0.0,0.0,0.0,0.0,-1.0,-1.0,0.01597299979039235
5,2025-02-26 07:00:00,7,261.248002,277.035184,166.516167,78.660418,57.464173,0.65,0.25,0.0,0.0,0.0,92.34506137669086,277.0351841300726,0.0,0.0,166.516167,41.62904175,0.0,0.0,0.0,0.0,450.0,300.0,450.0,300.0,0.9,0.5,259.09751412669084,0.0,0,1.300725784858514e-07,0,0,0,0,False,0.0,0.0,0.0,0.0,168.41338418234906,0.0,0.0,11.400290621574397,179.81367480392345,142.50363276967997,2.6014515697170282e-09,0.0,0.0,179.8136748065249,-0.17981367480652488,-1.0,-1.0,0.026056237518787384,0.026056237518787384,0.0,0.0,0.0,0.0,-1.0,-1.0,0.015047000488266349
5,2025-02-26 08:00:00,8,279.253947,259.035891,203.560689,152.378133,14.274439,0.65,0.25,0.0,0.0,0.0,86.34529709815979,259.03589129447937,0.0,0.0,203.560689,50.89017225,0.0,0.0,0.0,0.0,450.0,300.0,450.0,300.0,0.9,0.5,249.83684434815976,0.0,0,2.944793777714949e-07,0,0,0,0,False,0.0,-2.1316282072803006e-14,0.0,0.0,162.39394882630384,0.0,0.0,10.992821151319031,173.38676997762286,137.41026439148789,5.889587555429898e-09,0.0,0.0,173.38676998351244,-0.17338676998351243,-1.0,-1.0,-0.04060781002044678,-0.04060781002044678,0.0,0.0,0.0,0.0,-1.0,-1.0,0.015024000276753213
5,2025-02-26 09:00:00,9,316.228624,252.267179,249.489129,192.805131,31.02172,0.65,0.25,0.0,0.0,0.0,84.08905975520611,252.26717926561832,0.0,0.0,249.489129,62.37228225,0.0,0.0,0.0,0.0,450.0,300.0,450.0,300.0,0.9,0.5,238.86311500520617,0.0,0,2.656183255567157e-07,0,0,0,0,False,0.0,1.4210854715202004e-14,0.0,0.0,155.26102475338402,0.0,0.0,10.509977060229074,165.77100181361308,131.37471325286342,5.312366511134314e-09,0.0,0.0,165.77100181892544,-0.16577100181892543,-1.0,-1.0,-0.06567711383104324,-0.06567711383104324,0.0,0.0,0.0,0.0,-1.0,-1.0,0.025825999728112947
5,2025-02-26 10:00:00,10,309.562027,229.06362,248.154054,234.582932,71.874035,0.65,0.25,0.0,0.0,0.0,76.35454058647156,229.06362175941467,0.0,0.0,248.154054,62.0385135,0.0,0.0,0.0,0.0,450.0,300.0,450.0,300.0,0.9,0.5,141.49811408647156,0.0,0,1.759414686830496e-06,0,0,0,0,False,0.0,2.1316282072803006e-14,0.0,0.0,91.97377415620652,0.0,0.0,6.225917019804749,98.19969117601127,77.82396274755936,3.518829373660992e-08,0.0,0.0,98.19969121119956,-0.09819969121119956,-1.0,-1.0,-0.15161621570587158,-0.15161621570587158,0.0,0.0,0.0,0.0,-1.0,-1.0,0.022477000129583757
5,2025-02-26 11:00:00,11,328.909276,214.448587,259.567224,283.915335,47.44902,0.65,0.25,0.0,0.0,0.0,71.48286178708076,214.4485853612423,0.0,0.0,259.567224,64.891806,1.6387577090881678e-06,1.820841898986853e-06,0.0,0.0,450.0,300.0,450.0,300.0,0.9,0.5,133.91958878708067,0.0,0,0.0,0,0,0,0,False,0.0,-2.842170943040401e-14,0.0,0.0,87.04773271160244,5.098357317163189e-07,0.0,5.89246193576502,92.94019515720319,73.65577419706275,0.0,0.0,0.0,92.94019515720319,-0.0929401951572032,-1.0,-1.0,-0.20574598014354706,-0.20574598014354706,0.0,0.0,0.0,0.0,-1.0,-1.0,0.017207000382768456
5,2025-02-26 12:00:00,12,322.623983,203.948163,269.919744,265.437056,58.842261,0.65,0.25,0.0,0.0,0.0,67.98272117972374,203.94816353917122,0.0,0.0,269.919744,67.479936,0.0,0.0,0.0,0.0,450.0,300.0,450.0,300.0,0.9,0.5,133.80732317972377,0.0,0,5.391712250002456e-07,0,0,0,0,False,0.0,1.4210854715202004e-14,0.0,0.0,86.97476006682045,0.0,0.0,5.887522219907846,92.8622822867283,73.59402774884808,1.0783424500004913e-08,0.0,0.0,92.86228229751173,-0.09286228229751173,-1.0,-1.0,-0.2446364313364029,-0.2446364313364029,0.0,0.0,0.0,0.0,-1.0,-1.0,0.01609599985386012
5,2025-02-26 13:00:00,13,305.860305,195.34258,269.091671,266.52531,55.766561,0.65,0.25,0.0,0.0,0.0,65.11419385671616,195.34258157014847,0.0,0.0,269.091671,67.27291775,0.0,0.0,0.0,0.0,450.0,300.0,450.0,300.0,0.9,0.5,115.9555456067161,0.0,0,1.570148469909327e-06,0,0,0,0,False,0.0,-2.842170943040401e-14,0.0,0.0,75.37110464436547,0.0,0.0,5.102044006695508,80.47314865106098,63.77555008369386,3.140296939818654e-08,0.0,0.0,80.47314868246396,-0.08047314868246395,-1.0,-1.0,-0.27650895714759827,-0.27650895714759827,0.0,0.0,0.0,0.0,-1.0,-1.0,0.01637799960008124
5,2025-02-26 14:00:00,14,312.962636,165.395086,262.288416,240.597668,61.662932,0.65,0.25,0.0,0.0,0.0,55.13169586658478,165.39508759975433,0.0,0.0,262.288416,65.572104,0.0,0.0,0.0,0.0,450.0,300.0,450.0,300.0,0.9,0.5,131.4058358665847,0.0,0,1.5997543414414395e-06,0,0,0,0,False,0.0,-2.842170943040401e-14,0.0,0.0,85.41379331328007,0.0,0.0,5.781856778129728,91.19565009140979,72.2732097266216,3.199508682882879e-08,0.0,0.0,91.19565012340487,-0.09119565012340487,-1.0,-1.0,-0.38742560148239136,-0.38742560148239136,0.0,0.0,0.0,0.0,-1.0,-1.0,0.014492000445898157
5,2025-02-26 15:00:00,15,300.972125,167.199061,220.741625,189.390726,87.895906,0.65,0.25,0.0,0.0,0.0,55.733020305633545,167.19906091690063,0.0,0.0,220.741625,55.18540625,8.30993656109058e-08,9.2332628456562e-08,0.0,0.0,450.0,300.0,450.0,300.0,0.9,0.5,134.60391955563358,0.0,0,0.0,0,0,0,0,False,0.0,2.842170943040401e-14,0.0,0.0,87.49254771116183,2.5853135967837365e-08,0.0,5.9225724619252,93.41512019894017,74.032155774065,0.0,0.0,0.0,93.41512019894017,-0.09341512019894017,-1.0,-1.0,-0.38074421882629395,-0.38074421882629395,0.0,0.0,0.0,0.0,-1.0,-1.0,0.01741800042509567
5,2025-02-26 16:00:00,16,278.6468,158.859045,207.253325,136.819772,77.633814,0.65,0.25,0.0,0.0,0.0,52.95301526784897,158.8590458035469,0.0,0.0,207.253325,51.81333125,0.0,0.0,0.0,0.0,450.0,300.0,450.0,300.0,0.9,0.5,168.95956051784893,0.0,0,8.035468965772452e-07,0,0,0,0,False,0.0,-2.1316282072803006e-14,0.0,0.0,109.82371433660181,0.0,0.0,7.4342206627853535,117.25793499938716,92.92775828481692,1.6070937931544904e-08,0.0,0.0,117.2579350154581,-0.1172579350154581,-1.0,-1.0,-0.411633163690567,-0.411633163690567,0.0,0.0,0.0,0.0,-1.0,-1.0,0.01622299987502629
5,2025-02-26 17:00:00,17,262.053952,166.708853,164.429869,78.432728,85.067281,1.05,0.25,149.9999988824129,52.49999960884452,67.49999949708581,0.0,0.0,0.0,0.0,164.429869,41.10746725,99.2088535029142,260.23205833009536,120.0,0.0,450.0,300.0,323.6842105263158,300.0,0.6473684210526316,0.5,0.0,32.8385893588445,0,0.0,0,0,0,0,False,0.0,1.4210854715202004e-14,0.0,0.0,-8.209647339711125,72.8649763324267,3.5999999999999996,4.163712933281526,72.4190419259971,52.046411666019075,0.0,0.0,0.0,72.4190419259971,-0.0724190419259971,-0.1428571492433548,-0.1428571492433548,-1.0,-1.0,1.0,1.0,0.0,0.0,-1.0,-1.0,0.012954999874636997
5,2025-02-26 18:00:00,18,251.57634,159.918033,130.501121,0.0,107.966574,1.05,0.25,299.9999988824129,104.99999960884452,134.9999994970858,0.0,0.0,0.0,0.0,130.501121,32.62528025,24.9180335029142,327.6867027745398,69.99999761581421,0.0,323.6842105263158,300.0,250.00000250966923,300.0,0.5000000050193385,0.5,1.2350490253413113,0.0,0,0.0,0,0,0,0,False,2.3416110384033573e-08,2.842170943040401e-14,0.0,0.0,1.2968014766083769,91.75227677687116,2.099999928474426,5.297329401507656,100.44640758346162,66.2166175188457,0.0,0.0,0.0,100.44640758346162,-0.10044640758346163,0.7142857313156128,0.7142857078995024,-1.0,-1.0,0.5833333134651184,0.5833333134651184,0.0,0.0,-1.0,-1.0,0.013488999684341252
5,2025-02-26 19:00:00,19,225.836554,157.961303,125.62165,0.0,138.107856,1.05,0.25,350.0,122.49999999999999,157.5,0.0,0.0,0.0,0.0,125.62165,31.4054125,0.4613029999999867,350.51255888888886,2.3841858620698986e-06,0.0,250.00000250966923,300.0,249.99999999999991,300.0,0.49999999999999983,0.5,0.0,3.3658918841858565,0,0.0,0,0,0,0,False,0.0,-4.618527782440651e-14,0.0,0.0,-0.8414729710464641,98.14351648888889,7.152557586209696e-08,5.608200942222222,102.91024453159024,70.10251177777778,0.0,0.0,0.0,102.91024453159024,-0.10291024453159024,1.0,1.0,-1.0,-1.0,1.9868215517249155e-08,1.9868215517249155e-08,0.0,0.0,-1.0,-1.0,0.012194999726489186
5,2025-02-26 20:00:00,20,231.482337,178.823427,130.612307,0.0,116.658159,1.05,0.25,350.0,122.49999999999999,157.5,0.0,0.0,0.0,0.0,130.612307,32.65307675,21.32342700000001,373.6926966666667,0.0,0.0,249.99999999999991,300.0,249.99999999999991,300.0,0.49999999999999983,0.5,24.97725475,0.0,0,0.0,0,0,0,0,False,0.0,0.0,0.0,0.0,26.2261174875,104.63395506666669,0.0,7.078082355666667,137.93815490983337,88.47602944583333,0.0,0.0,0.0,137.93815490983337,-0.13793815490983338,1.0,1.0,-1.0,-1.0,0.0,0.0,0.0,0.0,-1.0,-1.0,0.01186400004371535
5,2025-02-26 21:00:00,21,240.750492,187.068693,155.925161,0.0,126.351814,1.05,0.25,350.0,122.49999999999999,157.5,0.0,0.0,0.0,0.0,155.925161,38.98129025,29.568692999999996,382.85410333333334,0.0,0.0,249.99999999999991,300.0,249.99999999999991,300.0,0.49999999999999983,0.5,30.87996825000006,0.0,0,0.0,0,0,0,0,False,0.0,2.842170943040401e-14,0.0,0.0,32.423966662500064,107.19914893333335,0.0,7.484384256333337,147.10749985216674,93.55480320416672,0.0,0.0,0.0,147.10749985216674,-0.14710749985216673,1.0,1.0,-1.0,-1.0,0.0,0.0,0.0,0.0,-1.0,-1.0,0.012005999451503158
5,2025-02-26 22:00:00,22,248.500344,217.204166,124.265629,0.0,132.157229,0.65,0.25,200.0000011175871,70.00000039115548,90.00000050291419,42.401390075683594,127.20417022705078,0.0,0.0,124.265629,31.06640725,0.0,200.0000011175871,-4.487638364551933e-14,0.0,249.99999999999991,300.0,249.99999999999997,300.0,0.49999999999999994,0.5,119.81091193452819,0.0,0,4.729964985017432e-06,0,0,0,0,False,0.0,2.4868995751603507e-14,0.0,0.0,77.87709275744332,56.00000031292439,1.3462915093655799e-15,8.471680143000635,142.34877321336836,105.89600178750793,9.459929970034864e-08,0.0,0.0,142.34877330796766,-0.14234877330796766,0.1428571492433548,0.1428571492433548,-0.5288734436035156,-0.5288734436035156,-3.739698637126611e-16,-3.739698637126611e-16,0.0,0.0,-1.0,-1.0,0.01650000012887176
5,2025-02-26 23:00:00,23,235.274698,211.873443,126.86886,0.0,116.395359,0.35,0.25,50.00000111758709,17.50000039115548,22.50000050291419,63.12448024749756,189.37344074249268,0.0,0.0,126.86886,31.717215,1.754593142777594e-06,50.000003067135026,-2.991758909701289e-14,0.0,249.99999999999997,300.0,250.0,300.0,0.5,0.5,196.22103385634213,0.0,0,0.0,0,0,0,0,False,2.3416110384033573e-08,1.0658141036401503e-14,0.0,0.0,68.67736184971974,14.000000858797808,8.975276729103866e-16,9.433725538753215,92.11108824727077,117.92156923441519,0.0,0.0,0.0,92.11108824727077,-0.09211108824727077,-0.7142857313156128,-0.7142857078995024,-0.298616886138916,-0.298616886138916,-2.493132424751074e-16,-2.493132424751074e-16,0.0,0.0,-1.0,-1.0,0.01800399968487909
6,2025-02-27 00:00:00,0,238.498392,219.784709,125.702372,0.0,112.73545,0.35,0.25,0.0,0.0,0.0,73.26157003641129,219.78471010923386,0.0,0.0,125.702372,31.425593,0.0,0.0,-120.0,0.0,250.0,300.0,364.0,300.0,0.728,0.5,350.45010503641123,0.0,0,1.1092338638718502e-06,0,0,0,0,False,0.0,-3.552713678800501e-14,0.0,0.0,122.65753676274392,0.0,3.5999999999999996,15.419804621602095,141.677341384346,192.7475577700262,2.2184677277437006e-08,0.0,0.0,141.67734140653067,-0.14167734140653068,-1.0,-1.0,-0.18598255515098572,-0.18598255515098572,-1.0,-1.0,0.0,0.0,-1.0,-1.0,0.03762400046980474
6,2025-02-27 01:00:00,1,241.323383,229.781685,142.996063,0.0,114.778037,0.35,0.25,0.0,0.0,0.0,76.59389555454254,229.78168666362762,0.0,0.0,142.996063,35.74901575,0.0,0.0,-90.52631578947368,0.0,364.0,300.0,450.0,300.0,0.9,0.5,329.4145730940163,0.0,0,1.663627614334473e-06,0,0,0,0,False,0.24561403508771928,4.263256414560601e-14,0.0,0.0,115.2951005829057,0.0,2.7157894736842105,14.494241216136718,132.50513127272663,181.17801520170897,3.3272552286689464e-08,0.0,0.0,132.50513130599919,-0.1325051313059992,-1.0,-1.0,-0.14895671606063843,-0.14895671606063843,-1.0,-0.7543859649122807,0.0,0.0,-1.0,-1.0,0.02215100084868027
6,2025-02-27 02:00:00,2,256.153532,248.974957,130.685244,0.0,99.336538,0.35,0.25,0.0,0.0,0.0,82.99165204167366,248.97495612502098,0.0,0.0,130.685244,32.671311,8.74979008358423e-07,9.721988981760255e-07,0.0,0.0,450.0,300.0,450.0,300.0,0.9,0.5,272.47995704167363,0.0,0,0.0,0,0,0,0,False,0.0,0.0,0.0,0.0,95.36798496458576,2.722156914892872e-07,0.0,11.989118125388826,107.35710336219027,149.8639765673603,0.0,0.0,0.0,107.35710336219027,-0.10735710336219027,-1.0,-1.0,-0.07787053287029266,-0.07787053287029266,0.0,0.0,0.0,0.0,-1.0,-1.0,0.018419999832985923
6,2025-02-27 03:00:00,3,237.769032,254.643742,120.307095,0.0,94.317908,0.35,0.25,0.0,0.0,0.0,84.88124717026949,254.64374151080847,0.0,0.0,120.307095,30.07677375,4.891915352800424e-07,5.435461503111583e-07,0.0,0.0,450.0,300.0,450.0,300.0,0.9,0.5,258.40914492026957,0.0,0,0.0,0,0,0,0,False,0.0,5.684341886080802e-14,0.0,0.0,90.44320072209435,1.5219292208712433e-07,0.0,11.3700023851886,101.81320325947587,142.1250298148575,0.0,0.0,0.0,101.81320325947587,-0.10181320325947588,-1.0,-1.0,-0.05687503144145012,-0.05687503144145012,0.0,0.0,0.0,0.0,-1.0,-1.0,0.04760899992106715
6,2025-02-27 04:00:00,4,240.49571,276.425217,152.13567,0.0,94.943391,0.35,0.25,0.0,0.0,0.0,92.14173903688788,276.42521711066365,0.0,0.0,152.13567,38.0339175,0.0,0.0,0.0,0.0,450.0,300.0,450.0,300.0,0.9,0.5,275.7279755368879,0.0,0,1.1066367733292282e-07,0,0,0,0,False,0.0,5.684341886080802e-14,0.0,0.0,96.50479143791077,0.0,0.0,12.13203092362307,108.63682236153383,151.65038654528837,2.2132735466584563e-09,0.0,0.0,108.6368223637471,-0.1086368223637471,-1.0,-1.0,0.02379710040986538,0.02379710040986538,0.0,0.0,0.0,0.0,-1.0,-1.0,0.01858199993876042
6,2025-02-27 05:00:00,5,248.061902,282.397381,151.298606,0.0,75.976562,0.35,0.25,0.0,0.0,0.0,94.13246031850576,282.3973809555173,0.0,0.0,151.298606,37.8246515,4.448270374268759e-08,4.942522638076399e-08,0.0,0.0,450.0,300.0,450.0,300.0,0.9,0.5,304.0424518185058,0.0,0,0.0,0,0,0,0,False,0.0,4.263256414560601e-14,0.0,0.0,106.41485813647702,1.3839063386613918e-08,0.0,13.377867880805061,119.79272603112115,167.22334851006326,0.0,0.0,0.0,119.79272603112115,-0.11979272603112115,-1.0,-1.0,0.045916225761175156,0.045916225761175156,0.0,0.0,0.0,0.0,-1.0,-1.0,0.017647000277065672
6,2025-02-27 06:00:00,6,236.397824,266.498083,133.789079,0.0,49.536018,0.35,0.25,0.0,0.0,0.0,88.83269433863461,266.49808301590383,0.0,0.0,133.789079,33.44726975,0.0,0.0,0.0,0.0,450.0,300.0,450.0,300.0,0.9,0.5,309.1417700886346,0.0,0,1.590382225913345e-08,0,0,0,0,False,0.0,-2.1316282072803006e-14,0.0,0.0,108.1996195310221,0.0,0.0,13.602237883899923,121.80185741492201,170.02797354874903,3.1807644518266897e-10,0.0,0.0,121.8018574152401,-0.12180185741524009,-1.0,-1.0,-0.012970062904059887,-0.012970062904059887,0.0,0.0,0.0,0.0,-1.0,-1.0,0.01738399987516459
6,2025-02-27 07:00:00,7,258.646505,242.447965,185.603168,53.973241,56.495822,0.65,0.25,0.0,0.0,0.0,80.81598825752735,242.44796477258205,0.0,0.0,185.603168,46.400792,2.2741795646652463e-07,2.526866182961385e-07,0.0,0.0,450.0,300.0,450.0,300.0,0.9,0.5,275.39422225752736,0.0,0,0.0,0,0,0,0,False,0.0,2.1316282072803006e-14,0.0,0.0,179.0062444673928,7.075225312291878e-08,0.0,12.117345783374192,191.12359032151926,151.4668222921774,0.0,0.0,0.0,191.12359032151926,-0.19112359032151927,-1.0,-1.0,-0.10204457491636276,-0.10204457491636276,0.0,0.0,0.0,0.0,-1.0,-1.0,0.017309999748249538
6,2025-02-27 08:00:00,8,299.007731,254.879668,216.292416,116.052609,75.301857,0.65,0.25,0.0,0.0,0.0,84.95988920331001,254.87966760993004,0.0,0.0,216.292416,54.073104,3.9006997099022556e-07,4.334110788780284e-07,0.0,0.0,450.0,300.0,450.0,300.0,0.9,0.5,246.68625820331,0.0,0,0.0,0,0,0,0,False,0.0,0.0,0.0,0.0,160.3460678321515,1.2135510208584797e-07,0.0,10.854195367880218,171.2002633213868,135.67744209850272,0.0,0.0,0.0,171.2002633213868,-0.17120026332138683,-1.0,-1.0,-0.05600123107433319,-0.05600123107433319,0.0,0.0,0.0,0.0,-1.0,-1.0,0.016078000044217333
6,2025-02-27 09:00:00,9,312.227346,242.666914,244.406673,158.108568,41.536621,0.65,0.25,0.0,0.0,0.0,80.88897116482258,242.66691349446774,0.0,0.0,244.406673,61.10166825,5.055322560565401e-07,5.61702506729489e-07,0.0,0.0,450.0,300.0,450.0,300.0,0.9,0.5,254.5727964148226,0.0,0,0.0,0,0,0,0,False,0.0,-1.4210854715202004e-14,0.0,0.0,165.4723176696347,1.5727670188425694e-07,0.0,11.201203051239435,176.67352087815084,140.01503814049295,0.0,0.0,0.0,176.67352087815084,-0.17667352087815083,-1.0,-1.0,-0.10123365372419357,-0.10123365372419357,0.0,0.0,0.0,0.0,-1.0,-1.0,0.016459999642393086
6,2025-02-27 10:00:00,10,330.069957,212.683381,259.180786,199.739427,70.164048,0.65,0.25,0.0,0.0,0.0,70.89446023106575,212.68338069319725,0.0,0.0,259.180786,64.7951965,3.068027467634238e-07,3.408919408482486e-07,0.0,0.0,450.0,300.0,450.0,300.0,0.9,0.5,195.85613873106576,0.0,0,0.0,0,0,0,0,False,0.0,2.842170943040401e-14,0.0,0.0,127.30649017519275,9.544974343750962e-08,0.0,8.617670109621166,135.92416038026366,107.72087637026456,0.0,0.0,0.0,135.92416038026366,-0.13592416038026367,-1.0,-1.0,-0.21228377521038055,-0.21228377521038055,0.0,0.0,0.0,0.0,-1.0,-1.0,0.01676400006545009
6,2025-02-27 11:00:00,11,302.265728,226.14545,263.856944,201.733055,36.364804,0.65,0.25,0.0,0.0,0.0,75.38181602954865,226.14544808864594,0.0,0.0,263.856944,65.964236,1.9113540759008174e-06,2.1237267510009083e-06,0.0,0.0,450.0,300.0,450.0,300.0,0.9,0.5,205.51392102954864,0.0,0,0.0,0,0,0,0,False,0.0,-2.842170943040401e-14,0.0,0.0,133.58404866920662,5.946434902802544e-07,0.0,9.04261255927977,142.6266618231299,113.03265699099711,0.0,0.0,0.0,142.6266618231299,-0.14262666182312989,-1.0,-1.0,-0.1624242663383484,-0.1624242663383484,0.0,0.0,0.0,0.0,-1.0,-1.0,0.042485999983910006
6,2025-02-27 12:00:00,12,311.113747,202.145121,264.084899,234.805623,50.224602,0.65,0.25,0.0,0.0,0.0,67.38170653581619,202.14511960744858,0.0,0.0,264.084899,66.02122475,1.392551411072418e-06,1.54727934563602e-06,0.0,0.0,450.0,300.0,450.0,300.0,0.9,0.5,159.4864532858162,0.0,0,0.0,0,0,0,0,False,0.0,-1.4210854715202004e-14,0.0,0.0,103.66619463578053,4.3323821677808565e-07,0.0,7.017403969332382,110.68359903835112,87.71754961665478,0.0,0.0,0.0,110.68359903835112,-0.11068359903835112,-1.0,-1.0,-0.2513143718242645,-0.2513143718242645,0.0,0.0,0.0,0.0,-1.0,-1.0,0.016761000551923644
6,2025-02-27 13:00:00,13,306.704788,181.321037,271.026368,197.032686,67.910521,0.65,0.25,0.0,0.0,0.0,60.44034540653229,181.32103621959686,0.0,0.0,271.026368,67.756592,7.804031270097767e-07,8.671145855664184e-07,0.0,0.0,450.0,300.0,450.0,300.0,0.9,0.5,169.95851840653228,0.0,0,0.0,0,0,0,0,False,0.0,1.4210854715202004e-14,0.0,0.0,110.47303696424598,2.427920839585972e-07,0.0,7.478174823761255,117.95121203079931,93.47718529701568,0.0,0.0,0.0,117.95121203079931,-0.11795121203079931,-1.0,-1.0,-0.3284406065940857,-0.3284406065940857,0.0,0.0,0.0,0.0,-1.0,-1.0,0.018183999600296374
6,2025-02-27 14:00:00,14,321.093441,182.718855,252.216361,186.52888,79.266277,0.65,0.25,0.0,0.0,0.0,60.90628534555435,182.71885603666306,0.0,0.0,252.216361,63.05409025,0.0,0.0,0.0,0.0,450.0,300.0,450.0,300.0,0.9,0.5,179.25865959555432,0.0,0,1.0366630647240527e-06,0,0,0,0,False,0.0,0.0,0.0,0.0,116.51812873711032,0.0,0.0,7.887381022204391,124.40550975931471,98.59226277755488,2.0733261294481054e-08,0.0,0.0,124.40550978004798,-0.12440550978004798,-1.0,-1.0,-0.3232634961605072,-0.3232634961605072,0.0,0.0,0.0,0.0,-1.0,-1.0,0.015482999515370466
6,2025-02-27 15:00:00,15,304.829819,153.561678,225.881172,151.502485,87.506134,0.65,0.25,0.0,0.0,0.0,51.18722587823868,153.56167763471603,0.0,0.0,225.881172,56.470293,3.6528396663015883e-07,4.058710740335098e-07,0.0,0.0,450.0,300.0,450.0,300.0,0.9,0.5,173.47871887823868,0.0,0,0.0,0,0,0,0,False,0.0,2.842170943040401e-14,0.0,0.0,112.76116727085514,1.1364390072938275e-07,0.0,7.63306363713644,120.39423102163549,95.4132954642055,0.0,0.0,0.0,120.39423102163549,-0.12039423102163549,-1.0,-1.0,-0.431253045797348,-0.431253045797348,0.0,0.0,0.0,0.0,-1.0,-1.0,0.01590899955772329
6,2025-02-27 16:00:00,16,272.381884,165.364349,191.8966,102.762074,97.640191,0.65,0.25,0.0,0.0,0.0,55.12144982814789,165.36434948444366,0.0,0.0,191.8966,47.97415,0.0,0.0,0.0,0.0,450.0,300.0,450.0,300.0,0.9,0.5,175.0752188281479,0.0,0,4.84443660297984e-07,0,0,0,0,False,0.0,7.105427357601002e-15,0.0,0.0,113.79889223829615,0.0,0.0,7.703309628438509,121.50220186673465,96.29137035548136,9.68887320595968e-09,0.0,0.0,121.50220187642353,-0.12150220187642352,-1.0,-1.0,-0.38753944635391235,-0.38753944635391235,0.0,0.0,0.0,0.0,-1.0,-1.0,0.015480000001844019
6,2025-02-27 17:00:00,17,258.831946,146.181467,166.964458,58.379805,107.780425,1.05,0.25,149.9999988824129,52.49999960884452,67.49999949708581,0.0,0.0,0.0,0.0,166.964458,41.7411145,78.68146750291419,237.42385166342868,120.0,0.0,450.0,300.0,323.6842105263158,300.0,0.6473684210526316,0.5,0.0,38.087169108844506,0,0.0,0,0,0,0,False,0.0,-4.973799150320701e-14,0.0,0.0,-9.521792277211127,66.47867846576004,3.5999999999999996,3.7987816266148595,64.35566781516377,47.48477033268574,0.0,0.0,0.0,64.35566781516377,-0.06435566781516378,-0.1428571492433548,-0.1428571492433548,-1.0,-1.0,1.0,1.0,0.0,0.0,-1.0,-1.0,0.014954000107536558
6,2025-02-27 18:00:00,18,240.683188,154.415392,148.314468,0.0,112.134443,1.05,0.25,299.9999988824129,104.99999960884452,134.9999994970858,0.0,0.0,0.0,0.0,148.314468,37.078617,19.415392502914187,321.5726572189842,69.99999761581421,0.0,323.6842105263158,300.0,250.00000250966923,300.0,0.5000000050193385,0.5,0.0,9.372635224658751,0,0.0,0,0,0,0,False,2.3416110384033573e-08,7.105427357601002e-15,0.0,0.0,-2.3431588061646877,90.04034402131559,2.099999928474426,5.145162515503747,94.94234765912908,64.31453144379684,0.0,0.0,0.0,94.94234765912908,-0.09494234765912908,0.7142857313156128,0.7142857078995024,-1.0,-1.0,0.5833333134651184,0.5833333134651184,0.0,0.0,-1.0,-1.0,0.013050999768893234
6,2025-02-27 19:00:00,19,239.994748,166.239603,146.209549,0.0,138.179208,1.05,0.25,350.0,122.49999999999999,157.5,0.0,0.0,0.0,0.0,146.209549,36.55238725,8.739602999999988,359.71067,2.3841858620698986e-06,0.0,250.00000250966923,300.0,249.99999999999991,300.0,0.49999999999999983,0.5,15.86792486581416,0.0,0,0.0,0,0,0,0,False,0.0,7.105427357601002e-15,0.0,0.0,16.66132110910487,100.7189876,7.152557586209696e-08,6.453559414095824,123.83386819472626,80.66949267619779,0.0,0.0,0.0,123.83386819472626,-0.12383386819472626,1.0,1.0,-1.0,-1.0,1.9868215517249155e-08,1.9868215517249155e-08,0.0,0.0,-1.0,-1.0,0.03677199947560439
6,2025-02-27 20:00:00,20,239.362864,185.992016,146.818909,0.0,130.319271,1.05,0.25,350.0,122.49999999999999,157.5,0.0,0.0,0.0,0.0,146.818909,36.70472725,28.492016000000007,381.65779555555554,0.0,0.0,249.99999999999991,300.0,249.99999999999991,300.0,0.49999999999999983,0.5,23.24832025000005,0.0,0,0.0,0,0,0,0,False,0.0,2.1316282072803006e-14,0.0,0.0,24.410736262500052,106.86418275555556,0.0,7.129450819888891,138.4043698379445,89.11813524861114,0.0,0.0,0.0,138.4043698379445,-0.1384043698379445,1.0,1.0,-1.0,-1.0,0.0,0.0,0.0,0.0,-1.0,-1.0,0.012070000593666919
6,2025-02-27 21:00:00,21,244.939881,184.09991,149.934234,0.0,130.132288,1.05,0.25,350.0,122.49999999999999,157.5,0.0,0.0,0.0,0.0,149.934234,37.4835585,26.599909999999994,379.55545555555557,0.0,0.0,249.99999999999991,300.0,249.99999999999991,300.0,0.49999999999999983,0.5,29.791151500000055,0.0,0,0.0,0,0,0,0,False,0.0,1.4210854715202004e-14,0.0,0.0,31.280709075000058,106.27552755555557,0.0,7.383697954888892,144.93993458544452,92.29622443611115,0.0,0.0,0.0,144.93993458544452,-0.14493993458544452,1.0,1.0,-1.0,-1.0,0.0,0.0,0.0,0.0,-1.0,-1.0,0.012323000191827305
6,2025-02-27 22:00:00,22,233.345229,189.212657,140.94425,0.0,146.644441,0.65,0.25,200.0000011175871,70.00000039115548,90.00000050291419,33.07088613510132,99.21265840530396,0.0,0.0,140.94425,35.2360625,0.0,200.0000011175871,-4.487638364551933e-14,0.0,249.99999999999991,300.0,249.99999999999997,300.0,0.49999999999999994,0.5,85.0077362439459,0.0,0,1.9082181381691043e-06,0,0,0,0,False,0.0,2.842170943040401e-14,0.0,0.0,55.25502855856484,56.00000031292439,1.3462915093655799e-15,6.940340412615013,118.19536928410425,86.75425515768767,3.816436276338209e-08,0.0,0.0,118.1953693222686,-0.11819536932226861,0.1428571492433548,0.1428571492433548,-0.6325457096099854,-0.6325457096099854,-3.739698637126611e-16,-3.739698637126611e-16,0.0,0.0,-1.0,-1.0,0.01839299966377439
6,2025-02-27 23:00:00,23,223.34539,214.286334,145.693567,0.0,153.19033,0.35,0.25,50.00000111758709,17.50000039115548,22.50000050291419,63.92877817153931,191.78633451461792,0.0,0.0,145.693567,36.42339175,0.0,50.00000111758709,-2.991758909701289e-14,0.0,249.99999999999997,300.0,250.0,300.0,0.5,0.5,153.00722953038388,0.0,0,1.017532099467644e-06,0,0,0,0,False,2.3416110384033573e-08,7.105427357601002e-15,0.0,0.0,53.55253033563436,14.000000312924387,8.975276729103866e-16,7.532318117218284,75.08484876577702,94.15397646522855,2.035064198935288e-08,0.0,0.0,75.08484878612767,-0.07508484878612766,-0.7142857313156128,-0.7142857078995024,-0.28968024253845215,-0.28968024253845215,-2.493132424751074e-16,-2.493132424751074e-16,0.0,0.0,-1.0,-1.0,0.017429000763513613
7,2025-02-28 00:00:00,0,288.855095,274.535963,163.332617,0.0,118.728849,0.35,0.25,0.0,0.0,0.0,91.51198770850897,274.5359631255269,0.0,0.0,163.332617,40.83315425,0.0,0.0,-120.0,0.0,250.0,300.0,364.0,300.0,0.728,0.5,422.471387958509,0.0,0,1.2552692396639031e-07,0,0,0,0,False,0.0,7.105427357601002e-15,0.0,0.0,147.86498578547815,0.0,3.5999999999999996,18.5887410701744,170.05372685565254,232.35926337717999,2.5105384793278063e-09,0.0,0.0,170.0537268581631,-0.17005372685816308,-1.0,-1.0,0.016799863427877426,0.016799863427877426,-1.0,-1.0,0.0,0.0,-1.0,-1.0,0.03801300044870004
7,2025-02-28 01:00:00,1,303.128278,288.694161,176.858629,0.0,79.977856,0.35,0.25,0.0,0.0,0.0,96.23138710856438,288.69416132569313,0.0,0.0,176.858629,44.21465725,0.0,0.0,-90.52631578947368,0.0,364.0,300.0,450.0,300.0,0.9,0.5,454.1227821480381,0.0,0,3.256931222495041e-07,0,0,0,0,False,0.24561403508771928,1.4210854715202004e-14,0.0,0.0,158.94297375181333,0.0,2.7157894736842105,19.981402414513678,181.6401656400112,249.76753018142097,6.513862444990082e-09,0.0,0.0,181.64016564652505,-0.18164016564652505,-1.0,-1.0,0.06923763453960419,0.06923763453960419,-1.0,-0.7543859649122807,0.0,0.0,-1.0,-1.0,0.023616000362380873
7,2025-02-28 02:00:00,2,313.330936,293.478775,173.105897,0.0,102.733083,0.35,0.25,0.0,0.0,0.0,97.82625809311867,293.478774279356,0.0,0.0,173.105897,43.27647425,7.206439818219224e-07,8.007155353576915e-07,0.0,0.0,450.0,300.0,450.0,300.0,0.9,0.5,351.70058534311863,0.0,0,0.0,0,0,0,0,False,0.0,-7.815970093361102e-14,0.0,0.0,123.09520487009151,2.2420034990015364e-07,0.0,15.474825767908671,138.57003086220053,193.4353220988584,0.0,0.0,0.0,138.57003086220053,-0.13857003086220052,-1.0,-1.0,0.08695842325687408,0.08695842325687408,0.0,0.0,0.0,0.0,-1.0,-1.0,0.019874999452440534
7,2025-02-28 03:00:00,3,273.735957,313.482894,159.116021,0.0,83.617161,0.35,0.25,0.0,0.0,0.0,104.4942981004715,313.4828943014145,0.0,0.0,159.116021,39.77900525,0.0,0.0,0.0,0.0,450.0,300.0,450.0,300.0,0.9,0.5,334.3920993504715,0.0,0,3.0141450224618893e-07,0,0,0,0,False,0.0,1.4210854715202004e-14,0.0,0.0,117.03723477266502,0.0,0.0,14.713252371420747,131.75048714408575,183.91565464275934,6.028290044923779e-09,0.0,0.0,131.75048715011405,-0.13175048715011406,-1.0,-1.0,0.16104775667190552,0.16104775667190552,0.0,0.0,0.0,0.0,-1.0,-1.0,0.018562000150268432
7,2025-02-28 04:00:00,4,293.229016,297.704179,160.456964,0.0,70.183379,0.35,0.25,0.0,0.0,0.0,99.23472627997398,297.70417883992195,0.0,0.0,160.456964,40.114241,1.6007805925255525e-07,1.7786451028061694e-07,0.0,0.0,450.0,300.0,450.0,300.0,0.9,0.5,362.394604279974,0.0,0,0.0,0,0,0,0,False,0.0,-7.105427357601002e-15,0.0,0.0,126.83811149799088,4.9802062878572747e-08,0.0,15.945362591164688,142.78347413895764,199.3170323895586,0.0,0.0,0.0,142.78347413895764,-0.14278347413895764,-1.0,-1.0,0.10260806977748871,0.10260806977748871,0.0,0.0,0.0,0.0,-1.0,-1.0,0.017535000552015845
7,2025-02-28 05:00:00,5,293.531591,314.320183,161.531842,0.0,30.835927,0.35,0.25,0.0,0.0,0.0,104.77339401841164,314.3201820552349,0.0,0.0,161.531842,40.3829605,9.44765076837939e-07,1.0497389742643766e-06,0.0,0.0,450.0,300.0,450.0,300.0,0.9,0.5,407.8520185184116,0.0,0,0.0,0,0,0,0,False,0.0,2.1316282072803006e-14,0.0,0.0,142.74820648144407,2.939269127940255e-07,0.0,17.945488831605935,160.69369560697692,224.3186103950742,0.0,0.0,0.0,160.69369560697692,-0.1606936956069769,-1.0,-1.0,0.16414882242679596,0.16414882242679596,0.0,0.0,0.0,0.0,-1.0,-1.0,0.016697999853931833
7,2025-02-28 06:00:00,6,289.06991,312.345715,153.843,0.0,65.758272,0.35,0.25,0.0,0.0,0.0,104.11523893475533,312.345716804266,0.0,0.0,153.843,38.46075,0.0,0.0,0.0,0.0,450.0,300.0,450.0,300.0,0.9,0.5,365.8876269347553,0.0,0,1.8042659917227866e-06,0,0,0,0,False,0.0,2.1316282072803006e-14,0.0,0.0,128.06066942716436,0.0,0.0,16.099055585129236,144.1597250122936,201.23819481411545,3.608531983445573e-08,0.0,0.0,144.1597250483789,-0.1441597250483789,-1.0,-1.0,0.15683598816394806,0.15683598816394806,0.0,0.0,0.0,0.0,-1.0,-1.0,0.016682999557815492
7,2025-02-28 07:00:00,7,320.533993,307.396033,209.853974,50.402551,45.484883,0.65,0.25,0.0,0.0,0.0,102.46534377336502,307.39603132009506,0.0,0.0,209.853974,52.4634935,1.6799049262772314e-06,1.8665610291969238e-06,0.0,0.0,450.0,300.0,450.0,300.0,0.9,0.5,379.5753962733651,0.0,0,0.0,0,0,0,0,False,0.0,2.842170943040401e-14,0.0,0.0,246.7240075776873,5.226370881751387e-07,0.0,16.70131746589304,263.42532556621745,208.76646832366302,0.0,0.0,0.0,263.42532556621745,-0.26342532556621745,-1.0,-1.0,0.1385038197040558,0.1385038197040558,0.0,0.0,0.0,0.0,-1.0,-1.0,0.017160999959742185
7,2025-02-28 08:00:00,8,324.03747,292.991656,248.415145,98.593207,32.445813,0.65,0.25,0.0,0.0,0.0,97.66388520598412,292.99165561795235,0.0,0.0,248.415145,62.10378625,3.820476308646903e-07,4.244973676274336e-07,0.0,0.0,450.0,300.0,450.0,300.0,0.9,0.5,352.7661214559841,0.0,0,0.0,0,0,0,0,False,0.0,-1.4210854715202004e-14,0.0,0.0,229.29797894638966,1.1885926293568142e-07,0.0,15.52170935085526,244.8196884161042,194.02136688569075,0.0,0.0,0.0,244.8196884161042,-0.24481968841610421,-1.0,-1.0,0.08515428006649017,0.08515428006649017,0.0,0.0,0.0,0.0,-1.0,-1.0,0.020296000002417713
7,2025-02-28 09:00:00,9,332.994525,291.170192,270.711597,126.646061,61.409821,0.65,0.25,0.0,0.0,0.0,97.05673098564148,291.17019295692444,0.0,0.0,270.711597,67.67789925,0.0,0.0,0.0,0.0,450.0,300.0,450.0,300.0,0.9,0.5,309.6732732356415,0.0,0,9.569244525664544e-07,0,0,0,0,False,0.0,0.0,0.0,0.0,201.28762760316698,0.0,0.0,13.625624022368227,214.9132516255352,170.32030027960283,1.9138489051329088e-08,0.0,0.0,214.9132516446737,-0.2149132516446737,-1.0,-1.0,0.0784081220626831,0.0784081220626831,0.0,0.0,0.0,0.0,-1.0,-1.0,0.01720100044622086
7,2025-02-28 10:00:00,10,353.51103,268.365831,299.328664,171.485764,65.898777,0.65,0.25,0.0,0.0,0.0,89.45527700241655,268.36583100724965,0.0,0.0,299.328664,74.832166,0.0,0.0,0.0,0.0,450.0,300.0,450.0,300.0,0.9,0.5,280.4139320024166,0.0,0,7.249639111250872e-09,0,0,0,0,False,0.0,2.842170943040401e-14,0.0,0.0,182.26905580157077,0.0,0.0,12.33821300810633,194.6072688096771,154.22766260132911,1.4499278222501745e-10,0.0,0.0,194.60726880982207,-0.19460726880982207,-1.0,-1.0,-0.00605247775092721,-0.00605247775092721,0.0,0.0,0.0,0.0,-1.0,-1.0,0.01563099976920057
7,2025-02-28 11:00:00,11,363.32602,256.342048,325.044516,176.944064,56.530831,0.65,0.25,0.0,0.0,0.0,85.44734917581081,256.34204752743244,0.0,0.0,325.044516,81.261129,4.72567535325652e-07,5.250750392507244e-07,0.0,0.0,450.0,300.0,450.0,300.0,0.9,0.5,296.5596031758109,0.0,0,0.0,0,0,0,0,False,0.0,4.263256414560601e-14,0.0,0.0,192.76374206427707,1.4702101099020286e-07,0.0,13.04862254813688,205.81236475943496,163.107781851711,0.0,0.0,0.0,205.81236475943496,-0.20581236475943496,-1.0,-1.0,-0.05058500915765762,-0.05058500915765762,0.0,0.0,0.0,0.0,-1.0,-1.0,0.01594100012880517
7,2025-02-28 12:00:00,12,387.732562,237.598935,326.941911,181.950558,55.716332,0.65,0.25,0.0,0.0,0.0,79.19964484870434,237.59893454611301,0.0,0.0,326.941911,81.73547775,4.5388699732029636e-07,5.043188859114404e-07,0.0,0.0,450.0,300.0,450.0,300.0,0.9,0.5,311.0007945987044,0.0,0,0.0,0,0,0,0,False,0.0,2.842170943040401e-14,0.0,0.0,202.15051648915784,1.4120928805520332e-07,0.0,13.684034970412098,215.8345516007792,171.0504371301512,0.0,0.0,0.0,215.8345516007792,-0.21583455160077922,-1.0,-1.0,-0.12000394612550735,-0.12000394612550735,0.0,0.0,0.0,0.0,-1.0,-1.0,0.0179899998329347
7,2025-02-28 13:00:00,13,391.16264,228.386053,318.280988,196.214634,76.976194,0.65,0.25,0.0,0.0,0.0,76.12868383526802,228.38605150580406,0.0,0.0,318.280988,79.570247,1.4941959420866624e-06,1.6602177134296248e-06,0.0,0.0,450.0,300.0,450.0,300.0,0.9,0.5,273.670742835268,0.0,0,0.0,0,0,0,0,False,0.0,0.0,0.0,0.0,177.88598284292422,4.64860959760295e-07,0.0,12.04151271131528,189.92749601910046,150.518908891441,0.0,0.0,0.0,189.92749601910046,-0.18992749601910047,-1.0,-1.0,-0.15412573516368866,-0.15412573516368866,0.0,0.0,0.0,0.0,-1.0,-1.0,0.015415000234497711
7,2025-02-28 14:00:00,14,371.550994,196.336999,297.813112,156.608146,97.287507,0.65,0.25,0.0,0.0,0.0,65.44566661119461,196.33699983358383,0.0,0.0,297.813112,74.453278,0.0,0.0,0.0,0.0,450.0,300.0,450.0,300.0,0.9,0.5,257.5542856111946,0.0,0,8.335838401762885e-07,0,0,0,0,False,0.0,1.4210854715202004e-14,0.0,0.0,167.41028564727648,0.0,0.0,11.332388566892561,178.74267421416903,141.65485708615702,1.667167680352577e-08,0.0,0.0,178.7426742308407,-0.1787426742308407,-1.0,-1.0,-0.2728259265422821,-0.2728259265422821,0.0,0.0,0.0,0.0,-1.0,-1.0,0.016832000255817547
7,2025-02-28 15:00:00,15,355.204342,181.924126,277.897543,144.69316,107.843828,0.65,0.25,0.0,0.0,0.0,60.64137428998947,181.92412286996841,0.0,0.0,277.897543,69.47438575,3.130031586806581e-06,3.4778128742295344e-06,0.0,0.0,450.0,300.0,450.0,300.0,0.9,0.5,232.78311403998947,0.0,0,0.0,0,0,0,0,False,0.0,1.4210854715202004e-14,0.0,0.0,151.30902412599315,9.737876047842697e-07,0.0,10.242457073404541,161.5514821731853,128.03071341755677,0.0,0.0,0.0,161.5514821731853,-0.1615514821731853,-1.0,-1.0,-0.3262069523334503,-0.3262069523334503,0.0,0.0,0.0,0.0,-1.0,-1.0,0.045602999307448044
7,2025-02-28 16:00:00,16,327.656048,182.1387,235.545561,100.945563,112.725901,0.65,0.25,0.0,0.0,0.0,60.71290075778961,182.13870227336884,0.0,0.0,235.545561,58.88639025,0.0,0.0,0.0,0.0,450.0,300.0,450.0,300.0,0.9,0.5,233.58387500778957,0.0,0,2.273368835403744e-06,0,0,0,0,False,0.0,-2.1316282072803006e-14,0.0,0.0,151.82951875506322,0.0,0.0,10.277690500342741,162.10720925540596,128.47113125428427,4.546737670807488e-08,0.0,0.0,162.10720930087334,-0.16210720930087333,-1.0,-1.0,-0.32541221380233765,-0.32541221380233765,0.0,0.0,0.0,0.0,-1.0,-1.0,0.016473999494337477
7,2025-02-28 17:00:00,17,309.839769,184.794153,199.46149,49.29254,151.912503,1.05,0.25,149.9999988824129,52.49999960884452,67.49999949708581,0.0,0.0,0.0,0.0,199.46149,49.8653725,117.29415350291418,280.3268361078731,120.0,0.0,450.0,300.0,323.6842105263158,300.0,0.6473684210526316,0.5,0.0,13.99990110884454,0,0.0,0,0,0,0,False,0.0,-2.1316282072803006e-14,0.0,0.0,-3.499975277211135,78.49151411020446,3.5999999999999996,4.48522937772597,83.0767682107193,56.06536722157462,0.0,0.0,0.0,83.0767682107193,-0.0830767682107193,-0.1428571492433548,-0.1428571492433548,-1.0,-1.0,1.0,1.0,0.0,0.0,-1.0,-1.0,0.012595000043802429
7,2025-02-28 18:00:00,18,272.749002,184.086759,187.492378,0.0,112.411375,1.05,0.25,299.9999988824129,104.99999960884452,134.9999994970858,0.0,0.0,0.0,0.0,187.492378,46.8730945,49.08675950291419,354.5408427745398,69.99999761581421,0.0,323.6842105263158,300.0,250.00000250966923,300.0,0.5000000050193385,0.5,32.21072427534125,0.0,0,0.0,0,0,0,0,False,2.3416110384033573e-08,-2.1316282072803006e-14,0.0,0.0,33.82126048910831,99.27143597687115,2.099999928474426,7.0899253525076515,142.28262174696155,88.62406690634565,0.0,0.0,0.0,142.28262174696155,-0.14228262174696155,0.7142857313156128,0.7142857078995024,-1.0,-1.0,0.5833333134651184,0.5833333134651184,0.0,0.0,-1.0,-1.0,0.012022999726468697
7,2025-02-28 19:00:00,19,292.10995,187.81008,168.414037,0.0,128.189112,1.05,0.25,350.0,122.49999999999999,157.5,0.0,0.0,0.0,0.0,168.414037,42.10350925,30.31008,383.67786666666666,2.3841858620698986e-06,0.0,250.00000250966923,300.0,249.99999999999991,300.0,0.49999999999999983,0.5,83.52434486581419,0.0,0,0.0,0,0,0,0,False,0.0,0.0,0.0,0.0,87.7005621091049,107.42980266666667,7.152557586209696e-08,9.813917040762492,204.94428188805963,122.67396300953115,0.0,0.0,0.0,204.94428188805963,-0.20494428188805963,1.0,1.0,-1.0,-1.0,1.9868215517249155e-08,1.9868215517249155e-08,0.0,0.0,-1.0,-1.0,0.0136500002554385
7,2025-02-28 20:00:00,20,301.307684,210.025012,168.925461,0.0,129.666666,1.05,0.25,350.0,122.49999999999999,157.5,0.0,0.0,0.0,0.0,168.925461,42.23136525,52.525012000000004,408.36112444444444,0.0,0.0,249.99999999999991,300.0,249.99999999999991,300.0,0.49999999999999983,0.5,91.37238325000003,0.0,0,0.0,0,0,0,0,False,0.0,7.105427357601002e-15,0.0,0.0,95.94100241250003,114.34111484444445,0.0,10.554162854111114,220.8362801110556,131.92703567638893,0.0,0.0,0.0,220.8362801110556,-0.2208362801110556,1.0,1.0,-1.0,-1.0,0.0,0.0,0.0,0.0,-1.0,-1.0,0.012635000530281104
7,2025-02-28 21:00:00,21,289.333957,228.725511,162.21945,0.0,143.672509,1.05,0.25,350.0,122.49999999999999,157.5,0.0,0.0,0.0,0.0,162.21945,40.5548625,71.22551100000001,429.13945666666666,0.0,0.0,249.99999999999991,300.0,249.99999999999991,300.0,0.49999999999999983,0.5,63.716310500000034,0.0,0,0.0,0,0,0,0,False,0.0,1.4210854715202004e-14,0.0,0.0,66.90212602500004,120.15904786666668,0.0,9.669748968666669,196.7309228603334,120.87186210833336,0.0,0.0,0.0,196.7309228603334,-0.19673092286033342,1.0,1.0,-1.0,-1.0,0.0,0.0,0.0,0.0,-1.0,-1.0,0.011798999366874341
7,2025-02-28 22:00:00,22,284.541495,236.852291,162.239442,0.0,127.890277,0.65,0.25,200.0000011175871,70.00000039115548,90.00000050291419,48.95076245069504,146.8522873520851,0.0,0.0,162.239442,40.5598605,3.1450007043076766e-06,200.0000046120323,-4.487638364551933e-14,0.0,249.99999999999991,300.0,249.99999999999997,300.0,0.49999999999999994,0.5,176.16184055953963,0.0,0,0.0,0,0,0,0,False,0.0,1.4210854715202004e-14,0.0,0.0,114.50519636370076,56.00000129136905,1.3462915093655799e-15,10.951121058412262,181.4563187134821,136.88901323015327,0.0,0.0,0.0,181.4563187134821,-0.18145631871348208,0.1428571492433548,0.1428571492433548,-0.4561026394367218,-0.4561026394367218,-3.739698637126611e-16,-3.739698637126611e-16,0.0,0.0,-1.0,-1.0,0.018170999283029232
7,2025-02-28 23:00:00,23,284.651942,248.454983,163.842961,0.0,131.104108,0.35,0.25,50.00000111758709,17.50000039115548,22.50000050291419,75.31832814216614,225.9549844264984,0.0,0.0,163.842961,40.96074025,0.0,50.00000111758709,-2.991758909701289e-14,0.0,249.99999999999997,300.0,250.0,300.0,0.5,0.5,252.32690200101072,0.0,0,1.9294126047952886e-06,0,0,0,0,False,2.3416110384033573e-08,1.4210854715202004e-14,0.0,0.0,88.31441570035375,14.000000312924387,8.975276729103866e-16,11.902383705925866,114.216799719204,148.77979632407332,3.858825209590577e-08,0.0,0.0,114.21679975779226,-0.11421679975779225,-0.7142857313156128,-0.7142857078995024,-0.16312968730926514,-0.16312968730926514,-2.493132424751074e-16,-2.493132424751074e-16,0.0,0.0,-1.0,-1.0,0.017063000086636748
8,2025-03-01 00:00:00,0,247.975906,266.26644,149.940564,0.0,97.536607,0.35,0.25,0.0,0.0,0.0,88.7554799951613,266.2664399854839,0.0,0.0,149.940564,37.485141,1.4516103874484543e-08,1.6129004304982825e-08,-120.0,0.0,250.0,300.0,364.0,300.0,0.728,0.5,396.6799199951613,0.0,0,0.0,0,0,0,0,False,0.0,0.0,0.0,0.0,138.83797199830644,4.5161212053951915e-09,3.5999999999999996,17.453916480045162,159.89188848286773,218.17395600056454,0.0,0.0,0.0,159.89188848286773,-0.15989188848286773,-1.0,-1.0,-0.01382800005376339,-0.01382800005376339,-1.0,-1.0,0.0,0.0,-1.0,-1.0,0.0367560005543055
8,2025-03-01 01:00:00,1,258.521521,279.095483,162.164047,0.0,88.709998,0.35,0.25,0.0,0.0,0.0,93.03182758390903,279.0954827517271,0.0,0.0,162.164047,40.54101175,2.482728973518533e-07,2.758587748353926e-07,-90.52631578947368,0.0,364.0,300.0,450.0,300.0,0.9,0.5,393.91067812338275,0.0,0,0.0,0,0,0,0,False,0.24561403508771928,4.973799150320701e-14,0.0,0.0,137.86873734318397,7.724045695390993e-08,2.7157894736842105,17.332069841842582,157.9165967359512,216.6508730230323,0.0,0.0,0.0,157.9165967359512,-0.1579165967359512,-1.0,-1.0,0.03368697315454483,0.03368697315454483,-1.0,-0.7543859649122807,0.0,0.0,-1.0,-1.0,0.027965999834123068
8,2025-03-01 02:00:00,2,271.811877,280.04447,149.553909,0.0,73.05925,0.35,0.25,0.0,0.0,0.0,93.3481565862894,280.0444697588682,0.0,0.0,149.553909,37.38847725,2.4113177232720773e-07,2.6792419147467524e-07,0.0,0.0,450.0,300.0,450.0,300.0,0.9,0.5,329.48926083628936,0.0,0,0.0,0,0,0,0,False,0.0,-7.105427357601002e-15,0.0,0.0,115.32124129270127,7.501877361290907e-08,0.0,14.497527481083521,129.81876884880356,181.219093513544,0.0,0.0,0.0,129.81876884880356,-0.12981876884880356,-1.0,-1.0,0.037201739847660065,0.037201739847660065,0.0,0.0,0.0,0.0,-1.0,-1.0,0.020249000044714194
8,2025-03-01 03:00:00,3,267.409632,290.841412,155.89918,0.0,76.021636,0.35,0.25,0.0,0.0,0.0,96.94713726639748,290.84141179919243,0.0,0.0,155.89918,38.974795,2.0080756257812027e-07,2.231195139756892e-07,0.0,0.0,450.0,300.0,450.0,300.0,0.9,0.5,327.30992826639743,0.0,0,0.0,0,0,0,0,False,0.0,-2.842170943040401e-14,0.0,0.0,114.5584748932391,6.247346391319298e-08,0.0,14.4016368472914,128.96011180300394,180.0204605911425,0.0,0.0,0.0,128.96011180300394,-0.12896011180300393,-1.0,-1.0,0.07719041407108307,0.07719041407108307,0.0,0.0,0.0,0.0,-1.0,-1.0,0.01826799962145742
8,2025-03-01 04:00:00,4,253.506723,290.75845,146.844292,0.0,70.368142,0.35,0.25,0.0,0.0,0.0,96.91948302090168,290.75844906270504,0.0,0.0,146.844292,36.711073,9.37294942104927e-07,1.04143882456103e-06,0.0,0.0,450.0,300.0,450.0,300.0,0.9,0.5,316.76913702090167,0.0,0,0.0,0,0,0,0,False,0.0,2.842170943040401e-14,0.0,0.0,110.86919795731558,2.9160287087708845e-07,0.0,13.937842045582695,124.80704029450115,174.2230255697837,0.0,0.0,0.0,124.80704029450115,-0.12480704029450115,-1.0,-1.0,0.07688314467668533,0.07688314467668533,0.0,0.0,0.0,0.0,-1.0,-1.0,0.017200999536726158
8,2025-03-01 05:00:00,5,252.753831,291.838938,161.118954,0.0,48.771145,0.35,0.25,0.0,0.0,0.0,97.27964602410793,291.8389380723238,0.0,0.0,161.118954,40.2797385,0.0,0.0,0.0,0.0,450.0,300.0,450.0,300.0,0.9,0.5,341.54207052410794,0.0,0,7.23238144928473e-08,0,0,0,0,False,0.0,7.105427357601002e-15,0.0,0.0,119.53972468343777,0.0,0.0,15.027851103060751,134.5675757864985,187.84813878825938,1.4464762898569461e-09,0.0,0.0,134.56757578794497,-0.13456757578794498,-1.0,-1.0,0.08088495582342148,0.08088495582342148,0.0,0.0,0.0,0.0,-1.0,-1.0,0.0192300003618584
8,2025-03-01 06:00:00,6,252.238113,302.002593,157.849582,0.0,52.983696,0.35,0.25,0.0,0.0,0.0,100.66753081977367,302.002592459321,0.0,0.0,157.849582,39.4623955,5.406789682638191e-07,6.007544091820213e-07,0.0,0.0,450.0,300.0,450.0,300.0,0.9,0.5,339.3843433197737,0.0,0,0.0,0,0,0,0,False,0.0,1.4210854715202004e-14,0.0,0.0,118.78452016192078,1.6821123457096598e-07,0.0,14.932911115682113,133.71743144581413,186.66138894602642,0.0,0.0,0.0,133.71743144581413,-0.13371743144581413,-1.0,-1.0,0.11852812021970749,0.11852812021970749,0.0,0.0,0.0,0.0,-1.0,-1.0,0.018462999832991045
8,2025-03-01 07:00:00,7,289.703822,285.012632,183.657204,59.977068,54.177651,0.65,0.25,0.0,0.0,0.0,95.00421077013016,285.0126323103905,0.0,0.0,183.657204,45.914301,0.0,0.0,0.0,0.0,450.0,300.0,450.0,300.0,0.9,0.5,316.4676147701302,0.0,0,3.1039047598824254e-07,0,0,0,0,False,0.0,2.1316282072803006e-14,0.0,0.0,205.70394960058462,0.0,0.0,13.92457504988573,219.62852465047035,174.05718812357162,6.207809519764851e-09,0.0,0.0,219.62852465667817,-0.21962852465667818,-1.0,-1.0,0.05560234189033508,0.05560234189033508,0.0,0.0,0.0,0.0,-1.0,-1.0,0.01660799989622319
8,2025-03-01 08:00:00,8,303.273964,279.772748,224.212617,117.85829,48.665154,0.65,0.25,0.0,0.0,0.0,93.25758274644613,279.7727482393384,0.0,0.0,224.212617,56.05315425,0.0,0.0,0.0,0.0,450.0,300.0,450.0,300.0,0.9,0.5,286.0612569964461,0.0,0,2.393384193055681e-07,0,0,0,0,False,0.0,-2.1316282072803006e-14,0.0,0.0,185.93981704768998,0.0,0.0,12.586695307843629,198.5265123555336,157.33369134804536,4.786768386111362e-09,0.0,0.0,198.52651236032037,-0.19852651236032037,-1.0,-1.0,0.036195363849401474,0.036195363849401474,0.0,0.0,0.0,0.0,-1.0,-1.0,0.017470000784669537
8,2025-03-01 09:00:00,9,326.163203,259.122725,246.069278,183.579478,46.571743,0.65,0.25,0.0,0.0,0.0,86.37424182146788,259.12272546440363,0.0,0.0,246.069278,61.5173195,0.0,0.0,0.0,0.0,450.0,300.0,450.0,300.0,0.9,0.5,243.90354332146788,0.0,0,4.644036266654439e-07,0,0,0,0,False,0.0,-1.4210854715202004e-14,0.0,0.0,158.53730315895413,0.0,0.0,10.731755906144588,169.26905906509873,134.14694882680735,9.288072533308878e-09,0.0,0.0,169.2690590743868,-0.1692690590743868,-1.0,-1.0,-0.04028620198369026,-0.04028620198369026,0.0,0.0,0.0,0.0,-1.0,-1.0,0.016664000213495456
8,2025-03-01 10:00:00,10,345.133438,244.938252,287.116995,205.138072,65.102819,0.65,0.25,0.0,0.0,0.0,81.64608366787434,244.938251003623,0.0,0.0,287.116995,71.77924875,9.963769969090208e-07,1.1070855521211342e-06,0.0,0.0,450.0,300.0,450.0,300.0,0.9,0.5,228.3178794178744,0.0,0,0.0,0,0,0,0,False,0.0,2.842170943040401e-14,0.0,0.0,148.40662162161837,3.099839545939176e-07,0.0,10.045986712099843,158.45260864370218,125.57483390124804,0.0,0.0,0.0,158.45260864370218,-0.15845260864370217,-1.0,-1.0,-0.09282129257917404,-0.09282129257917404,0.0,0.0,0.0,0.0,-1.0,-1.0,0.17792400012694998
8,2025-03-01 11:00:00,11,353.392477,229.758828,297.916545,254.577359,73.973262,0.65,0.25,0.0,0.0,0.0,76.58627539873123,229.7588261961937,0.0,0.0,297.916545,74.47913625,1.8038062989944592e-06,2.004229221104955e-06,0.0,0.0,450.0,300.0,450.0,300.0,0.9,0.5,175.90726764873125,0.0,0,0.0,0,0,0,0,False,0.0,1.4210854715202004e-14,0.0,0.0,114.33972397167531,5.611841819093874e-07,0.0,7.739919808611845,122.07964434147134,96.74899760764805,0.0,0.0,0.0,122.07964434147134,-0.12207964434147134,-1.0,-1.0,-0.14904138445854187,-0.14904138445854187,0.0,0.0,0.0,0.0,-1.0,-1.0,0.01920300019264687
8,2025-03-01 12:00:00,12,347.558978,227.51674,299.443738,255.14543,64.881665,0.65,0.25,0.0,0.0,0.0,75.83891272544861,227.51673817634583,0.0,0.0,299.443738,74.8609345,1.8236541734495404e-06,2.026282414943934e-06,0.0,0.0,450.0,300.0,450.0,300.0,0.9,0.5,178.2317302254486,0.0,0,0.0,0,0,0,0,False,0.0,-1.4210854715202004e-14,0.0,0.0,115.85062464654159,5.673590761843015e-07,0.0,7.842196162340257,123.69282137624093,98.02745202925321,0.0,0.0,0.0,123.69282137624093,-0.12369282137624092,-1.0,-1.0,-0.15734541416168213,-0.15734541416168213,0.0,0.0,0.0,0.0,-1.0,-1.0,0.017303000277024694
8,2025-03-01 13:00:00,13,347.45417,208.415998,306.367581,227.021048,90.496394,0.65,0.25,0.0,0.0,0.0,69.47199895977974,208.41599687933922,0.0,0.0,306.367581,76.59189525,1.1206607837266347e-06,1.2451786485851496e-06,0.0,0.0,450.0,300.0,450.0,300.0,0.9,0.5,176.0006222097797,0.0,0,0.0,0,0,0,0,False,0.0,0.0,0.0,0.0,114.40040443635681,3.486500216038419e-07,0.0,7.7440273971531655,122.14443218215999,96.80034246441457,0.0,0.0,0.0,122.14443218215999,-0.12214443218215999,-1.0,-1.0,-0.22808890044689178,-0.22808890044689178,0.0,0.0,0.0,0.0,-1.0,-1.0,0.01642300048843026
8,2025-03-01 14:00:00,14,368.207526,190.340127,290.70122,203.269723,106.689263,0.65,0.25,0.0,0.0,0.0,63.44671010971069,190.34013032913208,0.0,0.0,290.70122,72.675305,0.0,0.0,0.0,0.0,450.0,300.0,450.0,300.0,0.9,0.5,194.37055510971066,0.0,0,3.3291320846728922e-06,0,0,0,0,False,0.0,-1.4210854715202004e-14,0.0,0.0,126.34086082131194,0.0,0.0,8.55230442482727,134.8931652461392,106.90380531034087,6.658264169345784e-08,0.0,0.0,134.89316531272183,-0.13489316531272183,-1.0,-1.0,-0.29503655433654785,-0.29503655433654785,0.0,0.0,0.0,0.0,-1.0,-1.0,0.057160000324074645
8,2025-03-01 15:00:00,15,303.048799,173.931165,261.635753,187.253998,117.623395,0.65,0.25,0.0,0.0,0.0,57.97705560922623,173.93116682767868,0.0,0.0,261.635753,65.40893825,0.0,0.0,0.0,0.0,450.0,300.0,450.0,300.0,0.9,0.5,121.55739985922622,0.0,0,1.8276786875048856e-06,0,0,0,0,False,0.0,0.0,0.0,0.0,79.01230990849704,0.0,0.0,5.348525593805954,84.360835502303,66.85656992257442,3.655357375009771e-08,0.0,0.0,84.36083553885658,-0.08436083553885658,-1.0,-1.0,-0.3558104932308197,-0.3558104932308197,0.0,0.0,0.0,0.0,-1.0,-1.0,0.01682600031926995
8,2025-03-01 16:00:00,16,322.471112,172.761993,218.861914,125.880359,110.230057,0.65,0.25,0.0,0.0,0.0,57.587330639362335,172.761991918087,0.0,0.0,218.861914,54.7154785,1.0819129840911046e-06,1.2021255378790051e-06,0.0,0.0,450.0,300.0,450.0,300.0,0.9,0.5,198.66350513936237,0.0,0,0.0,0,0,0,0,False,0.0,1.4210854715202004e-14,0.0,0.0,129.13127834058554,3.365951506061215e-07,0.0,8.741194245365953,137.87247292254665,109.26492806707442,0.0,0.0,0.0,137.87247292254665,-0.13787247292254665,-1.0,-1.0,-0.36014077067375183,-0.36014077067375183,0.0,0.0,0.0,0.0,-1.0,-1.0,0.01547800002299482
8,2025-03-01 17:00:00,17,287.60619,175.497994,187.728877,59.687503,120.338297,1.05,0.25,149.9999988824129,52.49999960884452,67.49999949708581,0.0,0.0,0.0,0.0,187.728877,46.93221925,107.9979945029142,269.99777055231755,120.0,0.0,450.0,300.0,323.6842105263158,300.0,0.6473684210526316,0.5,0.0,17.987390358844493,0,0.0,0,0,0,0,False,0.0,0.0,0.0,0.0,-4.496847589711123,75.59937575464892,3.5999999999999996,4.319964328837081,79.02249249377488,53.999554110463514,0.0,0.0,0.0,79.02249249377488,-0.07902249249377488,-0.1428571492433548,-0.1428571492433548,-1.0,-1.0,1.0,1.0,0.0,0.0,-1.0,-1.0,0.0132610002765432
8,2025-03-01 18:00:00,18,281.079659,168.44264,151.657913,0.0,147.042948,1.05,0.25,299.9999988824129,104.99999960884452,134.9999994970858,0.0,0.0,0.0,0.0,151.657913,37.91447825,33.4426405029142,337.15848833009534,69.99999761581421,0.0,323.6842105263158,300.0,250.00000250966923,300.0,0.5000000050193385,0.5,0.0,3.048807974658729,0,0.0,0,0,0,0,False,2.3416110384033573e-08,2.842170943040401e-14,0.0,0.0,-0.7622019936646822,94.4043767324267,2.099999928474426,5.394535813281526,101.13671048051796,67.43169766601908,0.0,0.0,0.0,101.13671048051796,-0.10113671048051796,0.7142857313156128,0.7142857078995024,-1.0,-1.0,0.5833333134651184,0.5833333134651184,0.0,0.0,-1.0,-1.0,0.013076999493932817
8,2025-03-01 19:00:00,19,259.339366,187.344451,154.445125,0.0,142.391399,1.05,0.25,350.0,122.49999999999999,157.5,0.0,0.0,0.0,0.0,154.445125,38.61128125,29.844450999999992,383.1605011111111,2.3841858620698986e-06,0.0,250.00000250966923,300.0,249.99999999999991,300.0,0.49999999999999983,0.5,33.05924586581412,0.0,0,0.0,0,0,0,0,False,0.0,-7.105427357601002e-15,0.0,0.0,34.712208159104826,107.28494031111111,7.152557586209696e-08,7.5851748358736,149.5823233776151,94.81468544842,0.0,0.0,0.0,149.5823233776151,-0.1495823233776151,1.0,1.0,-1.0,-1.0,1.9868215517249155e-08,1.9868215517249155e-08,0.0,0.0,-1.0,-1.0,0.013826999747834634
8,2025-03-01 20:00:00,20,286.732367,196.431049,155.606543,0.0,115.934943,1.05,0.25,350.0,122.49999999999999,157.5,0.0,0.0,0.0,0.0,155.606543,38.90163575,38.931049,393.2567211111111,0.0,0.0,249.99999999999991,300.0,249.99999999999991,300.0,0.49999999999999983,0.5,87.19905975000005,0.0,0,0.0,0,0,0,0,False,0.0,2.842170943040401e-14,0.0,0.0,91.55901273750005,110.11188191111113,0.0,10.128866166777781,211.79976081538896,126.61082708472227,0.0,0.0,0.0,211.79976081538896,-0.21179976081538895,1.0,1.0,-1.0,-1.0,0.0,0.0,0.0,0.0,-1.0,-1.0,0.014674999874841888
8,2025-03-01 21:00:00,21,269.905157,197.234442,146.356597,0.0,125.932004,1.05,0.25,350.0,122.49999999999999,157.5,0.0,0.0,0.0,0.0,146.356597,36.58914925,39.734442,394.14938,0.0,0.0,249.99999999999991,300.0,249.99999999999991,300.0,0.49999999999999983,0.5,58.06230224999997,0.0,0,0.0,0,0,0,0,False,0.0,-7.105427357601002e-15,0.0,0.0,60.96541736249998,110.36182640000001,0.0,8.861131379,180.1883751415,110.7641422375,0.0,0.0,0.0,180.1883751415,-0.1801883751415,1.0,1.0,-1.0,-1.0,0.0,0.0,0.0,0.0,-1.0,-1.0,0.014070000361243729
8,2025-03-01 22:00:00,22,255.500372,229.39154,143.494276,0.0,136.808431,0.65,0.25,200.0000011175871,70.00000039115548,90.00000050291419,46.4638477563858,139.3915432691574,0.0,0.0,143.494276,35.873569,0.0,200.0000011175871,-4.487638364551933e-14,0.0,249.99999999999991,300.0,249.99999999999997,300.0,0.49999999999999994,0.5,131.0293573652303,0.0,0,3.7720716079547856e-06,0,0,0,0,False,0.0,-5.684341886080802e-14,0.0,0.0,85.1690822873997,56.00000031292439,1.3462915093655799e-15,8.965291741951528,150.1343743422756,112.0661467743941,7.544143215909571e-08,0.0,0.0,150.13437441771703,-0.15013437441771701,0.1428571492433548,0.1428571492433548,-0.48373502492904663,-0.48373502492904663,-3.739698637126611e-16,-3.739698637126611e-16,0.0,0.0,-1.0,-1.0,0.023780999981681816
8,2025-03-01 23:00:00,23,264.895672,223.562992,155.427609,0.0,130.978218,0.35,0.25,50.00000111758709,17.50000039115548,22.50000050291419,67.02099770307541,201.06299310922623,0.0,0.0,155.427609,38.85690225,0.0,50.00000111758709,-2.991758909701289e-14,0.0,249.99999999999997,300.0,250.0,300.0,0.5,0.5,222.29535356191997,0.0,0,1.6121404087243718e-06,0,0,0,0,False,2.3416110384033573e-08,2.1316282072803006e-14,0.0,0.0,77.80337374667198,14.000000312924387,8.975276729103866e-16,10.580995574605872,102.38436963420224,132.2624446825734,3.2242808174487435e-08,0.0,0.0,102.38436966644505,-0.10238436966644505,-0.7142857313156128,-0.7142857078995024,-0.25532224774360657,-0.25532224774360657,-2.493132424751074e-16,-2.493132424751074e-16,0.0,0.0,-1.0,-1.0,0.019889999748556875
