day_index,timestamp,hour,electric_load_kw,heat_load_kw,cooling_load_kw,pv_kw,wind_kw,buy_price_cny_per_kwh,sell_price_cny_per_kwh,chp_gas_kw,chp_electric_kw,chp_heat_kw,hp_electric_kw,hp_heat_kw,ac_heat_kw,ac_cooling_kw,ec_cooling_kw,ec_electric_kw,boiler_heat_kw,gas_kw,battery_kw,tes_kw,battery_energy_before_kwh,tes_energy_before_kwh,battery_energy_kwh,tes_energy_kwh,battery_soc,tes_soc,grid_import_kw,grid_export_kw,renewable_curtailed_kw,heat_dump_kw,electric_slack_kw,heat_slack_kw,cooling_slack_kw,electric_dump_kw,infeasible,action_correction_l1,electric_residual_kw,heat_residual_kw,cooling_residual_kw,grid_cost_cny,gas_cost_cny,wear_cost_cny,carbon_cost_cny,operating_cost_cny,emission_kg,constraint_penalty_cny,terminal_gap_kwh,terminal_penalty_cny,objective_cny,reward,action_raw_0,action_executed_0,action_raw_1,action_executed_1,action_raw_2,action_executed_2,action_raw_3,action_executed_3,action_raw_4,action_executed_4,decision_ms
0,2025-02-21 00:00:00,0,325.399495,304.817764,174.135466,0.0,139.705105,0.35,0.25,150.0,52.5,67.5,87.21672534942627,261.6501760482788,93.0696165561676,65.14873158931732,108.98673441068269,27.24668360267067,80.42992873579408,239.36658748421564,-2.892322540283203,-11.692724227905273,250.0,300.0,252.74770641326904,311.10808801651,0.5054954128265381,0.5185134800275167,250.55012149238013,0,0,0.0,0,0,0,0,False,0.14312274115426205,-1.4210854715202004e-14,0.0,0.0,87.69254252233304,67.02264449558038,0.14523329734802246,14.854070745412178,169.71449106067362,185.67588431765222,0.0,0.0,0.0,169.71449106067362,-0.16971449106067363,0.0002655982971191406,-0.1428571428571429,-0.030925273895263672,-0.030925273895263672,-0.02410268783569336,-0.02410268783569336,-0.07307952642440796,-0.07307952642440796,0.03410685062408447,0.03410685062408447,2.2526979992107954
0,2025-02-21 01:00:00,1,305.24223,319.194404,178.579639,0.0,109.403252,0.35,0.25,175.2544492483139,61.33905723690986,78.86450216174126,89.53875660896301,268.61626982688904,91.04791760444641,63.73354232311248,114.8460966768875,28.711524169221875,73.10014214511301,256.4768294095506,-2.392001152038574,-10.338592529296875,252.74770641326904,311.10808801651,255.0201075077057,320.92975091934204,0.5100402150154114,0.5348829181989034,255.1422026933136,0,0,0.0,0,0,0,0,False,0.0,-4.263256414560601e-14,0.0,0.0,89.29977094265976,71.81351223467418,0.1234529972076416,15.329886189058609,176.56662236360017,191.6235773632326,0.0,0.0,0.0,176.56662236360017,-0.17656662236360018,0.001453995704650879,0.001453995704650879,-0.005124926567077637,-0.005124926567077637,-0.019933342933654785,-0.019933342933654785,-0.06461620330810547,-0.06461620330810547,0.011643528938293457,0.011643528938293457,0.7078600001477753
0,2025-02-21 02:00:00,2,332.147772,326.993449,188.3335,0.0,125.960606,0.35,0.25,175.74317455291748,61.51011109352111,79.08442854881287,90.51629304885864,271.5488791465759,90.34854769706726,63.243983387947075,125.0895166120529,31.272379153013226,74.9999335085144,259.07643400682235,-2.7188658714294434,-8.291244506835938,255.0201075077057,320.92975091934204,257.60303008556366,328.8064332008362,0.5152060601711274,0.5480107220013937,269.1845929797802,0,0,0.0,0,0,0,0,False,0.0,-7.105427357601002e-15,0.0,0.0,94.21460754292306,72.54140152191026,0.12302219867706299,15.989345035219486,182.86837629872988,199.86681294024356,0.0,0.0,0.0,182.86837629872988,-0.18286837629872987,0.004246711730957031,0.004246711730957031,0.005736589431762695,0.005736589431762695,-0.02265721559524536,-0.02265721559524536,-0.05182027816772461,-0.05182027816772461,0.0038727521896362305,0.0038727521896362305,0.6246339999051997
0,2025-02-21 03:00:00,3,329.776097,352.76833,181.794252,0.0,131.537367,0.35,0.25,176.67585611343384,61.836549639701836,79.50413525104523,91.02672815322876,273.0801844596863,89.63777303695679,62.746441125869744,119.04781087413025,29.761952718532562,96.52964236553191,283.93101429735816,-2.901177406311035,-6.707859039306641,257.60303008556366,328.8064332008362,260.35914862155914,335.1788992881775,0.5207182972431182,0.5586314988136292,260.09203863837047,0,0,0.0,0,0,0,0,False,0.0,-2.1316282072803006e-14,0.0,0.0,91.03221352342966,79.50068400326029,0.12057461738586425,15.986945928846033,186.64041807292188,199.8368241105754,0.0,0.0,0.0,186.64041807292188,-0.18664041807292187,0.00957632064819336,0.00957632064819336,0.011408090591430664,0.011408090591430664,-0.024176478385925293,-0.024176478385925293,-0.041924118995666504,-0.041924118995666504,-0.0040247440338134766,-0.0040247440338134766,0.37316700036171824
0,2025-02-21 04:00:00,4,315.118206,346.834547,187.357444,0.0,151.288538,0.35,0.25,177.51845717430115,62.131460011005395,79.88330572843552,91.35114669799805,274.05344009399414,89.13977801799774,62.39784461259841,124.95959938740157,31.239899846850392,87.39982284791182,274.6293714497587,-2.813236713409424,-5.36224365234375,260.35914862155914,335.1788992881775,263.0317234992981,340.27303075790405,0.5260634469985962,0.5671217179298401,227.1024912472525,0,0,0.0,0,0,0,0,False,0.0,5.684341886080802e-14,0.0,0.0,79.48587193653836,76.89622400593244,0.11120831966400146,14.386579558075251,170.87988382021007,179.83224447594063,0.0,0.0,0.0,170.87988382021007,-0.17087988382021008,0.014391183853149414,0.014391183853149414,0.015012741088867188,0.015012741088867188,-0.023443639278411865,-0.023443639278411865,-0.03351402282714844,-0.03351402282714844,-0.009558022022247314,-0.009558022022247314,0.2918400005000876
0,2025-02-21 05:00:00,5,311.428608,354.785014,186.194749,0.0,125.396243,0.35,0.25,178.48601937294006,62.470106780529015,80.31870871782303,91.4697003364563,274.4091010093689,88.80276918411255,62.16193842887878,124.03281057112122,31.008202642780304,92.92338898426436,281.734229355456,-2.778775691986084,-4.06341552734375,263.0317234992981,340.27303075790405,265.6715604066849,344.1332755088806,0.5313431208133698,0.5735554591814677,248.81893689069364,0,0,0.0,0,0,0,0,False,0.0,0.0,0.0,0.0,87.08662791174277,78.8855842195277,0.10368034839630126,15.455780892877817,181.53167337254456,193.19726116097272,0.0,0.0,0.0,181.53167337254456,-0.18153167337254456,0.01992011070251465,0.01992011070251465,0.01633000373840332,0.01633000373840332,-0.023156464099884033,-0.023156464099884033,-0.025396347045898438,-0.025396347045898438,-0.01330256462097168,-0.01330256462097168,0.6223919999683858
0,2025-02-21 06:00:00,6,314.858337,359.278089,174.822107,0.0,121.943246,0.35,0.25,180.1695317029953,63.05933609604835,81.07628926634789,91.5090000629425,274.5270001888275,88.66246283054352,62.063723981380456,112.75838301861953,28.18959575465488,95.85543368579295,286.67556913165413,-2.499876022338867,-3.5181713104248047,265.6715604066849,344.1332755088806,268.0464426279068,347.4755382537842,0.5360928852558136,0.5791258970896404,252.0542267438879,0,0,0.0,0,0,0,0,False,0.0,-7.105427357601002e-15,0.0,0.0,88.21897936036076,80.26915935686317,0.09258713722229005,15.677195082837533,184.25792093728376,195.96493853546917,0.0,0.0,0.0,184.25792093728376,-0.18425792093728377,0.029540181159973145,0.029540181159973145,0.016766667366027832,0.016766667366027832,-0.020832300186157227,-0.020832300186157227,-0.02198857069015503,-0.02198857069015503,-0.014861524105072021,-0.014861524105072021,0.40974900002765935
0,2025-02-21 07:00:00,7,354.730991,344.018491,241.211078,74.269037,109.647796,0.65,0.25,183.13732743263245,64.09806460142136,82.4117973446846,91.201833486557,273.605500459671,87.97751247882843,61.584258735179894,179.62681926482009,44.90670481620502,81.71923378116225,273.9364760783683,-1.6390728950500488,-5.740528106689453,268.0464426279068,347.4755382537842,269.60356187820435,352.92903995513916,0.5392071237564087,0.5882150665918986,244.46370459639076,0,0,0.0,0,0,0,0,False,0.0,1.4210854715202004e-14,0.0,0.0,158.90140798765398,76.70221330194313,0.07787482738494873,15.139386619495085,250.8208827364772,189.24233274368856,0.0,0.0,0.0,250.8208827364772,-0.2508208827364772,0.046499013900756836,0.046499013900756836,0.013353705406188965,0.013353705406188965,-0.01365894079208374,-0.01365894079208374,-0.03587830066680908,-0.03587830066680908,-0.022472083568572998,-0.022472083568572998,0.2752370000962401
0,2025-02-21 08:00:00,8,369.455271,322.655133,261.893572,130.784841,115.276815,0.65,0.25,185.57646870613098,64.95176404714584,83.50941091775894,90.34953474998474,271.0486042499542,88.04080188274384,61.62856131792068,200.26501068207932,50.06625267051983,62.750697424991586,255.2994658450105,-2.243485450744629,-6.6127777099609375,269.60356187820435,352.92903995513916,271.73487305641174,359.21117877960205,0.5434697461128235,0.5986852979660034,201.1011238241033,0,0,0.0,0,0,0,0,False,0.0,-7.105427357601002e-14,0.0,0.0,130.71573048566714,71.48385043660295,0.10036845207214355,12.933240901780714,215.23319027612294,161.66551127225893,0.0,0.0,0.0,215.23319027612294,-0.21523319027612295,0.06043696403503418,0.06043696403503418,0.0038837194442749023,0.0038837194442749023,-0.018695712089538574,-0.018695712089538574,-0.04132986068725586,-0.04132986068725586,-0.02176886796951294,-0.02176886796951294,0.4924140002913191
0,2025-02-21 09:00:00,9,394.425827,314.155916,317.304758,201.863797,105.06459,0.65,0.25,188.1540685892105,65.85392400622368,84.66933086514473,89.66557681560516,268.9967304468155,87.91041433811188,61.53729003667831,255.76746796332168,63.94186699083042,56.0039620345745,250.38069307207107,-3.0878520011901855,-7.603693008422852,271.73487305641174,359.21117877960205,274.6683324575424,366.43468713760376,0.5493366649150848,0.610724478562673,178.3388118014022,0,0,0.0,0,0,0,0,False,0.0,5.684341886080802e-14,0.0,0.0,115.92022767091143,70.1065940601799,0.1306540250778198,11.852998808414835,198.010474564584,148.16248510518543,0.0,0.0,0.0,198.010474564584,-0.198010474564584,0.07516610622406006,0.07516610622406006,-0.003715813159942627,-0.003715813159942627,-0.025732100009918213,-0.025732100009918213,-0.04752308130264282,-0.04752308130264282,-0.023217618465423584,-0.023217618465423584,0.3236189995732275
0,2025-02-21 10:00:00,10,402.477013,296.422484,350.627574,221.265332,75.141618,0.65,0.25,189.59193527698517,66.35717734694481,85.31637087464333,89.05108273029327,267.1532481908798,87.77339100837708,61.441373705863946,289.18620029413603,72.29655007353401,40.29022269395256,234.3588493813769,-2.890133857727051,-8.563966751098633,274.6683324575424,366.43468713760376,277.4139596223831,374.57045555114746,0.5548279192447663,0.6242840925852458,203.9506523146095,0,0,0.0,0,0,0,0,False,0.0,-2.842170943040401e-14,0.0,0.0,132.56792400449618,65.62047782678553,0.1295238494873047,12.723570291944847,211.04149597271385,159.0446286493106,0.0,0.0,0.0,211.04149597271385,-0.21104149597271385,0.0833824872970581,0.0833824872970581,-0.010543525218963623,-0.010543525218963623,-0.02408444881439209,-0.02408444881439209,-0.053524792194366455,-0.053524792194366455,-0.024740099906921387,-0.024740099906921387,0.3304330002720235
0,2025-02-21 11:00:00,11,432.580866,289.503587,349.540645,252.509111,78.618721,0.65,0.25,189.70896899700165,66.39813914895058,85.36903604865074,88.90227377414703,266.7068213224411,88.32547008991241,61.82782906293868,287.7128159370613,71.92820398426532,33.89924731098364,227.37479934253903,-1.9445085525512695,-8.146047592163086,277.4139596223831,374.57045555114746,279.2612427473068,382.3092007637024,0.5585224854946137,0.6371820012728373,197.82988116201307,0,0,0.0,0,0,0,0,False,0.0,1.4210854715202004e-14,0.0,0.0,128.5894227553085,63.66494381591094,0.09906549453735351,12.3425115606092,204.695943626366,154.281394507615,0.0,0.0,0.0,204.695943626366,-0.20469594362636598,0.08405125141143799,0.08405125141143799,-0.012196958065032959,-0.012196958065032959,-0.016204237937927246,-0.016204237937927246,-0.05091279745101929,-0.05091279745101929,-0.01860588788986206,-0.01860588788986206,0.7424870000249939
0,2025-02-21 12:00:00,12,413.87325,262.60468,351.334732,269.218048,51.422994,0.65,0.25,188.82107734680176,66.08737707138062,84.96948480606079,88.77051293849945,266.31153881549835,88.78183722496033,62.14728605747222,289.18744594252775,72.29686148563194,7.8231125456619,197.51342461975943,-0.6962299346923828,-7.717618942260742,279.2612427473068,382.3092007637024,279.9226611852646,389.6409387588501,0.5598453223705292,0.6494015645980835,188.90843528744307,0,0,0.0,0,0,0,0,False,0.0,-4.263256414560601e-14,0.0,0.0,122.790482936838,55.303758893532645,0.0594749927520752,11.472185946563645,189.6259027696864,143.40232433204557,0.0,0.0,0.0,189.6259027696864,-0.1896259027696864,0.07897758483886719,0.07897758483886719,-0.013660967350006104,-0.013660967350006104,-0.0058019161224365234,-0.0058019161224365234,-0.04823511838912964,-0.04823511838912964,-0.013535141944885254,-0.013535141944885254,0.49253099950874457
0,2025-02-21 13:00:00,13,429.686125,242.281138,348.924896,246.974439,37.265304,0.65,0.25,187.73919343948364,65.70871770381927,84.48263704776764,88.06938886642456,264.2081665992737,89.31599915027618,62.52119940519332,286.40369659480666,71.60092414870167,0.0,187.73919343948364,0.3252267837524414,-7.441062927246094,279.9226611852646,389.6409387588501,279.58031720236727,396.7099485397339,0.5591606344047345,0.6611832475662232,239.08275052755448,0,0,9.652603569519044,0,0,0,0,False,0.0,-5.684341886080802e-14,0.0,0.0,155.40378784291042,52.56697416305543,0.04696211814880371,13.523468118244137,221.54119224235876,169.0433514780517,0.19305207139038089,0.0,0.0,221.73424431374914,-0.22173424431374913,0.07279539108276367,0.07279539108276367,-0.021451234817504883,-0.021451234817504883,0.0027102231979370117,0.0027102231979370117,-0.046506643295288086,-0.046506643295288086,-0.007600009441375732,-0.007600009441375732,0.3592180000850931
0,2025-02-21 14:00:00,14,417.859732,238.753219,335.484053,235.720224,51.014622,0.65,0.25,186.30804419517517,65.20781546831131,83.83861988782883,87.59973406791687,262.7992022037506,90.13236165046692,63.092653155326836,272.3913998446732,68.0978499611683,0.0,186.30804419517517,0.9227228164672852,-7.952442169189453,279.58031720236727,396.7099485397339,278.60903002713854,404.26476860046387,0.5572180600542771,0.6737746143341065,220.6919317443066,0,0,9.799799271923064,0,0,0,0,False,0.0,2.842170943040401e-14,0.0,0.0,143.4497556337993,52.166252374649055,0.06744389533996582,12.691373703872294,208.37482560766063,158.64217129840367,0.19599598543846128,0.0,0.0,208.57082159309908,-0.2085708215930991,0.06461739540100098,0.06461739540100098,-0.026669621467590332,-0.026669621467590332,0.007689356803894043,0.007689356803894043,-0.04970276355743408,-0.04970276355743408,0.0014706850051879883,0.0014706850051879883,0.3562459996828693
0,2025-02-21 15:00:00,15,370.481707,222.367675,332.307567,191.785769,43.5705,0.65,0.25,184.55345630645752,64.59370970726013,83.04905533790588,86.78975522518158,260.36926567554474,90.95481276512146,63.668368935585015,268.639198064415,67.15979951610375,0.0,184.55345630645752,1.1103200912475586,-9.159250259399414,278.60903002713854,404.26476860046387,277.44027203635164,412.9660563468933,0.5548805440727033,0.6882767605781556,223.37096294277762,0,0,20.936582988929786,0,0,0,0,False,0.0,1.4210854715202004e-14,-2.842170943040401e-14,0.0,145.19112591280546,51.67496776580811,0.07910585403442383,12.781177670385537,209.72637720303354,159.7647208798192,0.4187316597785957,0.0,0.0,210.14510886281212,-0.21014510886281212,0.05459117889404297,0.05459117889404297,-0.03566938638687134,-0.03566938638687134,0.009252667427062988,0.009252667427062988,-0.05724531412124634,-0.05724531412124634,0.010609030723571777,0.010609030723571777,0.5205460001889151
0,2025-02-21 16:00:00,16,380.430941,223.925509,277.98713,137.870787,53.294124,0.65,0.25,182.41080045700073,63.84378015995025,82.08486020565033,86.24709069728851,258.74127209186554,92.31485366821289,64.62039756774902,213.36673243225096,53.34168310806274,0.0,182.41080045700073,1.8352317810058594,-9.641580581665039,277.44027203635164,412.9660563468933,275.50844910897706,422.1255578994751,0.5510168982179541,0.7035425964991252,263.1757918643951,0,0,14.944189047637906,0,0,0,0,False,0.0,-5.684341886080802e-14,2.842170943040401e-14,0.0,171.06426471185682,51.07502412796021,0.10326485633850098,14.498307649345398,236.74086134550095,181.22884561681747,0.29888378095275814,0.0,0.0,237.0397451264537,-0.2370397451264537,0.04234743118286133,0.04234743118286133,-0.041698992252349854,-0.041698992252349854,0.015293598175048828,0.015293598175048828,-0.060259878635406494,-0.060259878635406494,0.025720596313476562,0.025720596313476562,1.0317889991711127
0,2025-02-21 17:00:00,17,375.21913,213.248972,217.50787,67.611707,35.66061,1.05,0.25,181.39617443084717,63.4886610507965,81.62827849388123,86.04403138160706,258.13209414482117,93.05394172668457,65.1377592086792,152.3701107913208,38.0925276978302,0.0,181.39617443084717,2.1124792098999023,-10.373706817626953,275.50844910897706,422.1255578994751,273.2847867827666,431.9805793762207,0.5465695735655333,0.7199676322937012,330.48223181874084,0,0,23.08375209439089,0,0,0,0,False,0.0,-2.1316282072803006e-14,-2.842170943040401e-14,0.0,347.0063434096779,50.790928840637214,0.11524291038513182,17.443556990918154,415.3560721516184,218.0444623864769,0.46167504188781777,0.0,0.0,415.8177471935062,-0.41581774719350617,0.03654956817626953,0.03654956817626953,-0.043955206871032715,-0.043955206871032715,0.01760399341583252,0.01760399341583252,-0.06483566761016846,-0.06483566761016846,0.03393268585205078,0.03393268585205078,0.3801120001298841
0,2025-02-21 18:00:00,18,330.012262,203.115787,180.718874,0.0,51.622818,1.05,0.25,179.12254929542542,62.69289225339889,80.60514718294144,85.5651068687439,256.6953206062317,94.0824830532074,65.85773813724518,114.86113586275482,28.715283965688705,0.0,179.12254929542542,2.8173208236694336,-10.902462005615234,273.2847867827666,431.9805793762207,270.3191859157462,442.3379182815552,0.5406383718314923,0.7372298638025919,327.1596217573643,0,0,29.199735730350483,0,0,0,0,False,0.0,-2.1316282072803006e-14,0.0,0.0,343.5176028452325,50.15431380271912,0.13903193473815917,17.260984146050838,411.0719327287406,215.76230182563546,0.5839947146070097,0.0,0.0,411.6559274433476,-0.4116559274433476,0.023557424545288086,0.023557424545288086,-0.04927659034729004,-0.04927659034729004,0.023477673530578613,0.023477673530578613,-0.06814038753509521,-0.06814038753509521,0.04536092281341553,0.04536092281341553,0.4761420004797401
0,2025-02-21 19:00:00,19,333.052426,218.900793,175.651305,0.0,45.039582,1.05,0.25,176.94743275642395,61.931601464748375,79.62634474039078,85.11574029922485,255.34722089767456,94.84883308410645,66.39418315887451,109.2571218411255,27.314280460281374,0.0,176.94743275642395,3.245372772216797,-11.85689926147461,270.3191859157462,442.3379182815552,266.9030040502548,453.60197257995605,0.5338060081005096,0.7560032876332601,335.2658905225411,0,0,9.367040292484262,0,0,0,0,False,0.0,2.1316282072803006e-14,2.842170943040401e-14,0.0,352.0291850486682,49.54528117179871,0.15664567947387695,17.582858107094594,419.3139700070353,219.78572633868242,0.18734080584968524,0.0,0.0,419.501310812885,-0.419501310812885,0.01112818717956543,0.01112818717956543,-0.05426955223083496,-0.05426955223083496,0.02704477310180664,0.02704477310180664,-0.07410562038421631,-0.07410562038421631,0.05387592315673828,0.05387592315673828,0.4948489995513228
0,2025-02-21 20:00:00,20,300.20325,230.597799,187.966795,0.0,97.199666,1.05,0.25,175.28207004070282,61.34872451424598,78.87693151831627,85.32862186431885,255.98586559295654,94.61094260215759,66.22765982151031,121.73913517848968,30.43478379462242,3.5087576775302978,179.18068968240314,4.1124773025512695,-13.162813186645508,266.9030040502548,453.60197257995605,262.57408057388506,466.1066451072693,0.5251481611477701,0.7768444085121154,253.30578784214407,0,0,0.0,0,0,0,0,False,0.0,1.4210854715202004e-14,0.0,0.0,265.9710772342513,50.17059311107288,0.18918838500976562,14.01234569997279,330.34320443030674,175.1543212496599,0.0,0.0,0.0,330.34320443030674,-0.33034320443030674,0.0016118288040161133,0.0016118288040161133,-0.05190420150756836,-0.05190420150756836,0.034270644187927246,0.034270644187927246,-0.08226758241653442,-0.08226758241653442,0.05123269557952881,0.05123269557952881,0.5206550004004384
0,2025-02-21 21:00:00,21,306.608613,242.953226,171.488311,0.0,115.170127,1.05,0.25,174.02321696281433,60.90812593698501,78.31044763326645,85.58692395687103,256.7607718706131,94.29983854293823,66.00988698005676,105.47842401994325,26.369606004985812,16.60920175902936,192.47788558395806,5.52454948425293,-14.427356719970703,262.57408057388506,466.1066451072693,256.758765327303,479.81263399124146,0.513517530654606,0.7996877233187357,236.96234054061892,0,0,0.0,0,0,0,0,False,0.0,1.4210854715202004e-14,-2.842170943040401e-14,0.0,248.81045756764988,53.89380796350826,0.23787326812744142,13.505989153130564,316.4481279524161,168.82486441413204,0.0,0.0,0.0,316.4481279524161,-0.3164481279524161,-0.00558161735534668,-0.00558161735534668,-0.049034178256988525,-0.049034178256988525,0.046037912368774414,0.046037912368774414,-0.0901709794998169,-0.0901709794998169,0.047775983810424805,0.047775983810424805,0.441371999841067
0,2025-02-21 22:00:00,22,294.076814,259.73662,190.243163,0.0,108.447064,0.65,0.25,173.7012803554535,60.795448124408715,78.16557615995407,85.5532032251358,256.6596096754074,94.15326118469238,65.90728282928467,124.33588017071534,31.083970042678835,32.07332800924303,209.33831147683463,4.908657073974609,-13.00863265991211,256.758765327303,479.81263399124146,251.59175788101396,492.17083501815796,0.5031835157620279,0.8202847250302633,236.56281806943133,0,0,0.0,0,0,0,0,False,0.0,2.1316282072803006e-14,0.0,0.0,153.76583174513036,58.6147272135137,0.21230287551879884,13.758176978684332,226.35103881284718,171.97721223355416,0.0,0.0,0.0,226.35103881284718,-0.22635103881284718,-0.007421255111694336,-0.007421255111694336,-0.04940885305404663,-0.04940885305404663,0.04090547561645508,0.04090547561645508,-0.08130395412445068,-0.08130395412445068,0.04614734649658203,0.04614734649658203,0.3609870000218507
0,2025-02-21 23:00:00,23,329.876284,282.071025,184.527029,0.0,135.881119,0.35,0.25,173.6111894249916,60.763916298747056,78.12503524124622,85.59596300125122,256.78788900375366,94.91226196289062,66.43858337402344,118.08844562597656,29.52211140649414,52.423203141474744,231.8591929155191,3.5309457778930664,-10.352840423583984,251.59175788101396,492.17083501815796,247.87497285165284,502.00603342056274,0.49574994570330566,0.8366767223676046,244.81837733110524,0,0,0.0,0,0,0,0,False,0.0,2.1316282072803006e-14,0.0,0.0,85.68643206588683,64.92057401634536,0.1576925754547119,14.481755689216937,165.24645434690385,181.0219461152117,0.0,204.1310605689099,408.2621211378198,573.5085754847237,-0.5735085754847237,-0.007936060428619385,-0.007936060428619385,-0.04893374443054199,-0.04893374443054199,0.029424548149108887,0.029424548149108887,-0.0647052526473999,-0.0647052526473999,0.0545806884765625,0.0545806884765625,0.32424399978481233
1,2025-02-22 00:00:00,0,290.579559,295.24087,161.379693,0.0,130.20342,0.35,0.25,150.0,52.5,67.5,87.19219923019409,261.5765976905823,93.15139174461365,65.20597422122955,96.17371877877045,24.043429694692612,71.2114827643585,229.1238697381761,-2.5818586349487305,-11.895818710327148,250.0,300.0,252.4527657032013,311.3010277748108,0.5049055314064026,0.5188350462913514,221.69362655983548,0,0,0.0,0,0,0,0,False,0.14258874314171932,2.1316282072803006e-14,0.0,0.0,77.59276929594242,64.15468352668931,0.13693485260009766,13.42050148444358,155.30488915967538,167.75626855554475,0.0,0.0,0.0,155.30488915967538,-0.15530488915967539,-0.000268399715423584,-0.1428571428571429,-0.031197786331176758,-0.031197786331176758,-0.021515488624572754,-0.021515488624572754,-0.07434886693954468,-0.07434886693954468,0.03501546382904053,0.03501546382904053,0.7006890000411659
1,2025-02-22 01:00:00,1,295.583291,306.550913,192.870004,0.0,128.241795,0.35,0.25,175.20169019699097,61.32059156894683,78.84076058864594,89.62276875972748,268.86830627918243,91.05145812034607,63.73602068424224,129.13398331575775,32.28349582893944,60.199290656936626,242.08979092692056,-2.4824953079223633,-10.305986404418945,252.4527657032013,311.3010277748108,254.81113624572754,321.0917148590088,0.5096222724914551,0.535152858098348,230.40966432764242,0,0,0.0,0,0,0,0,False,0.0,2.842170943040401e-14,0.0,0.0,80.64338251467484,67.78514145953777,0.12600479125976563,14.011461885246998,162.56599065071939,175.14327356558746,0.0,0.0,0.0,162.56599065071939,-0.1625659906507194,0.0011525154113769531,0.0011525154113769531,-0.004191458225250244,-0.004191458225250244,-0.020687460899353027,-0.020687460899353027,-0.06441241502761841,-0.06441241502761841,0.011682868003845215,0.011682868003845215,0.35900900002161507
1,2025-02-22 02:00:00,2,313.803303,320.730382,183.868584,0.0,132.018922,0.35,0.25,175.738063454628,61.50832220911979,79.0821285545826,90.53835153579712,271.61505460739136,90.37676453590393,63.263735175132744,120.60484882486725,30.15121220621681,68.78234649160578,252.16289288974554,-2.639322280883789,-8.372383117675781,254.81113624572754,321.0917148590088,257.31849241256714,329.0454788208008,0.5146369848251343,0.5484091313680013,243.60494481377793,0,0,0.0,0,0,0,0,False,0.0,-4.263256414560601e-14,0.0,0.0,85.26173068482227,70.60561000912875,0.12104158401489257,14.753223858042158,170.74160613600807,184.41529822552698,0.0,0.0,0.0,170.74160613600807,-0.17074160613600808,0.00421750545501709,0.00421750545501709,0.0059816837310791016,0.0059816837310791016,-0.021994352340698242,-0.021994352340698242,-0.05232739448547363,-0.05232739448547363,0.004186272621154785,0.004186272621154785,0.5987399999867193
1,2025-02-22 03:00:00,3,280.214622,316.983122,157.668308,0.0,117.119668,0.35,0.25,176.75362825393677,61.86376988887786,79.53913271427155,90.9120261669159,272.7360785007477,89.69626128673553,62.78738290071487,94.88092509928512,23.72023127482128,61.42631448199461,245.00508878948634,-2.4358177185058594,-7.02214241027832,257.31849241256714,329.0454788208008,259.6325192451477,335.7165141105652,0.5192650384902954,0.5595275235176086,218.2992592713652,0,0,0.0,0,0,0,0,False,0.0,7.105427357601002e-15,0.0,0.0,76.40474074497781,68.60142486105617,0.10818524360656738,13.525248828571852,158.6395996782124,169.06561035714816,0.0,0.0,0.0,158.6395996782124,-0.1586395996782124,0.010020732879638672,0.010020732879638672,0.010133624076843262,0.010133624076843262,-0.020298480987548828,-0.020298480987548828,-0.0438883900642395,-0.0438883900642395,-0.0033748745918273926,-0.0033748745918273926,0.36307700065663084
1,2025-02-22 04:00:00,4,316.686249,337.177877,170.400402,0.0,136.438248,0.35,0.25,177.60436534881592,62.161527872085564,79.92196440696716,91.32449626922607,273.9734888076782,89.16586518287659,62.416105628013604,107.9842963719864,26.9960740929966,77.78346734347537,264.03044017489964,-2.6772236824035645,-5.335178375244141,259.6325192451477,335.7165141105652,262.1758817434311,340.7849335670471,0.5243517634868622,0.5679748892784119,239.08426717254065,0,0,0.0,0,0,0,0,False,0.0,-7.105427357601002e-15,0.0,0.0,83.67949351038922,73.9285232489719,0.10699260234832764,14.744194798390183,172.45920416009966,184.3024349798773,0.0,0.0,0.0,172.45920416009966,-0.17245920416009966,0.014882087707519531,0.014882087707519531,0.014716625213623047,0.014716625213623047,-0.022310197353363037,-0.022310197353363037,-0.03334486484527588,-0.03334486484527588,-0.00926816463470459,-0.00926816463470459,0.38125799983390607
1,2025-02-22 05:00:00,5,291.965347,331.438712,181.860697,0.0,119.000652,0.35,0.25,178.50759029388428,62.47765660285949,80.32841563224792,91.44851088523865,274.34553265571594,88.82906556129456,62.18034589290618,119.6803511070938,29.92008777677345,69.81335174952699,256.07798112669207,-2.6555943489074707,-4.219522476196289,262.1758817434311,340.7849335670471,264.6986963748932,344.7934799194336,0.5293973927497864,0.5746557998657227,234.5112314080601,0,0,0.0,0,0,0,0,False,0.0,2.1316282072803006e-14,0.0,0.0,82.07893099282103,71.70183471547378,0.10076544284820556,14.41574187998172,168.29727303112472,180.1967734997715,0.0,0.0,0.0,168.29727303112472,-0.1682972730311247,0.020043373107910156,0.020043373107910156,0.016094565391540527,0.016094565391540527,-0.022129952907562256,-0.022129952907562256,-0.026372015476226807,-0.026372015476226807,-0.013010382652282715,-0.013010382652282715,0.3893909997714218
1,2025-02-22 06:00:00,6,309.316517,337.007359,175.418003,0.0,137.344783,0.35,0.25,180.08842170238495,63.030947595834725,81.03978976607323,91.54137969017029,274.62413907051086,88.75181794166565,62.12627255916595,113.29173044083404,28.32293261020851,73.65594375327493,261.92835920602374,-2.516155242919922,-3.5606956481933594,264.6986963748932,344.7934799194336,267.0890438556671,348.1761407852173,0.5341780877113342,0.5802935679753621,231.32125394746396,0,0,0.0,0,0,0,0,False,0.0,0.0,0.0,0.0,80.96243888161239,73.33994057768666,0.09328813552856445,14.368988920984796,168.76465651581242,179.61236151230995,0.0,0.0,0.0,168.76465651581242,-0.1687646565158124,0.029076695442199707,0.029076695442199707,0.01712644100189209,0.01712644100189209,-0.020967960357666016,-0.020967960357666016,-0.022254347801208496,-0.022254347801208496,-0.01386868953704834,-0.01386868953704834,0.9141509999608388
1,2025-02-22 07:00:00,7,322.544176,342.38913,215.451418,65.693149,110.457539,0.65,0.25,183.06570947170258,64.0729983150959,82.37956926226616,91.13431692123413,273.4029507637024,88.03847372531891,61.62693160772323,153.82448639227675,38.45612159806919,80.60890511048319,272.6311595944617,-1.2671613693237305,-5.9638214111328125,267.0890438556671,348.1761407852173,268.29284715652466,353.84177112579346,0.5365856943130494,0.5897362852096557,213.17808957353117,0,0,0.0,0,0,0,0,False,0.0,2.842170943040401e-14,0.0,0.0,138.56575822279527,76.33672468644927,0.06783394813537598,13.741934494746758,228.7122513521267,171.77418118433448,0.0,0.0,0.0,228.7122513521267,-0.22871225135212672,0.046089768409729004,0.046089768409729004,0.012603521347045898,0.012603521347045898,-0.010559678077697754,-0.010559678077697754,-0.03727388381958008,-0.03727388381958008,-0.02179473638534546,-0.02179473638534546,0.780258999839134
1,2025-02-22 08:00:00,8,369.242135,312.088723,267.13593,127.465107,94.170703,0.65,0.25,185.59246957302094,64.95736435055733,83.51661130785942,90.27295231819153,270.8188569545746,87.9842609167099,61.58898264169692,205.54694735830304,51.38673683957576,52.36275788755228,243.77331167030124,-2.3229074478149414,-6.625242233276367,268.29284715652466,353.84177112579346,270.49960923194885,360.135751247406,0.5409992184638978,0.60022625207901,226.63155725502492,0,0,0.0,0,0,0,0,False,0.0,-1.4210854715202004e-14,0.0,0.0,147.3105122157662,68.25652726768435,0.10281343460083006,13.872161505945916,229.5420144239973,173.40201882432396,0.0,0.0,0.0,229.5420144239973,-0.2295420144239973,0.06052839756011963,0.06052839756011963,0.0030328035354614258,0.0030328035354614258,-0.01935756206512451,-0.01935756206512451,-0.041407763957977295,-0.041407763957977295,-0.022397100925445557,-0.022397100925445557,0.3921529996659956
1,2025-02-22 09:00:00,9,374.685386,304.589999,290.038934,161.580573,98.890217,0.65,0.25,187.95769810676575,65.78519433736801,84.58096414804459,89.6605771780014,268.9817315340042,88.03243339061737,61.62270337343215,228.41623062656782,57.104057656641956,46.726915816234566,239.87649345813747,-2.9307103157043457,-7.667179107666016,270.49960923194885,360.135751247406,273.283784031868,367.4195713996887,0.546567568063736,0.6123659523328145,198.12474681297977,0,0,0.0,0,0,0,0,False,0.0,4.263256414560601e-14,0.0,0.0,128.78108542843685,67.16541816827849,0.12625720500946044,12.555512755101311,208.62827355682612,156.94390943876638,0.0,0.0,0.0,208.62827355682612,-0.20862827355682612,0.07404398918151855,0.07404398918151855,-0.003771364688873291,-0.003771364688873291,-0.02442258596420288,-0.02442258596420288,-0.0479198694229126,-0.0479198694229126,-0.02186185121536255,-0.02186185121536255,0.26825799977814313
1,2025-02-22 10:00:00,10,382.85779,279.888206,334.503959,194.664156,92.944443,0.65,0.25,189.30542171001434,66.25689759850502,85.18743976950645,89.17074680328369,267.5122404098511,87.95829176902771,61.57080423831939,272.9331547616806,68.23328869042015,23.644523049264933,215.57711398697538,-2.7498650550842285,-8.497705459594727,273.283784031868,367.4195713996887,275.896155834198,375.4923915863037,0.551792311668396,0.6258206526438396,189.14619395028308,0,0,0.0,0,0,0,0,False,0.0,2.842170943040401e-14,0.0,0.0,122.945026067684,60.36159191635311,0.1249844789505005,11.771666357604063,195.20326882059166,147.14582947005078,0.0,0.0,0.0,195.20326882059166,-0.19520326882059166,0.08174526691436768,0.08174526691436768,-0.009213924407958984,-0.009213924407958984,-0.022915542125701904,-0.022915542125701904,-0.05311065912246704,-0.05311065912246704,-0.022685647010803223,-0.022685647010803223,0.2892640004574787
1,2025-02-22 11:00:00,11,400.264733,270.313214,333.549563,242.472948,36.891034,0.65,0.25,189.45938050746918,66.31078317761421,85.25672122836113,88.85947108268738,266.57841324806213,88.23933362960815,61.7675335407257,271.78202945927427,67.94550736481857,14.864080633653657,205.97502565597324,-1.7502236366271973,-8.14666748046875,275.896155834198,375.4923915863037,277.55886828899384,383.231725692749,0.5551177365779877,0.6387195428212483,213.1451699065189,0,0,0.0,0,0,0,0,False,0.0,1.4210854715202004e-14,0.0,0.0,138.5443604392373,57.67300718367251,0.09324004650115966,12.673987886382404,208.9845955557934,158.42484857978005,0.0,0.0,0.0,208.9845955557934,-0.20898459555579338,0.08262503147125244,0.08262503147125244,-0.0126725435256958,-0.0126725435256958,-0.01458519697189331,-0.01458519697189331,-0.05091667175292969,-0.05091667175292969,-0.019562959671020508,-0.019562959671020508,0.4266559999450692
1,2025-02-22 12:00:00,12,417.559961,253.768566,344.247358,249.332136,40.291809,0.65,0.25,188.71858417987823,66.05150446295738,84.9233628809452,88.69189739227295,266.07569217681885,88.8390326499939,62.18732285499572,282.0600351450043,70.51500878625107,0.0,188.71858417987823,-0.7298612594604492,-7.524890899658203,277.55886828899384,383.231725692749,278.25223648548126,390.3803720474243,0.5565044729709625,0.6506339534123738,221.82127897502704,0,0,0.8665655081119894,0,0,0,0,False,0.0,-4.263256414560601e-14,-2.842170943040401e-14,0.0,144.18383133376759,52.84120357036591,0.059520292282104495,12.779633621779242,209.86418881819486,159.74542027224052,0.01733131016223979,0.0,0.0,209.8815201283571,-0.2098815201283571,0.0783919095993042,0.0783919095993042,-0.014534473419189453,-0.014534473419189453,-0.00608217716217041,-0.00608217716217041,-0.04703056812286377,-0.04703056812286377,-0.012899637222290039,-0.012899637222290039,0.3103159997408511
1,2025-02-22 13:00:00,13,414.402551,224.92486,342.930146,241.459253,64.359596,0.65,0.25,187.52849102020264,65.63497185707092,84.38782095909119,88.13187897205353,264.3956369161606,89.35899496078491,62.55129647254943,280.37884952745054,70.09471238186264,0.0,187.52849102020264,0.5270576477050781,-7.582120895385742,278.25223648548126,390.3803720474243,277.69743896158116,397.58338689804077,0.5553948779231623,0.6626389781634013,200.64826384914022,0,0,26.91748201908115,0,0,0,0,False,0.0,4.263256414560601e-14,-2.842170943040401e-14,0.0,130.42137150194114,52.507977485656745,0.05372233390808105,11.82897946568541,194.81205078719137,147.86224332106764,0.538349640381623,0.0,0.0,195.350400427573,-0.19535040042757298,0.07159137725830078,0.07159137725830078,-0.020756900310516357,-0.020756900310516357,0.004392147064208984,0.004392147064208984,-0.04738825559616089,-0.04738825559616089,-0.0071222782135009766,-0.0071222782135009766,0.39762100004736567
1,2025-02-22 14:00:00,14,376.847069,215.498313,324.988357,201.267326,28.207131,0.65,0.25,186.04608476161957,65.11612966656685,83.7207381427288,87.53242135047913,262.5972640514374,90.08344888687134,63.05841422080993,261.92994277919007,65.48248569479752,0.0,186.04608476161957,0.9655523300170898,-8.01809310913086,277.69743896158116,397.58338689804077,276.68106808787894,405.2005753517151,0.5533621361757579,0.6753342922528585,234.30583704869264,0,0,32.71814719816399,0,0,0,0,False,0.0,-1.4210854715202004e-14,0.0,0.0,152.29879408165021,52.092903733253486,0.069057035446167,13.28619418632839,217.74694903667827,166.07742732910486,0.6543629439632798,0.0,0.0,218.40131198064157,-0.21840131198064155,0.06312048435211182,0.06312048435211182,-0.027417540550231934,-0.027417540550231934,0.008046269416809082,0.008046269416809082,-0.05011308193206787,-0.05011308193206787,0.0009272098541259766,0.0009272098541259766,0.28139999994891696
1,2025-02-22 15:00:00,15,382.413493,208.584795,309.541111,166.176087,60.549378,0.65,0.25,184.34027135372162,64.51909497380257,82.95312210917473,86.69595837593079,260.08787512779236,91.2343418598175,63.864039301872246,245.67707169812775,61.41926792453194,0.0,184.34027135372162,1.270895004272461,-9.116878509521484,276.68106808787894,405.2005753517151,275.3432838728553,413.8616099357605,0.5506865677457106,0.6897693498929341,238.01326432238773,0,0,34.10498186762811,0,0,0,0,False,0.0,0.0,-2.842170943040401e-14,0.0,154.70862180955203,51.61527597904206,0.08371124267578126,13.422027971844606,219.82963700311447,167.77534964805758,0.6820996373525623,0.0,0.0,220.51173664046703,-0.22051173664046703,0.053372979164123535,0.053372979164123535,-0.03671157360076904,-0.03671157360076904,0.010590791702270508,0.010590791702270508,-0.05698049068450928,-0.05698049068450928,0.013714909553527832,0.013714909553527832,0.24352499985980103
1,2025-02-22 16:00:00,16,340.274853,193.445951,264.304142,121.835142,39.540144,0.65,0.25,182.10611641407013,63.73714074492454,81.94775238633156,86.28527462482452,258.8558238744736,92.28497385978699,64.59948170185089,199.70466029814912,49.92616507453728,0.0,182.10611641407013,1.9807863235473633,-9.770698547363281,275.3432838728553,413.8616099357605,273.2582456375423,423.1437735557556,0.5465164912750846,0.705239622592926,249.39307963088987,0,0,45.301952853654825,0,0,0,0,False,0.0,-1.4210854715202004e-14,2.842170943040401e-14,0.0,162.10550176007843,50.98971259593964,0.1082770824432373,13.886993366384276,227.09048480484557,173.58741707980346,0.9060390570730965,0.0,0.0,227.99652386191866,-0.22799652386191865,0.04060637950897217,0.04060637950897217,-0.04127472639083862,-0.04127472639083862,0.016506552696228027,0.016506552696228027,-0.06106686592102051,-0.06106686592102051,0.025388598442077637,0.025388598442077637,0.7815990002200124
1,2025-02-22 17:00:00,17,329.788544,188.231561,215.51261,63.151171,52.960693,1.05,0.25,181.06286823749542,63.37200388312339,81.47829070687294,86.21525824069977,258.6457747220993,93.05448889732361,65.13814222812653,150.37446777187347,37.59361694296837,0.0,181.06286823749542,2.401885986328125,-10.696754455566406,273.2582456375423,423.1437735557556,270.72994459930214,433.3056902885437,0.5414598891986043,0.7221761504809062,271.7116653142166,0,0,48.14126107608223,0,0,0,0,False,0.0,-5.684341886080802e-14,0.0,0.0,285.29724857992744,50.697603106498725,0.1255403518676758,14.85231916562546,350.9727112039193,185.65398957031823,0.9628252215216446,0.0,0.0,351.93553642544094,-0.35193553642544095,0.0346449613571167,0.0346449613571167,-0.04205268621444702,-0.04205268621444702,0.020015716552734375,0.020015716552734375,-0.06685471534729004,-0.06685471534729004,0.03393876552581787,0.03393876552581787,0.27924000005441485
1,2025-02-22 18:00:00,18,298.630904,192.631663,167.16703,0.0,78.332687,1.05,0.25,179.06899750232697,62.67414912581443,80.58104887604713,85.73712766170502,257.21138298511505,94.07670021057129,65.8536901473999,101.31333985260011,25.328334963150027,0.0,179.06899750232697,3.1276845932006836,-11.1553955078125,270.72994459930214,433.3056902885437,267.43764502751196,443.9033160209656,0.5348752900550239,0.7398388600349426,265.5618459058399,0,0,39.92867314277839,0,0,0,0,False,0.0,1.4210854715202004e-14,0.0,0.0,278.83993820113193,50.13931930065156,0.149607515335083,14.549825179894187,343.67869019701277,181.87281474867734,0.7985734628555679,0.0,0.0,344.47726365986836,-0.34447726365986836,0.02325141429901123,0.02325141429901123,-0.04736524820327759,-0.04736524820327759,0.026064038276672363,0.026064038276672363,-0.06972122192382812,-0.06972122192382812,0.045296669006347656,0.045296669006347656,0.4015120002804906
1,2025-02-22 19:00:00,19,302.494419,200.646469,169.835722,0.0,66.183227,1.05,0.25,176.87781751155853,61.90723612904548,79.59501788020134,85.26427567005157,255.79282701015472,94.83047604560852,66.38133323192596,103.45438876807404,25.86359719201851,0.0,176.87781751155853,3.388338088989258,-11.943492889404297,267.43764502751196,443.9033160209656,263.8709733548917,455.24963426589966,0.5277419467097834,0.7587493904431661,282.14349064403535,0,0,27.967406955343222,0,0,0,0,False,0.0,7.105427357601002e-15,2.842170943040401e-14,0.0,296.25066517623713,49.525788903236396,0.16136760711669923,15.244358668522494,361.1821803551127,190.55448335653116,0.5593481391068644,0.0,0.0,361.74152849421955,-0.36174152849421953,0.010730385780334473,0.010730385780334473,-0.05261915922164917,-0.05261915922164917,0.02823615074157715,0.02823615074157715,-0.07464683055877686,-0.07464683055877686,0.053671956062316895,0.053671956062316895,0.8629799995105714
1,2025-02-22 20:00:00,20,317.943398,218.652358,187.479739,0.0,89.568256,1.05,0.25,175.28173625469208,61.34860768914222,78.87678131461143,85.18320322036743,255.5496096611023,94.72386360168457,66.3067045211792,121.1730344788208,30.2932586197052,0.0,175.28173625469208,4.090576171875,-13.118963241577148,263.8709733548917,455.24963426589966,259.56510370028644,467.71264934539795,0.5191302074005729,0.77952108224233,278.41241997905536,0,0,7.931206132452019,0,0,0,0,False,0.0,-2.842170943040401e-14,0.0,0.0,292.3330409780081,49.07888615131379,0.18831210136413573,15.05465425915351,356.65489348983954,188.18317823941888,0.15862412264904038,0.0,0.0,356.81351761248857,-0.3568135176124886,0.0016099214553833008,0.0016099214553833008,-0.05351996421813965,-0.05351996421813965,0.034088134765625,0.034088134765625,-0.08199352025985718,-0.08199352025985718,0.05248737335205078,0.05248737335205078,0.4422609999892302
1,2025-02-22 21:00:00,21,309.310051,212.912879,173.993412,0.0,119.479324,1.05,0.25,174.02771264314651,60.90969942510127,78.31247068941593,85.51597952842712,256.5479385852814,94.44425940513611,66.11098158359528,107.88243041640473,26.970607604101183,0.0,174.02771264314651,5.554747581481934,-14.394779205322266,259.56510370028644,467.71264934539795,253.71800098293704,481.3876895904541,0.5074360019658741,0.8023128159840902,235.85286712594507,0,0,13.108491664238954,0,0,0,0,False,0.0,7.105427357601002e-15,-2.842170943040401e-14,0.0,247.64551048224234,48.72775954008103,0.23861632347106934,13.161969555831929,309.7738559016264,164.5246194478991,0.2621698332847791,0.0,0.0,310.03602573491116,-0.3100360257349112,-0.005555927753448486,-0.005555927753448486,-0.049822449684143066,-0.049822449684143066,0.04628956317901611,0.04628956317901611,-0.08996737003326416,-0.08996737003326416,0.04938066005706787,0.04938066005706787,1.0450810004840605
1,2025-02-22 22:00:00,22,313.195474,242.11124,182.291007,0.0,101.646561,0.65,0.25,173.7497314810753,60.81240601837634,78.18737916648388,85.45768439769745,256.37305319309235,94.2861807346344,66.00032651424408,116.29068048575593,29.072670121438982,14.78232567059041,190.1745377817313,4.8876142501831055,-12.945337295532227,253.71800098293704,481.3876895904541,248.57314387748113,493.6857600212097,0.4971462877549623,0.8228096000353495,260.37924725057695,0,0,0.0,0,0,0,0,False,0.0,-4.973799150320701e-14,0.0,0.0,169.24651071287502,53.24887057888476,0.2113551139831543,14.49947948353309,237.20621588927602,181.2434935441636,0.0,0.0,0.0,237.20621588927602,-0.237206215889276,-0.0071443915367126465,-0.0071443915367126465,-0.050470173358917236,-0.050470173358917236,0.04073011875152588,0.04073011875152588,-0.08090835809707642,-0.08090835809707642,0.04762423038482666,0.04762423038482666,0.6919950001247344
1,2025-02-22 23:00:00,23,303.98456,267.68081,184.66162,0.0,124.287712,0.35,0.25,173.49191308021545,60.7221695780754,78.07136088609695,85.55229127407074,256.6568738222122,94.98227834701538,66.48759484291077,118.17402515708923,29.543506289272308,38.32698544412614,216.07745246257784,3.668804168701172,-10.392131805419922,248.57314387748113,493.6857600212097,244.71124475253254,503.55828523635864,0.48942248950506506,0.8392638087272644,230.40167181656648,0,0,0.0,0,0,0,0,False,0.0,2.1316282072803006e-14,0.0,0.0,80.64058513579826,60.5016866895218,0.16202478408813475,13.594912799330173,154.89920940873836,169.93640999162716,0.0,208.8470404838261,417.6940809676522,572.5932903763905,-0.5725932903763905,-0.008617639541625977,-0.008617639541625977,-0.04941898584365845,-0.04941898584365845,0.030573368072509766,0.030573368072509766,-0.06495082378387451,-0.06495082378387451,0.0553586483001709,0.0553586483001709,0.2819889996317215
2,2025-02-23 00:00:00,0,308.904625,296.762579,176.013096,0.0,148.336727,0.35,0.25,150.0,52.5,67.5,87.27158188819885,261.81474566459656,93.0957305431366,65.16701138019562,110.84608461980437,27.711521154951093,72.26550868750002,230.2950096527778,-2.8192734718322754,-11.721944808959961,250.0,300.0,252.67830979824066,311.13584756851196,0.5053566195964814,0.51855974594752,225.8702745149822,0,0,0.0,0,0,0,0,False,0.14286238806588314,-2.1316282072803006e-14,0.0,0.0,79.05459608024377,64.48260270277778,0.14318792819976806,13.623012233103664,157.30339894432498,170.2876529137958,0.0,0.0,0.0,157.30339894432498,-0.157303398944325,5.245208740234375e-06,-0.1428571428571429,-0.030315756797790527,-0.030315756797790527,-0.023493945598602295,-0.023493945598602295,-0.07326215505599976,-0.07326215505599976,0.034397006034851074,0.034397006034851074,0.40104700019583106
2,2025-02-23 01:00:00,1,298.410611,302.441456,184.916252,0.0,134.90189,0.35,0.25,175.23231506347656,61.33131027221679,78.85454177856445,89.64780449867249,268.94341349601746,91.13866209983826,63.79706346988677,121.1191885301132,30.2797971325283,56.05284420648195,237.51325307067873,-2.462167739868164,-10.270681381225586,252.67830979824066,311.13584756851196,255.01736915111542,320.89299488067627,0.5100347383022308,0.5348216581344605,224.5671800988522,0,0,0.0,0,0,0,0,False,0.0,0.0,0.0,0.0,78.59851303459826,66.50371085979005,0.12521843910217284,13.681167973480356,158.90861030697084,171.01459966850445,0.0,0.0,0.0,158.90861030697084,-0.15890861030697084,0.0013275146484375,0.0013275146484375,-0.003913283348083496,-0.003913283348083496,-0.020518064498901367,-0.020518064498901367,-0.06419175863265991,-0.06419175863265991,0.012651801109313965,0.012651801109313965,0.3586510001696297
2,2025-02-23 02:00:00,2,294.058745,328.280406,177.546984,0.0,129.60419,0.35,0.25,175.78343749046326,61.52420312166213,79.10254687070847,90.52459716796875,271.57379150390625,90.32245516777039,63.22571861743926,114.32126538256074,28.580316345640185,76.44389301715472,260.72109639841295,-2.540581226348877,-8.517370223999023,255.01736915111542,320.89299488067627,257.43092131614685,328.98449659347534,0.5148618426322937,0.548307494322459,224.5758466182957,0,0,0.0,0,0,0,0,False,0.0,7.105427357601002e-14,0.0,0.0,78.6015463164035,73.00190699155563,0.11880428791046142,14.052874793579619,165.7751323894492,175.66093491974524,0.0,0.0,0.0,165.7751323894492,-0.1657751323894492,0.004476785659790039,0.004476785659790039,0.005828857421875,0.005828857421875,-0.021171510219573975,-0.021171510219573975,-0.053233563899993896,-0.053233563899993896,0.0035828351974487305,0.0035828351974487305,0.3577699999368633
2,2025-02-23 03:00:00,3,303.481723,327.450502,165.828931,0.0,132.156232,0.35,0.25,176.70990228652954,61.84846580028533,79.5194560289383,90.99488496780396,272.98465490341187,89.73646759986877,62.815527319908135,103.01340368009187,25.753350920022967,71.58469506278226,256.2484523562876,-2.633521556854248,-6.901836395263672,257.43092131614685,328.98449659347534,259.9327667951584,335.54124116897583,0.5198655335903167,0.559235401948293,228.85878264439583,0,0,0.0,0,0,0,0,False,0.0,0.0,0.0,0.0,80.10057392553854,71.74956665976053,0.1135148286819458,14.16976167405402,166.13341708803506,177.12202092567526,0.0,0.0,0.0,166.13341708803506,-0.16613341708803506,0.009770870208740234,0.009770870208740234,0.011054277420043945,0.011054277420043945,-0.0219460129737854,-0.0219460129737854,-0.04313647747039795,-0.04313647747039795,-0.00292813777923584,-0.00292813777923584,1.2614190000022063
2,2025-02-23 04:00:00,4,294.996624,341.800562,181.454296,0.0,118.504825,0.35,0.25,177.5731772184372,62.15061202645301,79.90792974829674,91.24598264694214,273.7379479408264,89.03055846691132,62.321390926837914,119.13290507316208,29.78322626829052,82.56998360725595,269.31760344872157,-2.652754783630371,-5.384740829467773,259.9327667951584,335.54124116897583,262.45288383960724,340.6567449569702,0.5249057676792145,0.5677612415949503,238.02315067241,0,0,0.0,0,0,0,0,False,0.0,-2.842170943040401e-14,0.0,0.0,83.3081027353435,75.40892896564205,0.10650634765625,14.782100284765587,173.6056383334074,184.77625355956982,0.0,0.0,0.0,173.6056383334074,-0.1736056383334074,0.014703869819641113,0.014703869819641113,0.01384425163269043,0.01384425163269043,-0.022106289863586426,-0.022106289863586426,-0.033654630184173584,-0.033654630184173584,-0.010771572589874268,-0.010771572589874268,0.3297850007584202
2,2025-02-23 05:00:00,5,308.571222,337.562726,161.257669,0.0,114.25358,0.35,0.25,178.5421371459961,62.489748001098626,80.34396171569824,91.44748091697693,274.3424427509308,88.87563407421112,62.21294385194778,99.04472514805221,24.761181287013052,75.89624271695709,262.8712957203929,-2.556788921356201,-4.144287109375,262.45288383960724,340.6567449569702,264.88183331489563,344.59381771087646,0.5297636666297912,0.5743230295181274,250.59334512424755,0,0,0.0,0,0,0,0,False,0.0,2.1316282072803006e-14,0.0,0.0,87.70767079348664,73.60396280171001,0.09742510318756104,15.23204791699318,176.6411066153774,190.40059896241473,0.0,0.0,0.0,176.6411066153774,-0.1766411066153774,0.02024078369140625,0.02024078369140625,0.016083121299743652,0.016083121299743652,-0.02130657434463501,-0.02130657434463501,-0.02590179443359375,-0.02590179443359375,-0.012492954730987549,-0.012492954730987549,0.25226000070688315
2,2025-02-23 06:00:00,6,330.62394,346.228123,176.832838,0.0,103.611524,0.35,0.25,180.2548348903656,63.08919221162795,81.11467570066452,91.53489947319031,274.6046984195709,88.6146605014801,62.030262351036065,114.80257564896394,28.700643912240984,82.51598178419874,271.9392590950309,-2.6230216026306152,-3.3925724029541016,264.88183331489563,344.59381771087646,267.3737038373947,347.81676149368286,0.5347474076747895,0.5796946024894715,286.7817887764339,0,0,0.0,0,0,0,0,False,0.0,7.105427357601002e-15,0.0,0.0,100.37362607175187,76.14299254660865,0.09565351009368897,16.96942685168359,193.5816989801378,212.11783564604485,0.0,0.0,0.0,193.5816989801378,-0.1935816989801378,0.03002762794494629,0.03002762794494629,0.017054438591003418,0.017054438591003418,-0.021858513355255127,-0.021858513355255127,-0.021203577518463135,-0.021203577518463135,-0.015392661094665527,-0.015392661094665527,0.6245969998417422
2,2025-02-23 07:00:00,7,315.141612,313.712272,208.458397,49.987454,64.733529,0.65,0.25,183.15476775169373,64.1041687130928,82.41964548826218,91.06406450271606,273.1921935081482,87.91255474090576,61.538788318634026,146.91960868136596,36.72990217034149,51.909660947010025,240.8321688039271,-1.3039684295654297,-5.896673202514648,267.3737038373947,347.81676149368286,268.6124738454819,353.4186010360718,0.5372249476909637,0.5890310017267862,265.41439538953017,0,0,0.0,0,0,0,0,False,0.0,-2.842170943040401e-14,0.0,0.0,172.5193570031946,67.43300726509959,0.06860241889953612,15.531548098002164,255.5525147851959,194.14435122502704,0.0,0.0,0.0,255.5525147851959,-0.2555525147851959,0.04659867286682129,0.04659867286682129,0.011822938919067383,0.011822938919067383,-0.010866403579711914,-0.010866403579711914,-0.03685420751571655,-0.03685420751571655,-0.023193836212158203,-0.023193836212158203,0.3741370001080213
2,2025-02-23 08:00:00,8,346.451889,314.594114,254.992043,91.952104,74.254977,0.65,0.25,185.59597432613373,64.9585910141468,83.51818844676018,90.15814304351807,270.4744291305542,87.89369881153107,61.52558916807174,193.46645383192825,48.36661345798206,55.198648298181524,246.92780576855765,-2.2417473793029785,-6.703453063964844,268.6124738454819,353.4186010360718,270.7421338558197,359.7868814468384,0.5414842677116394,0.5996448024113973,256.0527208666563,0,0,0.0,0,0,0,0,False,0.0,-7.105427357601002e-15,0.0,0.0,166.43426856332658,69.13978561519615,0.10076968669891356,15.2171646104298,250.89198847565143,190.2145576303725,0.0,0.0,0.0,250.89198847565143,-0.2508919884756514,0.06054842472076416,0.06054842472076416,0.0017571449279785156,0.0017571449279785156,-0.018681228160858154,-0.018681228160858154,-0.04189658164978027,-0.04189658164978027,-0.0234033465385437,-0.0234033465385437,0.4902260006929282
2,2025-02-23 09:00:00,9,395.823607,307.472646,287.678057,134.357222,67.16024,0.65,0.25,187.96066045761108,65.78623116016388,84.58229720592499,89.46538209915161,268.39614629745483,87.90872991085052,61.53611093759536,226.14194606240466,56.535486515601164,49.91424298486328,243.42093044079252,-3.1781601905822754,-7.511310577392578,270.7421338558197,359.7868814468384,273.76138603687286,366.9226264953613,0.5475227720737458,0.6115377108256023,277.6989426451711,0,0,0.0,0,0,0,0,False,0.0,-4.263256414560601e-14,0.0,0.0,180.50431271936122,68.15786052342192,0.13290135860443114,16.113488363440208,264.90856296482775,201.4186045430026,0.0,0.0,0.0,264.90856296482775,-0.26490856296482773,0.07406091690063477,0.07406091690063477,-0.00594019889831543,-0.00594019889831543,-0.026484668254852295,-0.026484668254852295,-0.04694569110870361,-0.04694569110870361,-0.023236334323883057,-0.023236334323883057,0.3132399997411994
2,2025-02-23 10:00:00,10,382.92011,279.253829,327.442566,162.113294,45.043838,0.65,0.25,189.25253748893738,66.23838812112808,85.16364187002182,88.93279194831848,266.79837584495544,87.80431151390076,61.46301805973052,265.97954794026947,66.49488698506737,23.43834119797134,215.29513882001663,-2.7759575843811035,-8.342218399047852,273.76138603687286,366.9226264953613,276.3985457420349,374.8477339744568,0.5527970914840699,0.6247462232907613,267.72822639663895,0,0,0.0,0,0,0,0,False,0.0,4.263256414560601e-14,0.0,0.0,174.02334715781532,60.28263886960466,0.12498981952667236,15.22476418257238,249.65574002951902,190.30955228215475,0.0,0.0,0.0,249.65574002951902,-0.249655740029519,0.08144307136535645,0.08144307136535645,-0.011857867240905762,-0.011857867240905762,-0.02313297986984253,-0.02313297986984253,-0.05213886499404907,-0.05213886499404907,-0.024396538734436035,-0.024396538734436035,0.37255300048855133
2,2025-02-23 11:00:00,11,402.303717,268.35601,320.674062,176.053056,61.444616,0.65,0.25,189.29229974746704,66.25230491161346,85.18153488636017,88.80593955516815,266.41781866550446,88.37300956249237,61.86110669374465,258.81295530625533,64.70323882656383,13.081326166877773,203.82710659955345,-1.7640423774719238,-7.95166015625,276.3985457420349,374.8477339744568,278.07438600063324,382.4018111228943,0.5561487720012664,0.6373363518714905,253.8269608475905,0,0,0.0,0,0,0,0,False,0.0,1.4210854715202004e-14,0.0,0.0,164.98752455093384,57.07158984787497,0.09267957210540771,14.42961998288684,236.58141395380105,180.37024978608548,0.0,0.0,0.0,236.58141395380105,-0.23658141395380106,0.08167028427124023,0.08167028427124023,-0.013267338275909424,-0.013267338275909424,-0.014700353145599365,-0.014700353145599365,-0.0496978759765625,-0.0496978759765625,-0.01807767152786255,-0.01807767152786255,0.7888400004958385
2,2025-02-23 12:00:00,12,411.88089,267.255355,352.296149,199.446244,80.134369,0.65,0.25,188.6727511882782,66.03546291589737,84.90273803472519,88.69925737380981,266.09777212142944,88.91947209835052,62.24363046884536,290.05251853115465,72.51312963278866,12.651247560482034,202.72969292214714,-0.8376502990722656,-7.476930618286133,278.07438600063324,382.4018111228943,278.8701537847519,389.5048952102661,0.5577403075695038,0.6491748253504436,228.31485138977342,0,0,0.0,0,0,0,0,False,0.0,5.684341886080802e-14,0.0,0.0,148.40465340335274,56.764314018201205,0.06251416206359864,13.289528547904386,218.5210101315219,166.11910684880482,0.0,0.0,0.0,218.5210101315219,-0.2185210101315219,0.07813000679016113,0.07813000679016113,-0.014452695846557617,-0.014452695846557617,-0.006980419158935547,-0.006980419158935547,-0.04673081636428833,-0.04673081636428833,-0.012005865573883057,-0.012005865573883057,0.3159340003549005
2,2025-02-23 13:00:00,13,411.919276,233.952943,344.245618,188.098694,46.292236,0.65,0.25,187.46505081653595,65.61276778578758,84.35927286744118,87.94812619686127,263.8443785905838,89.38421308994293,62.568949162960045,281.6766688370399,70.41916720925998,0.0,187.46505081653595,0.4330873489379883,-7.211265563964844,278.8701537847519,389.5048952102661,278.4142723648172,396.3555974960327,0.5568285447296344,0.6605926624933879,269.8497842713957,0,0,17.655229804117198,0,0,0,0,False,0.0,4.263256414560601e-14,0.0,0.0,175.40235977640722,52.49021422863007,0.04904894828796387,14.872831321005988,242.81445427433124,185.91039151257485,0.35310459608234396,0.0,0.0,243.1675588704136,-0.24316755887041358,0.07122886180877686,0.07122886180877686,-0.022798597812652588,-0.022798597812652588,0.0036090612411499023,0.0036090612411499023,-0.04507040977478027,-0.04507040977478027,-0.006842076778411865,-0.006842076778411865,0.477870999930019
2,2025-02-23 14:00:00,14,384.362843,221.432723,314.143101,162.948858,51.495017,0.65,0.25,185.9678328037262,65.08874148130417,83.68552476167679,87.39513516426086,262.1854054927826,90.2725338935852,63.19077372550964,250.95232727449036,62.73808181862259,0.0,185.9678328037262,0.962977409362793,-7.9685211181640625,278.4142723648172,396.3555974960327,277.400611933909,403.9256925582886,0.5548012238678179,0.6732094875971476,254.00046609221653,0,0,26.197152242710104,0,0,0,0,False,0.0,2.842170943040401e-14,0.0,0.0,165.10030295994073,52.07099318504334,0.0687319278717041,14.151505832917147,231.39153390577292,176.89382291146433,0.5239430448542021,0.0,0.0,231.91547695062712,-0.23191547695062711,0.06267333030700684,0.06267333030700684,-0.02894294261932373,-0.02894294261932373,0.008024811744689941,0.008024811744689941,-0.04980325698852539,-0.04980325698852539,0.0030281543731689453,0.0030281543731689453,0.568342000406119
2,2025-02-23 15:00:00,15,373.484343,191.779526,280.516008,128.212505,40.433194,0.65,0.25,184.1252088546753,64.44382309913635,82.85634398460388,86.61403298377991,259.8420989513397,91.37826919555664,63.96478843688964,216.55121956311035,54.13780489077759,0.0,184.1252088546753,1.3804864883422852,-8.95411491394043,277.400611933909,403.9256925582886,275.94746826196973,412.432101726532,0.5518949365239395,0.6873868362108866,279.76617228707886,0,0,50.5865328264465,0,0,0,0,False,0.0,-4.263256414560601e-14,2.842170943040401e-14,0.0,181.84801198660128,51.55505847930909,0.0861851692199707,15.255714922306277,248.7449705574366,190.69643652882846,1.0117306565289301,0.0,0.0,249.75670121396553,-0.24975670121396554,0.05214405059814453,0.05214405059814453,-0.03762185573577881,-0.03762185573577881,0.011504054069519043,0.011504054069519043,-0.055963218212127686,-0.055963218212127686,0.015314102172851562,0.015314102172851562,0.3027160000783624
2,2025-02-23 16:00:00,16,357.956831,202.005419,265.23769,94.342999,71.04303,0.65,0.25,182.07305073738098,63.725567758083336,81.93287283182144,86.14944219589233,258.448326587677,92.44914650917053,64.71440255641937,200.5232874435806,50.13082186089515,0.0,182.07305073738098,2.0662307739257812,-9.792509078979492,275.94746826196973,412.432101726532,273.7724884999426,421.7349853515625,0.5475449769998852,0.7028916422526041,263.05926752477836,0,0,36.13412483134846,0,0,0,0,False,0.0,-1.4210854715202004e-14,-2.842170943040401e-14,0.0,170.98852389110596,50.98045420646668,0.11094946861267091,14.487776582888346,236.56770414907365,181.09720728610432,0.7226824966269692,0.0,0.0,237.2903866457006,-0.2372903866457006,0.04041743278503418,0.04041743278503418,-0.04278397560119629,-0.04278397560119629,0.017218589782714844,0.017218589782714844,-0.061203181743621826,-0.061203181743621826,0.02721273899078369,0.02721273899078369,0.2880669999285601
2,2025-02-23 17:00:00,17,334.486639,199.562264,224.233683,48.690451,72.013144,1.05,0.25,181.1928153038025,63.417485356330864,81.53676688671112,86.19880557060242,258.59641671180725,93.01329016685486,65.1093031167984,159.1243798832016,39.7810949708004,0.0,181.1928153038025,2.320132255554199,-10.680341720581055,273.7724884999426,421.7349853515625,271.33024402041184,431.8813099861145,0.5426604880408237,0.7198021833101909,274.02532692951775,0,0,36.87728771108243,0,0,0,0,False,0.0,-2.1316282072803006e-14,2.842170943040401e-14,0.0,287.72659327599365,50.733988285064704,0.12300567626953125,14.956199429759621,353.5397866670875,186.95249287199528,0.7375457542216486,0.0,0.0,354.27733242130915,-0.35427733242130915,0.035387516021728516,0.035387516021728516,-0.042235493659973145,-0.042235493659973145,0.01933443546295166,0.01933443546295166,-0.06675213575363159,-0.06675213575363159,0.03348100185394287,0.03348100185394287,0.32795500010252
2,2025-02-23 18:00:00,18,314.754227,181.487603,168.819931,0.0,92.185338,1.05,0.25,179.09275889396667,62.68246561288833,80.591741502285,85.7173490524292,257.1520471572876,94.08235430717468,65.85764801502228,102.96228298497772,25.74057074624443,0.0,179.09275889396667,3.1288576126098633,-11.134014129638672,271.33024402041184,431.8813099861145,268.03670969134885,442.45862340927124,0.5360734193826977,0.737431039015452,268.21548557317544,0,0,51.03981722275921,0,0,0,0,False,0.0,0.0,2.842170943040401e-14,0.0,281.6262598518342,50.145972490310676,0.14953579902648925,14.666965507523187,346.58873364869453,183.33706884403983,1.0207963444551842,0.0,0.0,347.6095299931497,-0.3476095299931497,0.02338719367980957,0.02338719367980957,-0.04758501052856445,-0.04758501052856445,0.026073813438415527,0.026073813438415527,-0.0695875883102417,-0.0695875883102417,0.04535949230194092,0.04535949230194092,0.28522100001282524
2,2025-02-23 19:00:00,19,318.358104,195.598261,182.432974,0.0,76.305417,1.05,0.25,176.8532007932663,61.8986202776432,79.58394035696983,85.19834160804749,255.59502482414246,94.85155820846558,66.3960907459259,116.0368832540741,29.009220813518525,0.0,176.8532007932663,3.256230354309082,-11.847209930419922,268.03670969134885,442.45862340927124,264.6090987920761,453.71347284317017,0.5292181975841522,0.7561891214052836,291.1053987896138,0,0,32.88193604222681,0,0,0,0,False,0.0,7.105427357601002e-14,-2.842170943040401e-14,0.0,305.6606687290945,49.51889622211457,0.15692296028137206,15.638288759435268,370.9747766709257,195.47860949294085,0.6576387208445362,0.0,0.0,371.6324153917702,-0.3716324153917702,0.01058971881866455,0.01058971881866455,-0.053351759910583496,-0.053351759910583496,0.027135252952575684,0.027135252952575684,-0.07404506206512451,-0.07404506206512451,0.05390620231628418,0.05390620231628418,0.28191199999128
2,2025-02-23 20:00:00,20,296.689936,215.703195,158.676299,0.0,109.799686,1.05,0.25,175.38498044013977,61.38474315404891,78.9232411980629,85.42532622814178,256.27597868442535,94.68835115432739,66.28184580802917,92.39445319197083,23.098613297992706,0.0,175.38498044013977,4.342031478881836,-13.259105682373047,264.6090987920761,453.71347284317017,260.0385393406215,466.30962324142456,0.5200770786812431,0.7771827054023742,229.6874148932037,0,0,11.548568045787817,0,0,0,0,False,0.0,-6.394884621840902e-14,0.0,0.0,241.1717856378639,49.10779452323914,0.1965564727783203,12.9124059423432,303.38854257622455,161.40507427929,0.23097136091575635,0.0,0.0,303.6195139371403,-0.3036195139371403,0.002199888229370117,0.002199888229370117,-0.05082970857620239,-0.05082970857620239,0.03618359565734863,0.03618359565734863,-0.08286941051483154,-0.08286941051483154,0.052092790603637695,0.052092790603637695,0.3126989995507756
2,2025-02-23 21:00:00,21,312.149864,229.180739,170.826975,0.0,132.755945,1.05,0.25,174.0367978811264,60.912879258394234,78.31655904650688,85.61040937900543,256.8312281370163,94.37420010566711,66.06194007396698,104.76503492603302,26.191258731508256,2.81585477248575,177.16552540611056,5.570011138916016,-14.408702850341797,260.0385393406215,466.30962324142456,254.17536972070994,479.99789094924927,0.5083507394414198,0.7999964849154154,224.7126967132034,0,0,0.0,0,0,0,0,False,0.0,-1.4210854715202004e-14,2.842170943040401e-14,0.0,235.9483315488636,49.60634711371096,0.23914384841918945,12.722007061878719,298.51582957287246,159.025088273484,0.0,0.0,0.0,298.51582957287246,-0.2985158295728725,-0.005504012107849121,-0.005504012107849121,-0.048773229122161865,-0.048773229122161865,0.0464167594909668,0.0464167594909668,-0.09005439281463623,-0.09005439281463623,0.04860222339630127,0.04860222339630127,0.33782999980758177
2,2025-02-23 22:00:00,22,265.490427,241.761439,171.187964,0.0,118.719961,0.65,0.25,173.71262907981873,60.79942017793655,78.17068308591843,85.69509744644165,257.08529233932495,94.26942229270935,65.98859560489655,105.19936839510345,26.299842098775862,13.850571368564601,189.10215282266827,5.142974853515625,-13.075685501098633,254.17536972070994,479.99789094924927,248.76171198016718,492.41979217529297,0.49752342396033433,0.8206996536254882,192.82301051376533,0,0,0.0,0,0,0,0,False,0.0,-7.105427357601002e-15,0.0,0.0,125.33495683394747,52.948602790347124,0.21966767311096191,11.509846907768367,190.01307420517392,143.8730863471046,0.0,0.0,0.0,190.01307420517392,-0.1900130742051739,-0.007356405258178711,-0.007356405258178711,-0.04783225059509277,-0.04783225059509277,0.042858123779296875,0.042858123779296875,-0.08172303438186646,-0.08172303438186646,0.04743802547454834,0.04743802547454834,0.29973999971844023
2,2025-02-23 23:00:00,23,297.988458,262.150444,171.659388,0.0,126.135946,0.35,0.25,173.56167435646057,60.74658602476119,78.10275346040726,85.58401644229889,256.75204932689667,95.04325032234192,66.53027522563934,105.12911277436066,26.282278193590166,32.76802590393447,209.97059202749887,3.8051605224609375,-10.429134368896484,248.76171198016718,492.41979217529297,244.75627985126093,502.32746982574463,0.48951255970252183,0.8372124497095744,219.16706008866691,0,0,0.0,0,0,0,0,False,0.0,7.105427357601002e-15,0.0,0.0,76.70847103103341,58.79176576769969,0.16630048751831056,13.002880116341325,148.66941740259273,162.53600145426657,0.0,207.5711899744837,415.1423799489674,563.8117973515601,-0.5638117973515602,-0.008219003677368164,-0.008219003677368164,-0.04906648397445679,-0.04906648397445679,0.03170967102050781,0.03170967102050781,-0.06518208980560303,-0.06518208980560303,0.05603611469268799,0.05603611469268799,0.30267200054368004
3,2025-02-24 00:00:00,0,240.814784,215.644553,141.351871,0.0,150.138421,0.35,0.25,150.0,52.5,67.5,87.28210151195526,261.8463045358658,93.69345545768738,65.58541882038116,75.76645217961882,18.941613044904706,0.0,150.0,-2.036898136138916,-11.937408447265625,250.0,300.0,251.93505322933197,311.34053802490234,0.5038701064586639,0.5189008967081705,146.43697569299894,0,0,8.070887630912807,0,0,0,0,False,0.14112014429909847,4.973799150320701e-14,-2.842170943040401e-14,0.0,51.252941492549624,42.00000000000001,0.1207939863204956,8.843226930491955,102.21696240936208,110.54033663114943,0.16141775261825614,0.0,0.0,102.37838016198035,-0.10237838016198035,-0.0017369985580444336,-0.1428571428571429,-0.030198872089385986,-0.030198872089385986,-0.016974151134490967,-0.016974151134490967,-0.07460880279541016,-0.07460880279541016,0.0410383939743042,0.0410383939743042,0.5380549991969019
3,2025-02-24 01:00:00,1,247.996661,252.41548,129.571409,0.0,118.55716,0.35,0.25,175.0793159008026,61.27776056528091,78.78569215536118,89.55033302307129,268.65099906921387,91.58431649208069,64.10902154445648,65.4623874555435,16.365596863885877,7.080416363697054,182.94644519379935,-1.7357540130615234,-10.517311096191406,251.93505322933197,311.34053802490234,253.58401954174042,321.3319835662842,0.5071680390834808,0.535553305943807,175.81342433473776,0,0,0.0,0,0,0,0,False,0.0,-4.973799150320701e-14,0.0,0.0,61.53469851715821,51.22500465426382,0.10465917587280274,10.662933793829252,123.52729614112408,133.28667242286565,0.0,0.0,0.0,123.52729614112408,-0.12352729614112408,0.0004532337188720703,0.0004532337188720703,-0.004996299743652344,-0.004996299743652344,-0.014464616775512695,-0.014464616775512695,-0.06573319435119629,-0.06573319435119629,0.017603516578674316,0.017603516578674316,0.28007699984300416
3,2025-02-24 02:00:00,2,232.441725,264.654062,149.559364,0.0,123.471811,0.35,0.25,175.77905654907227,61.522669792175286,79.10057544708252,90.47868847846985,271.43606543540955,90.42923927307129,63.300467491149895,86.25889650885009,21.56472412721252,13.29028984614564,190.54604526701186,-1.9974946975708008,-8.743629455566406,253.58401954174042,321.3319835662842,255.48163950443268,329.63843154907227,0.5109632790088654,0.5493973859151204,161.4881515110779,0,0,0.0,0,0,0,0,False,0.0,2.1316282072803006e-14,0.0,0.0,56.520853028877255,53.352892674763325,0.10364298820495606,10.154215390759619,120.13160408260515,126.92769238449523,0.0,0.0,0.0,120.13160408260515,-0.12013160408260515,0.004451751708984375,0.004451751708984375,0.005318760871887207,0.005318760871887207,-0.01664578914642334,-0.01664578914642334,-0.05464768409729004,-0.05464768409729004,0.004769325256347656,0.004769325256347656,0.3184850002071471
3,2025-02-24 03:00:00,3,239.989672,268.209452,123.580958,0.0,127.695319,0.35,0.25,176.81823670864105,61.88638284802436,79.56820651888847,90.89314341545105,272.67943024635315,89.85345482826233,62.89741837978362,60.68353962021637,15.170884905054093,13.248407956697463,191.53868999386046,-1.9583487510681152,-7.433137893676758,255.48163950443268,329.63843154907227,257.3420708179474,336.6999125480652,0.5146841416358948,0.561166520913442,158.43034722354895,0,0,0.0,0,0,0,0,False,0.0,3.019806626980426e-14,0.0,0.0,55.45062152824213,53.63083319828093,0.09591615200042725,10.035554317737923,119.21292519626141,125.44442897172402,0.0,0.0,0.0,119.21292519626141,-0.11921292519626141,0.010389924049377441,0.010389924049377441,0.009923815727233887,0.009923815727233887,-0.016319572925567627,-0.016319572925567627,-0.046457111835479736,-0.046457111835479736,-0.001628279685974121,-0.001628279685974121,0.31866199969954323
3,2025-02-24 04:00:00,4,217.515557,265.537074,138.956174,0.0,110.799383,0.35,0.25,177.7222752571106,62.2027963399887,79.97502386569977,91.08178853988647,273.2453656196594,89.10420656204224,62.37294459342956,76.58322940657044,19.14580735164261,7.573730737327594,186.13753163191905,-1.997838020324707,-6.152839660644531,257.3420708179474,336.6999125480652,259.24001693725586,342.5451102256775,0.5184800338745117,0.5709085170427958,156.73881157186506,0,0,0.0,0,0,0,0,False,0.0,-2.1316282072803006e-14,0.0,0.0,54.858584050152764,52.11850885693734,0.09069933891296386,9.874708215272767,116.94250046127584,123.43385269090959,0.0,0.0,0.0,116.94250046127584,-0.11694250046127584,0.015555858612060547,0.015555858612060547,0.012019872665405273,0.012019872665405273,-0.01664865016937256,-0.01664865016937256,-0.03845524787902832,-0.03845524787902832,-0.00995326042175293,-0.00995326042175293,0.2981429997817031
3,2025-02-24 05:00:00,5,236.514939,277.773589,139.941087,0.0,102.099532,0.35,0.25,178.5949170589447,62.50822097063064,80.36771267652512,91.29942297935486,273.8982689380646,88.90955328941345,62.23668730258941,77.7043996974106,19.42609992435265,17.19042460609819,197.69538884349825,-2.0946264266967773,-4.773263931274414,259.24001693725586,342.5451102256775,261.2299120426178,347.0797109603882,0.5224598240852356,0.5784661849339803,184.72733535977363,0,0,0.0,0,0,0,0,False,0.0,-4.973799150320701e-14,0.0,0.0,64.65456737592076,55.354708876179515,0.08670511245727539,11.29112897732601,131.38711034188356,141.13911221657514,0.0,0.0,0.0,131.38711034188356,-0.13138711034188355,0.020542383193969727,0.020542383193969727,0.014438033103942871,0.014438033103942871,-0.017455220222473145,-0.017455220222473145,-0.029832899570465088,-0.029832899570465088,-0.012116074562072754,-0.012116074562072754,0.3239520001443452
3,2025-02-24 06:00:00,6,245.502048,282.857351,143.950029,0.0,82.672711,0.35,0.25,179.88397777080536,62.95939221978187,80.94778999686241,91.22127413749695,273.66382241249084,88.8866525888443,62.220656812191,81.72937218780899,20.432343046952248,20.937370503831858,203.147722775063,-1.9623255729675293,-3.8049793243408203,261.2299120426178,347.0797109603882,263.09412133693695,350.69444131851196,0.5261882426738739,0.5844907355308533,213.48588753763488,0,0,0.0,0,0,0,0,False,0.0,2.1316282072803006e-14,0.0,0.0,74.7200606381722,56.881362377017645,0.07789466381072997,12.643742616056944,144.32306029505753,158.0467827007118,0.0,0.0,0.0,144.32306029505753,-0.14432306029505754,0.02790844440460205,0.02790844440460205,0.01356971263885498,0.01356971263885498,-0.016352713108062744,-0.016352713108062744,-0.023781120777130127,-0.023781120777130127,-0.012370526790618896,-0.012370526790618896,0.24555499931011582
3,2025-02-24 07:00:00,7,256.881878,261.641567,172.139743,57.595007,93.544346,0.65,0.25,182.84102976322174,63.9943604171276,82.27846339344978,91.02861642837524,273.08584928512573,88.2289320230484,61.76025241613387,110.37949058386613,27.594872645966532,0.9191788218898864,183.8623395653216,-0.681459903717041,-6.412992477416992,263.09412133693695,350.69444131851196,263.74150824546814,356.7867841720581,0.5274830164909363,0.5946446402867636,161.05311356093117,0,0,0.0,0,0,0,0,False,0.0,-1.4210854715202004e-14,0.0,0.0,104.68452381460526,51.481455078290054,0.052508759498596194,10.028134429726117,166.24662208212004,125.35168037157646,0.0,0.0,0.0,166.24662208212004,-0.16624662208212004,0.04480588436126709,0.04480588436126709,0.011429071426391602,0.011429071426391602,-0.005678832530975342,-0.005678832530975342,-0.0400812029838562,-0.0400812029838562,-0.01967853307723999,-0.01967853307723999,0.39465200006816303
3,2025-02-24 08:00:00,8,294.522814,252.191796,211.622845,107.208571,76.137936,0.65,0.25,185.40492355823517,64.89172324538231,83.43221560120583,90.20731329917908,270.62193989753723,88.1894713640213,61.732629954814904,149.8902150451851,37.472553761296275,0.0,185.40492355823517,-1.565401554107666,-7.052526473999023,263.74150824546814,356.7867841720581,265.2286397218704,363.4866843223572,0.5304572794437409,0.6058111405372619,175.5298523692007,0,0,6.620361660722722,0,0,0,0,False,0.0,2.1316282072803006e-14,0.0,0.0,114.09440403998046,51.913378596305854,0.08222467899322511,10.689792281176594,176.77979959645614,133.62240351470743,0.13240723321445444,0.0,0.0,176.9122068296706,-0.1769122068296706,0.059456706047058105,0.059456706047058105,0.002303481101989746,0.002303481101989746,-0.013045012950897217,-0.013045012950897217,-0.044078290462493896,-0.044078290462493896,-0.020116984844207764,-0.020116984844207764,0.24042700079007773
3,2025-02-24 09:00:00,9,285.609786,241.88966,234.535055,147.284632,50.638944,0.65,0.25,187.6307338476181,65.67075684666634,84.43383023142815,89.49010670185089,268.4703201055527,88.20955574512482,61.746689021587365,172.78836597841263,43.19709149460316,0.0,187.6307338476181,-1.8559741973876953,-7.901830673217773,265.2286397218704,363.4866843223572,266.99181520938873,370.99342346191406,0.5339836304187775,0.6183223724365234,156.5586255471754,0,0,14.903103918638237,0,0,0,0,False,0.0,7.105427357601002e-14,0.0,0.0,101.76310660566402,52.536605477333076,0.09518837928771973,9.890671265637607,164.28557172792245,123.6333908204701,0.29806207837276477,0.0,0.0,164.5836338062952,-0.1645836338062952,0.07217562198638916,0.07217562198638916,-0.005665481090545654,-0.005665481090545654,-0.015466451644897461,-0.015466451644897461,-0.049386441707611084,-0.049386441707611084,-0.0198938250541687,-0.0198938250541687,0.3443370005697943
3,2025-02-24 10:00:00,10,285.415209,220.913511,256.387628,180.081761,71.233834,0.65,0.25,188.75578045845032,66.06452316045761,84.94010120630264,89.28094804286957,267.8428441286087,88.26376855373383,61.78463798761367,194.60299001238633,48.65074750309658,0.0,188.75578045845032,-1.600334644317627,-8.759927749633789,266.99181520938873,370.99342346191406,268.5121331214905,379.31535482406616,0.5370242662429809,0.6321922580401103,107.56712102982615,0,0,34.84573803154376,0,0,0,0,False,0.0,-1.4210854715202004e-14,-2.842170943040401e-14,0.0,69.918628669387,52.851618528366096,0.09180967807769774,7.7530458126475565,130.61510268847834,96.91307265809445,0.6969147606308752,0.0,0.0,131.31201744910922,-0.13131201744910923,0.07860445976257324,0.07860445976257324,-0.007989466190338135,-0.007989466190338135,-0.013336122035980225,-0.013336122035980225,-0.05474954843521118,-0.05474954843521118,-0.019291460514068604,-0.019291460514068604,0.26323599922761787
3,2025-02-24 11:00:00,11,331.002482,215.745117,270.369118,203.022232,39.452012,0.65,0.25,188.63494992256165,66.02223247289658,84.88572746515274,89.03356790542603,267.1007037162781,88.45666766166687,61.9196673631668,208.4494506368332,52.1123626592083,0.0,188.63494992256165,-1.0133886337280273,-8.26436996459961,268.5121331214905,379.31535482406616,269.4748523235321,387.1665062904358,0.5389497046470642,0.6452775104840597,164.66532472546578,0,0,39.520276555164344,0,0,0,0,False,0.0,1.4210854715202004e-14,0.0,0.0,107.03246107155276,52.81778597831727,0.07172350883483886,10.263433486681482,170.18540404538638,128.2929185835185,0.7904055311032869,0.0,0.0,170.97580957648967,-0.17097580957648967,0.07791399955749512,0.07791399955749512,-0.010738134384155273,-0.010738134384155273,-0.008444905281066895,-0.008444905281066895,-0.05165231227874756,-0.05165231227874756,-0.017148137092590332,-0.017148137092590332,0.2937159997600247
3,2025-02-24 12:00:00,12,325.257764,191.904575,286.670128,218.695508,36.50972,0.65,0.25,187.8921926021576,65.76226741075516,84.55148667097092,88.9502477645874,266.8507432937622,88.86317253112793,62.204220771789544,224.46590722821043,56.11647680705261,0.0,187.8921926021576,-0.048394203186035156,-8.01762580871582,269.4748523235321,387.1665062904358,269.52082681655884,394.7832508087158,0.5390416536331176,0.6579720846811931,149.40538736407092,0,0,62.61685662488935,0,0,0,0,False,0.0,0.0,2.842170943040401e-14,0.0,97.1135017866461,52.60981392860413,0.04153995513916016,9.580112125653642,159.34496779604305,119.75140157067052,1.252337132497787,0.0,0.0,160.59730492854084,-0.16059730492854082,0.0736696720123291,0.0736696720123291,-0.01166391372680664,-0.01166391372680664,-0.00040328502655029297,-0.00040328502655029297,-0.05011016130447388,-0.05011016130447388,-0.012631416320800781,-0.012631416320800781,0.23763799981679767
3,2025-02-24 13:00:00,13,322.636065,191.208007,268.622497,194.748308,38.682054,0.65,0.25,186.82532906532288,65.388865172863,84.0713980793953,88.44893753528595,265.34681260585785,89.4901442527771,62.64310097694396,205.97939602305604,51.49484900576401,0.0,186.82532906532288,1.1517620086669922,-7.850780487060547,269.52082681655884,394.7832508087158,268.3084457548041,402.24149227142334,0.5366168915096082,0.6704024871190389,162.60886235951995,0,0,60.86927894541549,0,0,0,0,False,0.0,1.4210854715202004e-14,0.0,0.0,105.69576053368797,52.31109213829041,0.0738067626953125,10.143995208864045,168.22465464353775,126.79994011080055,1.2173855789083097,0.0,0.0,169.44204022244605,-0.16944204022244605,0.06757330894470215,0.06757330894470215,-0.01723402738571167,-0.01723402738571167,0.009598016738891602,0.009598016738891602,-0.04906737804412842,-0.04906737804412842,-0.0056650638580322266,-0.0056650638580322266,0.35972400019090855
3,2025-02-24 14:00:00,14,319.48192,172.684097,253.24595,183.154343,51.960544,0.65,0.25,185.39737164974213,64.88908007740974,83.42881724238396,87.77061223983765,263.31183671951294,90.41639685630798,63.29147779941558,189.9544722005844,47.4886180501461,0.0,185.39737164974213,1.582789421081543,-8.675756454467773,268.3084457548041,402.24149227142334,266.64235162734985,410.4834609031677,0.5332847032546997,0.6841391015052796,153.15439379149245,0,0,74.96440365112113,0,0,0,0,False,0.0,0.0,0.0,0.0,99.5503559644701,51.9112640619278,0.09086246490478517,9.705151273221544,161.2576337645242,121.31439091526929,1.4992880730224227,0.0,0.0,162.75692183754663,-0.16275692183754661,0.05941355228424072,0.05941355228424072,-0.02477097511291504,-0.02477097511291504,0.013189911842346191,0.013189911842346191,-0.054223477840423584,-0.054223477840423584,0.004626631736755371,0.004626631736755371,0.30064399925322505
3,2025-02-24 15:00:00,15,299.566791,164.087956,236.589529,160.069845,66.598981,0.65,0.25,183.59645009040833,64.25875753164291,82.61840254068375,87.13636636734009,261.40909910202026,91.42000436782837,63.99400305747985,172.59552594252014,43.148881485630035,0.0,183.59645009040833,2.006077766418457,-9.751977920532227,266.64235162734985,410.4834609031677,264.5306908205936,419.74783992767334,0.5290613816411871,0.6995797332127889,136.91837755490883,0,0,78.76756335434342,0,0,0,0,False,0.0,2.1316282072803006e-14,0.0,0.0,88.99694541069074,51.40700602531434,0.10894222259521485,8.961951813862523,149.47484547246282,112.02439767328153,1.5753512670868686,0.0,0.0,151.05019673954968,-0.15105019673954967,0.04912257194519043,0.04912257194519043,-0.03181815147399902,-0.03181815147399902,0.01671731472015381,0.01671731472015381,-0.060949862003326416,-0.060949862003326416,0.0157778263092041,0.0157778263092041,0.2775630000542151
3,2025-02-24 16:00:00,16,290.555337,159.148934,201.953173,103.220153,60.382122,0.65,0.25,181.56736493110657,63.54857772588729,81.70531421899796,86.57423436641693,259.7227030992508,92.54555583000183,64.78188908100128,137.1712839189987,34.29282097974968,0.0,181.56736493110657,2.546210289001465,-10.220603942871094,264.5306908205936,419.74783992767334,261.8504694637499,429.4574136734009,0.5237009389274998,0.7157623561223349,181.72532933127783,0,0,79.51292354537583,0,0,0,0,False,0.0,-2.842170943040401e-14,0.0,0.0,118.1214640653306,50.838862180709846,0.12748932838439941,10.90099232947393,179.98880790389876,136.26240411842412,1.5902584709075165,0.0,0.0,181.57906637480627,-0.18157906637480628,0.03752779960632324,0.03752779960632324,-0.03806406259536743,-0.03806406259536743,0.021218419075012207,0.021218419075012207,-0.06387877464294434,-0.06387877464294434,0.02828395366668701,0.02828395366668701,0.38448099985544104
3,2025-02-24 17:00:00,17,263.407874,152.878438,174.056782,52.183086,58.42124,1.05,0.25,180.59310615062714,63.20758715271949,81.26689776778221,86.51963531970978,259.55890595912933,93.15325856208801,65.20728099346161,108.84950100653839,27.212375251634597,0.0,180.59310615062714,2.9334068298339844,-11.021385192871094,261.8504694637499,429.4574136734009,258.7626728007668,439.9277296066284,0.5175253456015335,0.733212882677714,200.3945645887909,0,0,83.77272197195245,0,0,0,0,False,0.0,2.842170943040401e-14,0.0,0.0,210.41429281823045,50.566069722175605,0.143109130859375,11.706850540316834,272.8303222115823,146.33563175396043,1.675454439439049,0.0,0.0,274.50577665102134,-0.2745057766510213,0.03196060657501221,0.03196060657501221,-0.03867071866989136,-0.03867071866989136,0.024445056915283203,0.024445056915283203,-0.06888365745544434,-0.06888365745544434,0.03503620624542236,0.03503620624542236,0.3675240004668012
3,2025-02-24 18:00:00,18,250.736893,157.27898,130.963171,0.0,95.076432,1.05,0.25,178.91975343227386,62.621913701295846,80.51388904452324,85.91087579727173,257.7326273918152,94.18996453285217,65.93297517299652,65.03019582700347,16.257548956750867,0.0,178.91975343227386,3.6337852478027344,-11.584835052490234,258.7626728007668,439.9277296066284,254.93763569781655,450.93332290649414,0.509875271395633,0.7515555381774902,191.57318680492398,0,0,75.19273685099603,0,0,0,0,False,0.0,-2.842170943040401e-14,0.0,0.0,201.1518461451702,50.09753096103669,0.1669377326965332,11.291936274333038,262.70825111323643,141.14920342916298,1.5038547370199207,0.0,0.0,264.21210585025636,-0.26421210585025634,0.02239859104156494,0.02239859104156494,-0.04543471336364746,-0.04543471336364746,0.030281543731689453,0.030281543731689453,-0.07240521907806396,-0.07240521907806396,0.046555161476135254,0.046555161476135254,0.3276229999755742
3,2025-02-24 19:00:00,19,257.402912,163.436551,135.934933,0.0,79.921509,1.05,0.25,176.73808634281158,61.85833021998405,79.53213885426521,85.44166624546051,256.32499873638153,94.94369745254517,66.46058821678162,69.47434478321838,17.368586195804596,0.0,176.73808634281158,3.835887908935547,-12.213058471679688,254.93763569781655,450.93332290649414,250.8998589515686,462.53572845458984,0.5017997179031372,0.7708928807576497,214.5974373123455,0,0,65.26383066642188,0,0,0,0,False,0.0,0.0,0.0,0.0,225.3273091779628,49.48666417598725,0.17614192962646483,12.270096623228188,287.2602119068047,153.37620779035234,1.3052766133284377,0.0,0.0,288.56548852013316,-0.28856548852013314,0.00993192195892334,0.00993192195892334,-0.05064815282821655,-0.05064815282821655,0.03196573257446289,0.03196573257446289,-0.07633161544799805,-0.07633161544799805,0.05492997169494629,0.05492997169494629,0.29055199956928845
3,2025-02-24 20:00:00,20,264.506443,195.101333,116.00874,0.0,103.872636,1.05,0.25,175.31031668186188,61.35861083865165,78.88964250683784,85.53938448429108,256.61815345287323,94.78220701217651,66.34754490852356,49.66119509147644,12.41529877286911,0.0,175.31031668186188,4.789152145385742,-13.500137329101562,250.8998589515686,462.53572845458984,245.85864616695204,475.3608589172363,0.4917172923339041,0.7922680981953939,192.44072727312277,0,0,32.12411861843299,0,0,0,0,False,0.0,-3.552713678800501e-15,0.0,0.0,202.06276363677893,49.08688867092133,0.21117525100708007,11.272357066927194,262.63318462563456,140.9044633365899,0.6424823723686598,0.0,0.0,263.2756669980032,-0.2632756669980032,0.001773238182067871,0.001773238182067871,-0.04956239461898804,-0.04956239461898804,0.03990960121154785,0.03990960121154785,-0.08437585830688477,-0.08437585830688477,0.05313563346862793,0.05313563346862793,0.26329000047553563
3,2025-02-24 21:00:00,21,237.726758,183.78372,144.153513,0.0,110.888919,1.05,0.25,174.06311482191086,60.92209018766879,78.32840166985989,85.63372313976288,256.90116941928864,94.527987241745,66.1695910692215,77.98392193077851,19.495980482694627,0.0,174.06311482191086,6.061921119689941,-14.643535614013672,245.85864616695204,475.3608589172363,239.47767656727842,489.2722177505493,0.47895535313455684,0.8154536962509156,164.9835313150988,0,0,42.27432823338984,0,0,0,0,False,0.0,2.1316282072803006e-14,2.842170943040401e-14,0.0,173.23270788085372,48.73767215013505,0.2550753116607666,10.044285215014922,232.26974055766445,125.55356518768652,0.8454865646677968,0.0,0.0,233.11522712233224,-0.23311522712233224,-0.0053536295890808105,-0.0053536295890808105,-0.04851418733596802,-0.04851418733596802,0.05051600933074951,0.05051600933074951,-0.09152209758758545,-0.09152209758758545,0.05031096935272217,0.05031096935272217,0.25656399975559907
3,2025-02-24 22:00:00,22,238.837798,204.736914,128.189669,0.0,152.884057,0.65,0.25,173.95111918449402,60.8828917145729,78.27800363302231,85.92723190784454,257.78169572353363,94.5379114151001,66.17653799057007,62.01313100942994,15.503282752357485,0.0,173.95111918449402,5.471491813659668,-13.078842163085938,239.47767656727842,489.2722177505493,233.71821150026824,501.69711780548096,0.4674364230005365,0.836161863009135,121.02987213196948,0,0,23.70603177836989,0,0,0,0,False,0.0,4.973799150320701e-14,0.0,0.0,78.66941688578017,48.70631337165833,0.22953896522521972,8.108532280758563,135.71380150342227,101.35665350948203,0.4741206355673978,0.0,0.0,136.18792213898968,-0.13618792213898967,-0.00599360466003418,-0.00599360466003418,-0.045252978801727295,-0.045252978801727295,0.045595765113830566,0.045595765113830566,-0.08174276351928711,-0.08174276351928711,0.05042123794555664,0.05042123794555664,0.2787829998851521
3,2025-02-24 23:00:00,23,233.1949,213.994051,134.477077,0.0,154.740141,0.35,0.25,173.66227954626083,60.781797841191285,78.14802579581738,85.82831740379333,257.48495221138,95.38297891616821,66.76808524131775,67.70899175868226,16.927247939670565,0.0,173.66227954626083,4.3116044998168945,-10.412368774414062,233.71821150026824,501.69711780548096,229.1796804478294,511.5888681411743,0.4583593608956588,0.8526481135686239,116.11692200245568,0,0,15.843579316615092,0,0,0,0,False,0.0,-2.842170943040401e-14,0.0,0.0,40.640922700859484,48.62543827295304,0.18140997886657717,7.8877410408482245,97.33551199352733,98.5967630106028,0.31687158633230184,232.4091876933449,464.8183753866898,562.4707589665494,-0.5624707589665494,-0.0076441168785095215,-0.0076441168785095215,-0.04635202884674072,-0.04635202884674072,0.03593003749847412,0.03593003749847412,-0.06507730484008789,-0.06507730484008789,0.05981087684631348,0.05981087684631348,0.35981699966214364
4,2025-02-25 00:00:00,0,305.020711,303.302601,181.642816,0.0,143.298753,0.35,0.25,150.0,52.5,67.5,87.26366400718689,261.79099202156067,93.01798939704895,65.11259257793427,116.53022342206575,29.132555855516436,78.78346266381834,237.53718073757594,-2.8420186042785645,-11.753864288330078,250.0,300.0,252.69991767406464,311.1661710739136,0.5053998353481293,0.5186102851231893,228.46019646698187,0,0,0.0,0,0,0,0,False,0.14268345492226742,7.105427357601002e-15,0.0,0.0,79.96106876344365,66.51041060652126,0.14402987957000732,13.852843536348418,160.46835278588335,173.16054420435523,0.0,0.0,0.0,160.46835278588335,-0.16046835278588337,-0.00017368793487548828,-0.1428571428571429,-0.030403733253479004,-0.030403733253479004,-0.023683488368988037,-0.023683488368988037,-0.07346165180206299,-0.07346165180206299,0.03353321552276611,0.03353321552276611,0.39047200061759213
4,2025-02-25 01:00:00,1,308.594346,336.448303,198.353742,0.0,134.238815,0.35,0.25,175.34000277519226,61.369000971317284,78.90300124883652,89.62824583053589,268.88473749160767,90.89820742607117,63.62874519824981,134.7249968017502,33.68124920043755,89.86514909651567,275.19016843798744,-2.643563747406006,-10.306377410888672,252.69991767406464,311.1661710739136,255.21130323410034,320.9572296142578,0.5104226064682007,0.534928716023763,238.93958880706214,0,0,0.0,0,0,0,0,False,0.0,0.0,0.0,0.0,83.62885608247174,77.0532471626365,0.13083879947662352,14.916384602518534,175.7293266471034,186.45480753148166,0.0,0.0,0.0,175.7293266471034,-0.1757293266471034,0.0019428730010986328,0.0019428730010986328,-0.00413060188293457,-0.00413060188293457,-0.02202969789505005,-0.02202969789505005,-0.0644148588180542,-0.0644148588180542,0.009980082511901855,0.009980082511901855,0.34144799974455964
4,2025-02-25 02:00:00,2,306.846826,344.954753,179.803142,0.0,118.347785,0.35,0.25,175.83221197128296,61.54127418994903,79.12449538707733,90.47743320465088,271.43229961395264,90.23003697395325,63.161025881767266,116.64211611823274,29.160529029558184,93.13315816567228,279.31349882202994,-2.591578960418701,-8.505163192749023,255.21130323410034,320.9572296142578,257.6733032464981,329.0371346473694,0.5153466064929962,0.5483952244122823,249.18730800467875,0,0,0.0,0,0,0,0,False,0.0,-7.105427357601002e-15,0.0,0.0,87.21555780163756,78.20777967016839,0.12027318477630615,15.433257533358345,180.9768681899406,192.9157191669793,0.0,0.0,0.0,180.9768681899406,-0.1809768681899406,0.004755496978759766,0.004755496978759766,0.005304813385009766,0.005304813385009766,-0.02159649133682251,-0.02159649133682251,-0.053157269954681396,-0.053157269954681396,0.0025559663772583008,0.0025559663772583008,0.33225800052605337
4,2025-02-25 03:00:00,3,316.041216,349.229591,191.386121,0.0,133.320276,0.35,0.25,176.65027976036072,61.827597916126244,79.49262589216232,91.00164413452148,273.00493240356445,89.606654047966,62.724657833576195,128.6614631664238,32.16536579160595,93.13140373221972,280.12961724060483,-2.907278537750244,-6.792716979980469,257.6733032464981,329.0371346473694,260.43521785736084,335.49021577835083,0.5208704357147217,0.5591503596305847,246.96763054775147,0,0,0.0,0,0,0,0,False,0.0,5.684341886080802e-14,0.0,0.0,86.43867069171301,78.43629282736936,0.12118194103240967,15.348649619950743,180.34479508006552,191.85812024938429,0.0,0.0,0.0,180.34479508006552,-0.1803447950800655,0.009430170059204102,0.009430170059204102,0.011129379272460938,0.011129379272460938,-0.0242273211479187,-0.0242273211479187,-0.04245448112487793,-0.04245448112487793,-0.004370510578155518,-0.004370510578155518,0.27918300020246534
4,2025-02-25 04:00:00,4,305.729477,372.213289,175.656596,0.0,95.764504,0.35,0.25,177.59712636470795,62.158994227647774,79.91870686411858,91.18736028671265,273.56208086013794,88.92004609107971,62.24403226375579,113.41256373624421,28.353140934061052,112.85982847949407,302.996935786368,-2.6631689071655273,-5.207281112670898,260.43521785736084,335.49021577835083,262.9652283191681,340.4371328353882,0.5259304566383362,0.5673952213923137,270.00964890029144,0,0,0.0,0,0,0,0,False,0.0,7.105427357601002e-15,0.0,0.0,94.503377115102,84.83914202018305,0.10593147277832032,16.728375524194714,196.17682613225807,209.10469405243393,0.0,0.0,0.0,196.17682613225807,-0.19617682613225806,0.01484072208404541,0.01484072208404541,0.013192892074584961,0.013192892074584961,-0.022193074226379395,-0.022193074226379395,-0.032545506954193115,-0.032545506954193115,-0.01199948787689209,-0.01199948787689209,0.29893400005676085
4,2025-02-25 05:00:00,5,317.505448,368.244824,195.787296,0.0,85.141724,0.35,0.25,178.50187420845032,62.475655972957604,80.32584339380264,91.39116525650024,274.17349576950073,88.58181953430176,62.00727367401122,133.78002232598877,33.44500558149719,106.15103293239974,296.4474663555611,-2.843778133392334,-3.823728561401367,262.9652283191681,340.4371328353882,265.6668175458908,344.0696749687195,0.5313336350917817,0.5734494582811991,297.56801699843214,0,0,0.0,0,0,0,0,False,0.0,-7.105427357601002e-15,0.0,0.0,104.14880594945124,83.00529057955713,0.10443198680877686,17.836152209619996,205.09468072543714,222.95190262024994,0.0,0.0,0.0,205.09468072543714,-0.20509468072543716,0.020010709762573242,0.020010709762573242,0.015457391738891602,0.015457391738891602,-0.023698151111602783,-0.023698151111602783,-0.023898303508758545,-0.023898303508758545,-0.01575756072998047,-0.01575756072998047,0.22898999941389775
4,2025-02-25 06:00:00,6,323.841255,353.033224,175.856279,0.0,73.102263,0.35,0.25,180.30655086040497,63.10729280114173,81.13794788718224,91.4503026008606,274.3509078025818,88.5098397731781,61.95688784122466,113.89939115877533,28.474847789693833,89.46588258292581,279.71308706365585,-2.5596213340759277,-3.4116744995117188,265.6668175458908,344.0696749687195,268.09845781326294,347.3107657432556,0.5361969156265258,0.5788512762387593,310.11647092348863,0,0,0.0,0,0,0,0,False,0.0,2.1316282072803006e-14,0.0,0.0,108.54076482322101,78.31966437782364,0.09384701251983642,18.120534113651996,205.07481032721648,226.50667642064994,0.0,0.0,0.0,205.07481032721648,-0.20507481032721647,0.030323147773742676,0.030323147773742676,0.016114473342895508,0.016114473342895508,-0.021330177783966064,-0.021330177783966064,-0.021322965621948242,-0.021322965621948242,-0.01655733585357666,-0.01655733585357666,0.34111399963876465
4,2025-02-25 07:00:00,7,354.355467,336.536345,230.985863,59.15225,80.962933,0.65,0.25,183.22941064834595,64.13029372692108,82.45323479175568,91.16225481033325,273.48676443099976,87.88059890270233,61.516419231891625,169.46944376810836,42.36736094202709,74.14205622169493,265.60947311689586,-1.658341884613037,-5.665111541748047,268.09845781326294,347.3107657432556,269.6738826036453,352.69262170791626,0.5393477652072907,0.5878210361798605,285.29794791005224,0,0,0.0,0,0,0,0,False,0.0,-2.842170943040401e-14,0.0,0.0,185.44366614153395,74.37065247273085,0.07807581424713134,16.802861277912633,276.69525570642463,210.03576597390793,0.0,0.0,0.0,276.69525570642463,-0.2766952557064246,0.047025203704833984,0.047025203704833984,0.012913942337036133,0.012913942337036133,-0.013819515705108643,-0.013819515705108643,-0.03540694713592529,-0.03540694713592529,-0.023548901081085205,-0.023548901081085205,0.2593730005173711
4,2025-02-25 08:00:00,8,372.041946,328.790359,279.361664,105.672348,71.502044,0.65,0.25,185.67161858081818,64.98506650328636,83.55222836136818,90.16181230545044,270.4854369163513,87.80488014221191,61.46341609954833,217.89824790045168,54.47456197511292,69.12506158116724,262.4772425598929,-2.5168275833129883,-6.567487716674805,269.6738826036453,352.69262170791626,272.06486880779266,358.9317350387573,0.5441297376155854,0.5982195583979288,277.03568936059,0,0,0.0,0,0,0,0,False,0.0,5.684341886080802e-14,0.0,0.0,180.07319808438353,73.49362791677001,0.10834226608276368,16.38920621282425,270.06437448006056,204.8650776603031,0.0,0.0,0.0,270.06437448006056,-0.27006437448006054,0.06098067760467529,0.06098067760467529,0.0017979145050048828,0.0017979145050048828,-0.020973563194274902,-0.020973563194274902,-0.04104679822921753,-0.04104679822921753,-0.024390220642089844,-0.024390220642089844,0.3620309998950688
4,2025-02-25 09:00:00,9,400.291032,339.152293,299.93118,155.20617,49.822751,0.65,0.25,188.2871448993683,65.9005007147789,84.72921520471573,89.38914835453033,268.167445063591,87.68831670284271,61.38182169198989,238.54935830801008,59.63733957700252,81.46101066805647,278.7993789749866,-3.2039451599121094,-7.517061233520508,272.06486880779266,358.9317350387573,275.10861670970917,366.0729432106018,0.5502172334194183,0.6101215720176697,281.5920433766661,0,0,0.0,0,0,0,0,False,0.0,1.4210854715202004e-14,0.0,0.0,183.03482819483295,78.06382611299625,0.13370366096496583,16.850839972173095,278.08319794096724,210.63549965216367,0.0,0.0,0.0,278.08319794096724,-0.27808319794096725,0.07592654228210449,0.07592654228210449,-0.006787240505218506,-0.006787240505218506,-0.026699542999267578,-0.026699542999267578,-0.046981632709503174,-0.046981632709503174,-0.025685369968414307,-0.025685369968414307,0.3103279996139463
4,2025-02-25 10:00:00,10,417.136128,295.535571,347.720331,203.748169,67.954871,0.65,0.25,189.5197331905365,66.33190661668777,85.28387993574142,88.97146940231323,266.9144082069397,87.80166149139404,61.46116304397582,286.25916795602416,71.56479198900604,39.52452631892777,233.4358735449007,-2.9601216316223145,-8.385581970214844,275.10861670970917,366.0729432106018,277.92073225975037,374.0392460823059,0.5558414645195008,0.6233987434705098,242.5975644062538,0,0,0.0,0,0,0,0,False,0.0,0.0,0.0,0.0,157.68841686406498,65.3620445925722,0.13073155879974366,14.409266810593579,237.5904598260305,180.11583513241973,0.0,0.0,0.0,237.5904598260305,-0.2375904598260305,0.08296990394592285,0.08296990394592285,-0.011428117752075195,-0.011428117752075195,-0.024667680263519287,-0.024667680263519287,-0.05240988731384277,-0.05240988731384277,-0.024425983428955078,-0.024425983428955078,0.30327399963425705
4,2025-02-25 11:00:00,11,444.680692,282.418652,353.284014,224.917682,62.678692,0.65,0.25,189.63163495063782,66.37107223272324,85.33423572778702,88.74171137809753,266.2251341342926,88.3294665813446,61.830626606941216,291.4533873930588,72.8633468482647,27.11138856606675,219.75540002404531,-2.095034122467041,-7.922639846801758,277.92073225975037,374.0392460823059,279.91101467609406,381.5657539367676,0.559822029352188,0.635942923227946,254.413338116106,0,0,0.0,0,0,0,0,False,0.0,-4.263256414560601e-14,0.0,0.0,165.3686697754689,61.5315120067327,0.10246422290802001,14.710273277493389,241.71291928260302,183.87841596866735,0.0,0.0,0.0,241.71291928260302,-0.24171291928260302,0.08360934257507324,0.08360934257507324,-0.013980984687805176,-0.013980984687805176,-0.017458617687225342,-0.017458617687225342,-0.049516499042510986,-0.049516499042510986,-0.018561482429504395,-0.018561482429504395,0.22902199998497963
4,2025-02-25 12:00:00,12,427.160027,279.687149,371.777939,229.621305,42.850918,0.65,0.25,188.98162841796875,66.14356994628906,85.04173278808594,88.6032772064209,265.8098316192627,88.77258896827698,62.14081227779388,309.6371267222061,77.40928168055153,24.99853916151426,216.7577830418735,-1.1096978187561035,-7.3903656005859375,279.91101467609406,381.5657539367676,280.96522760391235,388.5866012573242,0.5619304552078247,0.6476443354288737,255.6664907594395,0,0,0.0,0,0,0,0,False,0.0,1.4210854715202004e-14,0.0,0.0,166.18321899363568,60.69217925172458,0.07024276256561279,14.717450122085316,241.6630911300112,183.96812652606644,0.0,0.0,0.0,241.6630911300112,-0.2416630911300112,0.07989501953125,0.07989501953125,-0.015519142150878906,-0.015519142150878906,-0.00924748182296753,-0.00924748182296753,-0.04618978500366211,-0.04618978500366211,-0.013637900352478027,-0.013637900352478027,0.4142259995205677
4,2025-02-25 13:00:00,13,440.512163,249.713973,358.361209,214.018081,49.301192,0.65,0.25,187.7183735370636,65.70143073797226,84.47326809167862,87.92592287063599,263.77776861190796,89.363152384758,62.55420666933059,295.8070023306694,73.95175058266734,0.0,187.7183735370636,0.25993824005126953,-7.190408706665039,280.96522760391235,388.5866012573242,280.69160840385837,395.417489528656,0.5613832168077167,0.6590291492144267,273.1091944752798,0,0,1.9835026121635337,0,0,0,0,False,0.0,4.263256414560601e-14,0.0,0.0,177.5209764089319,52.561144590377815,0.04375019073486328,15.020298533505331,245.1461697235499,187.75373166881664,0.03967005224327068,0.0,0.0,245.18583977579317,-0.24518583977579317,0.07267642021179199,0.07267642021179199,-0.02304530143737793,-0.02304530143737793,0.002166152000427246,0.002166152000427246,-0.044940054416656494,-0.044940054416656494,-0.007076084613800049,-0.007076084613800049,0.2502629995433381
4,2025-02-25 14:00:00,14,411.528717,239.172901,342.442463,206.58853,52.733877,0.65,0.25,186.26911640167236,65.19419074058533,83.82110238075256,87.46280193328857,262.3884057998657,90.1192831993103,63.083498239517205,279.35896476048276,69.83974119012069,0.0,186.26911640167236,0.8128023147583008,-7.877006530761719,280.69160840385837,395.417489528656,279.83602701990225,402.90064573287964,0.5596720540398045,0.671501076221466,243.50186006806564,0,0,9.04031745054624,0,0,0,0,False,0.0,2.842170943040401e-14,2.842170943040401e-14,0.0,158.27620904424268,52.15535259246827,0.06376910209655762,13.694387705421647,224.18971844422913,171.1798463177706,0.18080634901092482,0.0,0.0,224.37052479324007,-0.22437052479324007,0.06439495086669922,0.06439495086669922,-0.028191089630126953,-0.028191089630126953,0.00677335262298584,0.00677335262298584,-0.04923129081726074,-0.04923129081726074,0.001325368881225586,0.001325368881225586,0.30884399984643096
4,2025-02-25 15:00:00,15,388.344626,236.389354,326.119795,160.424816,62.846272,0.65,0.25,184.5722734928131,64.60029572248459,83.0575230717659,86.6558164358139,259.9674493074417,91.14305019378662,63.80013513565063,262.3196598643494,65.57991496608734,0.0,184.5722734928131,1.0679054260253906,-9.034461975097656,279.83602701990225,402.90064573287964,278.71191604513865,411.4833846092224,0.5574238320902773,0.6858056410153707,251.64106825339127,0,0,6.458106210323308,0,0,0,0,False,0.0,-4.263256414560601e-14,2.842170943040401e-14,0.0,163.56669436470432,51.68023657798768,0.07720947265625,14.025363379034227,229.34950379438246,175.31704223792784,0.12916212420646617,0.0,0.0,229.47866591858892,-0.22947866591858893,0.05469870567321777,0.05469870567321777,-0.03715759515762329,-0.03715759515762329,0.008899211883544922,0.008899211883544922,-0.05646538734436035,-0.05646538734436035,0.012700557708740234,0.012700557708740234,0.25994099996751174
4,2025-02-25 16:00:00,16,375.460339,226.108402,272.852382,113.257432,100.819959,0.65,0.25,182.25135505199432,63.787974268198006,82.01310977339745,86.20841324329376,258.6252397298813,92.46784687042236,64.72749280929565,208.12488919070432,52.03122229767608,0.0,182.25135505199432,2.0591068267822266,-9.949064254760742,278.71191604513865,411.4833846092224,276.54443517484157,420.9349956512451,0.5530888703496831,0.7015583260854086,233.77550244598962,0,0,12.113036378095615,0,0,0,0,False,0.0,1.4210854715202004e-14,0.0,0.0,151.95407658989325,51.03037941455842,0.1115185260772705,13.202143788455453,216.2981183189844,165.02679735569316,0.2422607275619123,0.0,0.0,216.5403790465463,-0.2165403790465463,0.04143631458282471,0.04143631458282471,-0.04212874174118042,-0.04212874174118042,0.017159223556518555,0.017159223556518555,-0.06218165159225464,-0.06218165159225464,0.027420520782470703,0.027420520782470703,0.2932269999291748
4,2025-02-25 17:00:00,17,350.788067,226.653065,220.169557,58.493115,114.852991,1.05,0.25,181.73119127750397,63.60591694712638,81.77903607487679,86.27854228019714,258.83562684059143,92.99751877784729,65.0982631444931,155.0712938555069,38.767823463876724,0.0,181.73119127750397,2.2705936431884766,-10.748958587646484,276.54443517484157,420.9349956512451,274.1543366030642,431.1465063095093,0.5483086732061284,0.7185775105158488,236.61181615375898,0,0,10.215120549974472,0,0,0,0,False,0.0,-1.4210854715202004e-14,-2.842170943040401e-14,0.0,248.44240696144695,50.88473355770112,0.12186260223388672,13.31861897120546,312.76762209258743,166.48273714006825,0.20430241099948945,0.0,0.0,312.97192450358693,-0.3129719245035869,0.03846395015716553,0.03846395015716553,-0.04134953022003174,-0.04134953022003174,0.018921613693237305,0.018921613693237305,-0.06718099117279053,-0.06718099117279053,0.03330576419830322,0.03330576419830322,0.22979799996392103
4,2025-02-25 18:00:00,18,321.987201,212.937746,174.446666,0.0,92.40532,1.05,0.25,179.33270931243896,62.76644825935363,80.69971919059753,85.72790086269379,257.18370258808136,93.99088025093079,65.79361617565155,108.65304982434844,27.16326245608711,0.0,179.33270931243896,2.9407882690429688,-10.986442565917969,274.1543366030642,431.1465063095093,271.0587700040716,441.58362674713135,0.5421175400081433,0.7359727112452189,276.7658077903843,0,0,19.968352961830135,0,0,0,0,False,0.0,-4.263256414560601e-14,0.0,0.0,290.60409817990353,50.21315860748292,0.1431558609008789,15.047018891775934,356.0074315400633,188.08773614719917,0.3993670592366027,0.0,0.0,356.4067985992999,-0.3564067985992999,0.024758338928222656,0.024758338928222656,-0.04746776819229126,-0.04746776819229126,0.024506568908691406,0.024506568908691406,-0.0686652660369873,-0.0686652660369873,0.04434311389923096,0.04434311389923096,0.33995299963862635
4,2025-02-25 19:00:00,19,320.49249,212.632744,196.243838,0.0,112.120983,1.05,0.25,176.97111070156097,61.939888745546334,79.63699981570244,85.30978739261627,255.92936217784882,94.71510887145996,66.30057621002197,129.94326178997804,32.48581544749451,0.0,176.97111070156097,3.1531190872192383,-11.779813766479492,271.0587700040716,441.58362674713135,267.73969728068295,452.77444982528687,0.5354793945613658,0.7546240830421448,261.07410200734523,0,0,16.4386953556118,0,0,0,0,False,0.0,7.815970093361102e-14,0.0,0.0,274.1278071077125,49.55191099643708,0.15349264144897462,14.318798259548167,338.1520090051467,178.98497824435208,0.328773907112236,0.0,0.0,338.4807829122589,-0.3384807829122589,0.011263489723205566,0.011263489723205566,-0.052113473415374756,-0.052113473415374756,0.026275992393493652,0.026275992393493652,-0.07362383604049683,-0.07362383604049683,0.052390098571777344,0.052390098571777344,0.5788180005765753
4,2025-02-25 20:00:00,20,307.780405,246.661543,180.861227,0.0,100.674389,1.05,0.25,175.3541260957718,61.37394413352012,78.9093567430973,85.3803563117981,256.1410689353943,94.55483078956604,66.18838155269623,114.67284544730379,28.668211361825946,19.35012360240745,196.85426343178005,4.138884544372559,-13.184175491333008,267.73969728068295,452.77444982528687,263.3829767076592,465.2994165420532,0.5267659534153184,0.7754990275700887,255.64175499573133,0,0,0.0,0,0,0,0,False,0.0,-3.552713678800501e-14,0.0,0.0,268.4238427455179,55.11919376089842,0.19008741378784177,14.397905434720661,338.13102935492486,179.97381793400825,0.0,0.0,0.0,338.13102935492486,-0.33813102935492484,0.0020235776901245117,0.0020235776901245117,-0.05132937431335449,-0.05132937431335449,0.03449070453643799,0.03449070453643799,-0.0824010968208313,-0.0824010968208313,0.05060923099517822,0.05060923099517822,0.28219599971635034
4,2025-02-25 21:00:00,21,313.878611,238.200634,178.806115,0.0,124.466341,1.05,0.25,174.02197569608688,60.9076914936304,78.3098890632391,85.57645797729492,256.72937393188477,94.32772278785706,66.02940595149994,112.77670904850007,28.194177262125017,11.872953427132643,187.2141461706787,5.483279228210449,-14.383859634399414,263.3829767076592,465.2994165420532,257.6111038358587,478.96408319473267,0.5152222076717174,0.7982734719912211,236.79193451757908,0,0,0.0,0,0,0,0,False,0.0,2.1316282072803006e-14,2.842170943040401e-14,0.0,248.63153124345806,52.419960927790044,0.23641767501831054,13.414271457504341,314.7021813037708,167.67839321880427,0.0,0.0,0.0,314.7021813037708,-0.31470218130377076,-0.005588710308074951,-0.005588710308074951,-0.04915046691894531,-0.04915046691894531,0.04569399356842041,0.04569399356842041,-0.08989912271499634,-0.08989912271499634,0.048085808753967285,0.048085808753967285,0.3255379997426644
4,2025-02-25 22:00:00,22,325.898513,262.058633,184.310034,0.0,129.284829,0.65,0.25,173.82819205522537,60.83986721932887,78.22268642485142,85.64123332500458,256.92369997501373,94.15761709213257,65.9103319644928,118.3997020355072,29.5999255088768,34.03945292566584,211.64980641707632,4.745163917541504,-12.969589233398438,257.6111038358587,478.96408319473267,252.61619444897295,491.2851929664612,0.5052323888979459,0.8188086549441019,246.269811697011,0,0,0.0,0,0,0,0,False,0.0,2.1316282072803006e-14,0.0,0.0,160.07537760305715,59.261945796781376,0.2072028636932373,14.222268617341706,233.76679488087345,177.77835771677132,0.0,0.0,0.0,233.76679488087345,-0.23376679488087346,-0.006696045398712158,-0.006696045398712158,-0.04843074083328247,-0.04843074083328247,0.0395430326461792,0.0395430326461792,-0.08105993270874023,-0.08105993270874023,0.04619574546813965,0.04619574546813965,0.2522000004319125
4,2025-02-25 23:00:00,23,326.243345,274.645597,195.94953,0.0,147.606404,0.35,0.25,173.53294789791107,60.73653176426887,78.08982655405998,85.66371560096741,256.9911468029022,94.9109959602356,66.43769717216492,129.5118328278351,32.37795820695877,44.82488374817086,223.33837428476758,3.4561872482299805,-10.349264144897461,252.61619444897295,491.2851929664612,248.97810260873086,501.11699390411377,0.49795620521746176,0.8351949898401896,232.48589579542733,0,0,0.0,0,0,0,0,False,0.0,2.1316282072803006e-14,0.0,0.0,81.37006352839956,62.53474479973493,0.15543193817138673,13.802793403555086,157.86303366986095,172.53491754443857,0.0,202.1388912953829,404.2777825907658,562.1408162606267,-0.5621408162606267,-0.00838315486907959,-0.00838315486907959,-0.04818093776702881,-0.04818093776702881,0.028801560401916504,0.028801560401916504,-0.06468290090560913,-0.06468290090560913,0.05456662178039551,0.05456662178039551,0.4162519999226788
5,2025-02-26 00:00:00,0,248.331906,225.352701,146.03797,0.0,138.306354,0.35,0.25,150.0,52.5,67.5,87.23273813724518,261.69821441173553,93.61006021499634,65.52704215049744,80.51092784950256,20.12773196237564,1.7008108413467653,151.88978982371862,-2.09871768951416,-11.936264038085938,250.0,300.0,251.99378180503845,311.33945083618164,0.5039875636100769,0.5188990847269694,166.984739789135,0,0,0.0,0,0,0,0,False,0.14106298344475887,2.1316282072803006e-14,2.842170943040401e-14,0.0,58.44465892619725,42.529141150641216,0.1226428508758545,9.77756518790144,110.87400811561577,122.21956484876799,0.0,0.0,0.0,110.87400811561577,-0.11087400811561576,-0.0017941594123840332,-0.1428571428571429,-0.03074735403060913,-0.03074735403060913,-0.017489314079284668,-0.017489314079284668,-0.07460165023803711,-0.07460165023803711,0.04011178016662598,0.04011178016662598,0.40151099983631866
5,2025-02-26 01:00:00,1,235.597293,245.221575,133.606774,0.0,108.923481,0.35,0.25,175.03483891487122,61.26219362020492,78.76567751169205,89.49721992015839,268.49165976047516,91.53891205787659,64.07723844051361,69.52953555948639,17.382383889871598,0.06875494928362968,175.11123330296414,-1.6703367233276367,-10.565605163574219,251.99378180503845,311.33945083618164,253.5806016921997,321.37677574157715,0.5071612033843994,0.5356279595692952,173.96155891315277,0,0,0.0,0,0,0,0,False,0.0,4.973799150320701e-14,2.842170943040401e-14,0.0,60.88654561960347,49.031145324829964,0.1029381275177002,10.45608832502615,120.47671739697728,130.70110406282686,0.0,0.0,0.0,120.47671739697728,-0.12047671739697728,0.0001990795135498047,0.0001990795135498047,-0.005586445331573486,-0.005586445331573486,-0.013919472694396973,-0.013919472694396973,-0.06603503227233887,-0.06603503227233887,0.01709902286529541,0.01709902286529541,0.4992300000594696
5,2025-02-26 02:00:00,2,243.25044,254.330871,132.98149,0.0,114.108054,0.35,0.25,175.80427825450897,61.53149738907813,79.11192521452904,90.44655561447144,271.3396668434143,90.55305004119873,63.387135028839104,69.5943549711609,17.398588742790224,3.097747608133318,179.24622004132377,-1.8661165237426758,-8.66541862487793,253.5806016921997,321.37677574157715,255.35341238975525,329.6089234352112,0.5107068247795105,0.5493482057253519,177.32214949192627,0,0,0.0,0,0,0,0,False,0.0,5.684341886080802e-14,0.0,0.0,62.06275232217419,50.18894161157066,0.09931058883666992,10.670114098305937,123.02111862088748,133.37642622882422,0.0,0.0,0.0,123.02111862088748,-0.12302111862088748,0.0045958757400512695,0.0045958757400512695,0.004961729049682617,0.004961729049682617,-0.015550971031188965,-0.015550971031188965,-0.05415886640548706,-0.05415886640548706,0.006145000457763672,0.006145000457763672,0.3267249994678423
5,2025-02-26 03:00:00,3,232.883472,261.811658,129.258302,0.0,114.356281,0.35,0.25,176.80304944515228,61.88106730580329,79.56137225031853,90.82706451416016,272.48119354248047,89.80175793170929,62.861230552196496,66.39707144780348,16.59926786195087,6.964439158685707,184.5413151770253,-1.9382286071777344,-7.393589019775391,255.35341238975525,329.6089234352112,257.1947295665741,336.6328330039978,0.5143894591331482,0.5610547216733297,166.01068467748544,0,0,0.0,0,0,0,0,False,0.0,-3.552713678800501e-14,0.0,0.0,58.1037396371199,51.67156824956709,0.09511480331420899,10.257131168641765,120.12755385864295,128.21413960802207,0.0,0.0,0.0,120.12755385864295,-0.12012755385864296,0.010303139686584473,0.010303139686584473,0.009189605712890625,0.009189605712890625,-0.016151905059814453,-0.016151905059814453,-0.04620993137359619,-0.04620993137359619,-0.0022026896476745605,-0.0022026896476745605,0.2874080000765389
5,2025-02-26 04:00:00,4,243.556886,277.790998,121.468698,0.0,85.208507,0.35,0.25,177.813920378685,62.23487213253974,80.01626417040825,91.05180144309998,273.1554043292999,89.14282500743866,62.399977505207055,59.06872049479295,14.767180123698237,19.599862027261736,199.59154485342026,-1.9584274291992188,-5.83770751953125,257.1947295665741,336.6328330039978,259.05523562431335,342.1786551475525,0.5181104712486267,0.5702977585792541,203.89091586345762,0,0,0.0,0,0,0,0,False,0.0,-5.5067062021407764e-14,0.0,0.0,71.36182055221016,55.88563255895768,0.08794136047363281,12.164665015646861,139.50005948728835,152.05831269558576,0.0,0.0,0.0,139.50005948728835,-0.13950005948728836,0.01607954502105713,0.01607954502105713,0.01168668270111084,0.01168668270111084,-0.016320228576660156,-0.016320228576660156,-0.03648567199707031,-0.03648567199707031,-0.009524166584014893,-0.009524166584014893,0.24280399975395994
5,2025-02-26 05:00:00,5,223.736987,268.421882,138.947971,0.0,64.693975,0.35,0.25,178.58542501926422,62.50489875674247,80.3634412586689,91.15692257881165,273.47076773643494,88.84791076183319,62.19353753328323,76.75443346671676,19.18860836667919,8.087568935186368,187.57161272502685,-1.9995617866516113,-4.651985168457031,259.05523562431335,342.1786551475525,260.9548193216324,346.59804105758667,0.5219096386432648,0.5776634017626444,208.88320597539996,0,0,0.0,0,0,0,0,False,0.0,1.4210854715202004e-14,0.0,0.0,73.10912209138998,52.52005156300753,0.0832467794418335,12.192006866518028,137.90442730035738,152.40008583147534,0.0,0.0,0.0,137.90442730035738,-0.13790442730035737,0.02048814296722412,0.02048814296722412,0.012854695320129395,0.012854695320129395,-0.016663014888763428,-0.016663014888763428,-0.029074907302856445,-0.029074907302856445,-0.012800991535186768,-0.012800991535186768,0.5172040000616107
5,2025-02-26 06:00:00,6,245.075325,268.529213,140.082793,0.0,84.097622,0.35,0.25,179.8564612865448,62.94976145029067,80.93540757894516,91.22354865074158,273.67064595222473,88.94562363624573,62.261936545372,77.820856454628,19.455214113657,6.639859307468441,187.23408273928752,-1.9425344467163086,-3.771076202392578,260.9548193216324,346.59804105758667,262.8002270460129,350.1805634498596,0.5256004540920257,0.5836342724164327,210.64923876082423,0,0,0.0,0,0,0,0,False,0.0,3.552713678800501e-14,0.0,0.0,73.72723356628848,52.42554316700051,0.07713141441345214,12.264311829304868,138.4942199770073,153.30389786631085,0.0,0.0,0.0,138.4942199770073,-0.1384942199770073,0.02775120735168457,0.02775120735168457,0.013594985008239746,0.013594985008239746,-0.01618778705596924,-0.01618778705596924,-0.023569226264953613,-0.023569226264953613,-0.011715292930603027,-0.011715292930603027,0.3206940000382019
5,2025-02-26 07:00:00,7,261.248002,277.035184,166.516167,78.660418,57.464173,0.65,0.25,182.96430110931396,64.03750538825989,82.33393549919128,90.92685341835022,272.78056025505066,88.16078782081604,61.71255147457122,104.80361552542877,26.200903881357192,16.489700172409073,201.2861901897685,-0.5039477348327637,-6.408224105834961,262.8002270460129,350.1805634498596,263.278977394104,356.26837635040283,0.526557954788208,0.5937806272506714,178.71761064628026,0,0,0.0,0,0,0,0,False,0.0,0.0,0.0,0.0,116.16644692008218,56.36013325313518,0.047159552574157715,11.084153911472626,183.65789363726412,138.55192389340783,0.0,0.0,0.0,183.65789363726412,-0.18365789363726412,0.045510292053222656,0.045510292053222656,0.010298371315002441,0.010298371315002441,-0.004199564456939697,-0.004199564456939697,-0.040051400661468506,-0.040051400661468506,-0.020435690879821777,-0.020435690879821777,0.36748599995917175
5,2025-02-26 08:00:00,8,279.253947,259.035891,203.560689,152.378133,14.274439,0.65,0.25,185.64575016498566,64.97601255774498,83.54058757424355,89.98913705348969,269.96741116046906,88.04109156131744,61.628764092922204,141.93192490707779,35.482981226769446,0.7987029885921402,186.53319793008802,-1.2093830108642578,-7.229719161987305,263.278977394104,356.26837635040283,264.42789125442505,363.13660955429077,0.5288557825088501,0.6052276825904847,174.30686373337838,0,0,0.0,0,0,0,0,False,0.0,-2.1316282072803006e-14,0.0,0.0,113.29946142669596,52.22929542042465,0.07243008613586427,10.65403317115006,176.2552201044065,133.17541463937573,0.0,0.0,0.0,176.2552201044065,-0.1762552201044065,0.060832858085632324,0.060832858085632324,-0.00012069940567016602,-0.00012069940567016602,-0.010078191757202148,-0.010078191757202148,-0.045185744762420654,-0.045185744762420654,-0.02176564931869507,-0.02176564931869507,0.2630740000313381
5,2025-02-26 09:00:00,9,316.228624,252.267179,249.489129,192.805131,31.02172,0.65,0.25,187.97338604927063,65.79068511724472,84.58802372217178,89.38492119312286,268.1547635793686,87.95181691646576,61.566271841526024,187.92285715847396,46.98071428961849,0.0,187.97338604927063,-2.035689353942871,-7.902374267578125,264.42789125442505,363.13660955429077,266.3617961406708,370.64386510849,0.5327235922813416,0.6177397751808167,165.01241271943957,0,0,4.621417117496492,0,0,0,0,False,0.0,1.4210854715202004e-14,0.0,0.0,107.25806826763572,52.63254809379578,0.10058255195617677,10.26812033644367,170.25931924983135,128.3515042055459,0.09242834234992983,0.0,0.0,170.35174759218128,-0.17035174759218127,0.07413363456726074,0.07413363456726074,-0.006834208965301514,-0.006834208965301514,-0.016964077949523926,-0.016964077949523926,-0.04938983917236328,-0.04938983917236328,-0.02275758981704712,-0.02275758981704712,0.24108800062094815
5,2025-02-26 10:00:00,10,309.562027,229.06362,248.154054,234.582932,71.874035,0.65,0.25,189.02047276496887,66.1571654677391,85.05921274423599,89.2594850063324,267.7784550189972,88.24103951454163,61.76872766017913,186.38532633982086,46.596331584955216,0.0,189.02047276496887,-1.4841699600219727,-8.964815139770508,266.3617961406708,370.64386510849,267.77175760269165,379.160439491272,0.5355435152053833,0.6319340658187866,74.28788108357048,0,0,26.568193108921037,0,0,0,0,False,0.0,2.1316282072803006e-14,2.842170943040401e-14,0.0,48.287122704320815,52.92573237419129,0.08934917449951171,6.292994331916604,107.59519858492823,78.66242914895754,0.5313638621784207,0.0,0.0,108.12656244710665,-0.10812656244710665,0.08011698722839355,0.08011698722839355,-0.008227944374084473,-0.008227944374084473,-0.012368083000183105,-0.012368083000183105,-0.056030094623565674,-0.056030094623565674,-0.019544005393981934,-0.019544005393981934,0.28588799978024326
5,2025-02-26 11:00:00,11,328.909276,214.448587,259.567224,283.915335,47.44902,0.65,0.25,188.80353271961212,66.08123645186424,84.96158972382545,89.23245370388031,267.69736111164093,88.44587445259094,61.91211211681365,197.65511188318635,49.41377797079659,0.0,188.80353271961212,-0.7458329200744629,-8.632526397705078,267.77175760269165,379.160439491272,268.4802988767624,387.3613395690918,0.5369605977535248,0.645602232615153,70.85574914288702,0,0,41.13196298517039,0,0,0,0,False,0.0,-2.842170943040401e-14,-2.842170943040401e-14,0.0,46.056236942876566,52.8649891614914,0.06553761959075928,6.138509485800824,105.12527320975956,76.73136857251029,0.8226392597034078,0.0,0.0,105.94791246946296,-0.10594791246946296,0.07887732982635498,0.07887732982635498,-0.008528292179107666,-0.008528292179107666,-0.006215274333953857,-0.006215274333953857,-0.05395328998565674,-0.05395328998565674,-0.017268061637878418,-0.017268061637878418,0.2551869993112632
5,2025-02-26 12:00:00,12,322.623983,203.948163,269.919744,265.437056,58.842261,0.65,0.25,187.9860907793045,65.79513177275658,84.59374085068703,89.23596203327179,267.70788609981537,88.86945426464081,62.20861798524856,207.71112601475141,51.927781503687854,0.0,187.9860907793045,0.30159473419189453,-8.333244323730469,268.4802988767624,387.3613395690918,268.1628307355078,395.27792167663574,0.5363256614710156,0.6587965361277263,73.4116830300112,0,0,51.1507653621311,0,0,0,0,False,0.0,1.4210854715202004e-14,2.842170943040401e-14,0.0,47.717593969507284,52.63610541820527,0.05071406364440918,6.237891505789365,106.64230495714632,77.97364382236707,1.023015307242622,0.0,0.0,107.66532026438894,-0.10766532026438894,0.07420623302459717,0.07420623302459717,-0.00848931074142456,-0.00848931074142456,0.002513289451599121,0.002513289451599121,-0.05208277702331543,-0.05208277702331543,-0.012561619281768799,-0.012561619281768799,0.25000099958560895
5,2025-02-26 13:00:00,13,305.860305,195.34258,269.091671,266.52531,55.766561,0.65,0.25,186.94169521331787,65.42959332466125,84.12376284599304,88.78470718860626,266.3541215658188,89.34965014457703,62.54475510120391,206.5469158987961,51.636728974699025,0.0,186.94169521331787,1.246933937072754,-8.462562561035156,268.1628307355078,395.27792167663574,266.85026869648385,403.31735610961914,0.5337005373929677,0.6721955935160319,57.31334290157122,0,0,57.32309170619965,0,0,0,0,False,0.0,-2.842170943040401e-14,0.0,0.0,37.25367288602129,52.34367465972901,0.0797208309173584,5.51285421108222,95.18992258774986,68.91067763852774,1.146461834123993,0.0,0.0,96.33638442187386,-0.09633638442187385,0.0682382583618164,0.0682382583618164,-0.01350325345993042,-0.01350325345993042,0.01039111614227295,0.01039111614227295,-0.05289101600646973,-0.05289101600646973,-0.007226109504699707,-0.007226109504699707,0.30565899942303076
5,2025-02-26 14:00:00,14,312.962636,165.395086,262.288416,240.597668,61.662932,0.65,0.25,185.4417860507965,64.90462511777878,83.44880372285843,88.0005794763565,264.0017384290695,90.24808287620544,63.173658013343804,199.11475798665617,49.77868949666404,0.0,185.4417860507965,1.6659164428710938,-9.005823135375977,266.85026869648385,403.31735610961914,265.09667244083005,411.8728880882263,0.5301933448816601,0.6864548134803772,81.91076341237061,0,0,82.80155014034654,0,0,0,0,False,0.0,-2.842170943040401e-14,0.0,0.0,53.2419962180409,51.92370009422303,0.09500660896301269,6.571142166957052,111.831845088184,82.13927708696315,1.6560310028069307,0.0,0.0,113.48787609099092,-0.11348787609099092,0.059667348861694336,0.059667348861694336,-0.02221578359603882,-0.02221578359603882,0.013882637023925781,0.013882637023925781,-0.056286394596099854,-0.056286394596099854,0.002756476402282715,0.002756476402282715,0.2673420003702631
5,2025-02-26 15:00:00,15,300.972125,167.199061,220.741625,189.390726,87.895906,0.65,0.25,183.55320394039154,64.24362137913704,82.5989417731762,87.34771370887756,262.0431411266327,91.49769186973572,64.048384308815,156.693240691185,39.17331017279625,0.0,183.55320394039154,2.221841812133789,-9.986562728881836,265.09667244083005,411.8728880882263,262.7578915859524,421.36012268066406,0.5255157831719048,0.7022668711344401,83.74105369040302,0,0,75.9587673011913,0,0,0,0,False,0.0,2.842170943040401e-14,2.842170943040401e-14,0.0,54.431684898761965,51.39489710330964,0.11658806800842283,6.621457625423998,112.56462769550403,82.76822031779997,1.519175346023826,0.0,0.0,114.08380304152786,-0.11408380304152786,0.04887545108795166,0.04887545108795166,-0.029469847679138184,-0.029469847679138184,0.018515348434448242,0.018515348434448242,-0.062416017055511475,-0.062416017055511475,0.01664102077484131,0.01664102077484131,0.29665300007764017
5,2025-02-26 16:00:00,16,278.6468,158.859045,207.253325,136.819772,77.633814,0.65,0.25,181.5842628479004,63.55449199676513,81.71291828155518,86.76533102989197,260.2959930896759,92.44307398796082,64.71015179157257,142.54317320842742,35.635793302106855,0.0,181.5842628479004,2.63521671295166,-10.51870346069336,262.7578915859524,421.36012268066406,259.9839792565296,431.35289096832275,0.5199679585130592,0.7189214849472045,120.40462962228199,0,0,80.1880889225769,0,0,0,0,False,0.0,-7.815970093361102e-14,0.0,0.0,78.2630092544833,50.84359359741212,0.1316500186920166,8.203151908946815,137.44140477953425,102.53939886183518,1.603761778451538,0.0,0.0,139.0451665579858,-0.1390451665579858,0.037624359130859375,0.037624359130859375,-0.03594076633453369,-0.03594076633453369,0.021960139274597168,0.021960139274597168,-0.0657418966293335,-0.0657418966293335,0.02714526653289795,0.02714526653289795,0.32193900005950127
5,2025-02-26 17:00:00,17,262.053952,166.708853,164.429869,78.432728,85.067281,1.05,0.25,180.8255672454834,63.28894853591918,81.37150526046753,86.68313205242157,260.0493961572647,93.1971824169159,65.23802769184113,99.19184130815887,24.797960327039718,0.0,180.8255672454834,3.022170066833496,-11.23784065246582,259.9839792565296,431.35289096832275,256.8027476072312,442.0288395881653,0.5136054952144624,0.7367147326469421,143.72391677670862,0,0,70.27702534835055,0,0,0,0,False,0.0,1.4210854715202004e-14,-2.842170943040401e-14,0.0,150.91011261554405,50.63115882873536,0.14685430526733398,9.217061414102913,210.90518716364966,115.21326767628642,1.405540506967011,0.0,0.0,212.31072767061667,-0.21231072767061668,0.03328895568847656,0.03328895568847656,-0.036854088306427,-0.036854088306427,0.0251847505569458,0.0251847505569458,-0.07023650407791138,-0.07023650407791138,0.03552424907684326,0.03552424907684326,0.25227400055882754
5,2025-02-26 18:00:00,18,251.57634,159.918033,130.501121,0.0,107.966574,1.05,0.25,178.93281280994415,62.626484483480446,80.51976576447487,85.95876932144165,257.87630796432495,94.1837203502655,65.92860424518585,64.57251675481416,16.14312918870354,0.0,178.93281280994415,3.662724494934082,-11.627006530761719,256.8027476072312,442.0288395881653,252.94724813887953,453.0744957923889,0.5058944962777591,0.7551241596539815,179.42245553173063,0,0,72.66731384777259,0,0,0,0,False,0.0,-2.842170943040401e-14,0.0,0.0,188.39357830831716,50.10118758678437,0.16801676750183103,10.757513048355253,249.4202957109586,134.46891310444067,1.453346276955452,0.0,0.0,250.87364198791406,-0.25087364198791406,0.02247321605682373,0.02247321605682373,-0.04490256309509277,-0.04490256309509277,0.030522704124450684,0.030522704124450684,-0.07266879081726074,-0.07266879081726074,0.0464857816696167,0.0464857816696167,0.3103010003542295
5,2025-02-26 19:00:00,19,225.836554,157.961303,125.62165,0.0,138.107856,1.05,0.25,176.85113549232483,61.89789742231368,79.58301097154617,85.73903203010559,257.2170960903168,94.7721540927887,66.34050786495209,59.281142135047915,14.820285533761979,0.0,176.85113549232483,4.141716957092285,-12.450523376464844,252.94724813887953,453.0744957923889,248.5875460787824,464.9024930000305,0.4971750921575648,0.7748374883333842,122.24840118446158,0,0,71.61612659260942,0,0,0,0,False,0.0,-1.7763568394002505e-14,0.0,0.0,128.36082124368468,49.51831793785096,0.18650412559509277,8.208547819993507,186.27419112712423,102.60684774991884,1.4323225318521884,0.0,0.0,187.7065136589764,-0.1877065136589764,0.010577917098999023,0.010577917098999023,-0.047344088554382324,-0.047344088554382324,0.03451430797576904,0.03451430797576904,-0.07781577110290527,-0.07781577110290527,0.05302393436431885,0.05302393436431885,0.2714219999688794
5,2025-02-26 20:00:00,20,231.482337,178.823427,130.612307,0.0,116.658159,1.05,0.25,175.18107891082764,61.313377618789666,78.83148550987244,85.6145989894867,256.8437969684601,94.75444078445435,66.32810854911804,64.28419845088195,16.071049612720486,0.0,175.18107891082764,4.77388858795166,-13.521795272827148,248.5875460787824,464.9024930000305,243.56240019672802,477.7481985092163,0.487124800393456,0.7962469975153605,150.42256039546584,0,0,48.57561942105099,0,0,0,0,False,0.0,0.0,2.842170943040401e-14,0.0,157.94368841523914,49.050702095031745,0.21082563400268556,9.42148991997374,216.6267060642473,117.76862399967175,0.9715123884210197,0.0,0.0,217.5982184526683,-0.2175982184526683,0.0010347366333007812,0.0010347366333007812,-0.048726677894592285,-0.048726677894592285,0.03978240489959717,0.03978240489959717,-0.08451122045516968,-0.08451122045516968,0.05282711982727051,0.05282711982727051,0.4088160003448138
5,2025-02-26 21:00:00,21,240.750492,187.068693,155.925161,0.0,126.351814,1.05,0.25,173.9924043416977,60.897341519594185,78.29658195376396,85.68330645561218,257.04991936683655,94.49962019920349,66.14973413944244,89.77542686055756,22.44385671513939,0.0,173.9924043416977,6.012868881225586,-14.639739990234375,243.56240019672802,477.7481985092163,237.23306453228003,491.65595149993896,0.47446612906456004,0.8194265858332316,155.61563076993184,0,0,39.13844813116265,0,0,0,0,False,0.0,2.842170943040401e-14,0.0,0.0,163.39641230842844,48.71787321567536,0.2535847663879395,9.630966223344165,221.9988365138359,120.38707779180206,0.782768962623253,0.0,0.0,222.78160547645916,-0.22278160547645917,-0.005757689476013184,-0.005757689476013184,-0.04796326160430908,-0.04796326160430908,0.05010724067687988,0.05010724067687988,-0.09149837493896484,-0.09149837493896484,0.0499957799911499,0.0499957799911499,0.38038000002416084
5,2025-02-26 22:00:00,22,248.500344,217.204166,124.265629,0.0,132.157229,0.65,0.25,173.89916330575943,60.86470715701579,78.25462348759174,85.78771948814392,257.36315846443176,94.52320218086243,66.1662415266037,58.099387473396305,14.524846868349076,0.0,173.89916330575943,5.466198921203613,-13.018856048583984,237.23306453228003,491.65595149993896,231.47917093101307,504.02386474609375,0.46295834186202617,0.8400397745768229,150.32477527827362,0,0,10.871557722577109,0,0,0,0,False,0.0,2.4868995751603507e-14,0.0,0.0,97.71110393087785,48.69176572561265,0.2290802478790283,9.39667672513619,156.02862662950574,117.45845906420239,0.21743115445154218,0.0,0.0,156.24605778395727,-0.15624605778395728,-0.0062904953956604,-0.0062904953956604,-0.04680311679840088,-0.04680311679840088,0.04555165767669678,0.04555165767669678,-0.0813678503036499,-0.0813678503036499,0.05025780200958252,0.05025780200958252,0.30563599921151763
5,2025-02-26 23:00:00,23,235.274698,211.873443,126.86886,0.0,116.395359,0.35,0.25,173.70249032974243,60.795871615409844,78.1661206483841,85.58215498924255,256.74646496772766,95.40705442428589,66.78493809700012,60.083921902999876,15.020980475749969,0.0,173.70249032974243,4.371027946472168,-10.293598175048828,231.47917093101307,504.02386474609375,226.878088882095,513.8027830123901,0.45375617776418997,0.8563379716873168,154.31557490311053,0,0,17.33849001677703,0,0,0,0,False,0.0,1.0658141036401503e-14,0.0,0.0,54.01045121608868,48.63669729232789,0.18259882926940918,9.569125141012742,112.39887247869872,119.61406426265928,0.3467698003355406,236.92469413029514,473.8493882605903,586.5950305396245,-0.5865950305396246,-0.007414340972900391,-0.007414340972900391,-0.04908716678619385,-0.04908716678619385,0.036425232887268066,0.036425232887268066,-0.06433498859405518,-0.06433498859405518,0.06007838249206543,0.06007838249206543,0.236204000430007
6,2025-02-27 00:00:00,0,238.498392,219.784709,125.702372,0.0,112.73545,0.35,0.25,150.0,52.5,67.5,87.09470093250275,261.28410279750824,93.6842393875122,65.57896757125854,60.12340442874145,15.030851107185363,0.0,150.0,-1.8761587142944336,-12.045145034790039,250.0,300.0,251.7823507785797,311.44288778305054,0.5035647015571594,0.5190714796384176,177.2646527539825,0,0,3.270009375205973,0,0,0,0,False,0.14133001225335262,-3.552713678800501e-14,2.842170943040401e-14,0.0,62.04262846389387,42.00000000000001,0.11651048660278321,10.19964472117523,114.35878367167189,127.49555901469037,0.06540018750411945,0.0,0.0,114.42418385917601,-0.114424183859176,-0.0015271306037902832,-0.1428571428571429,-0.03228110074996948,-0.03228110074996948,-0.015634655952453613,-0.015634655952453613,-0.07528215646743774,-0.07528215646743774,0.04093599319458008,0.04093599319458008,0.39540200032206485
6,2025-02-27 01:00:00,1,241.323383,229.781685,142.996063,0.0,114.778037,0.35,0.25,174.98356103897095,61.244246363639824,78.74260246753693,89.52932596206665,268.58797788619995,91.57578706741333,64.10305094718933,78.89301205281066,19.723253013202665,0.0,174.98356103897095,-1.7393946647644043,-10.45506477355957,251.7823507785797,311.44288778305054,253.4347757101059,321.37519931793213,0.5068695514202118,0.5356253321965535,176.29307327639395,0,0,15.518043512763938,0,0,0,0,False,0.0,4.263256414560601e-14,2.842170943040401e-14,0.0,61.70257564673788,48.99539709091187,0.10445716381072997,10.55663220078487,121.35906210224536,131.95790250981088,0.31036087025527875,0.0,0.0,121.66942297250064,-0.12166942297250063,-9.393692016601562e-05,-9.393692016601562e-05,-0.0052297115325927734,-0.0052297115325927734,-0.01449495553970337,-0.01449495553970337,-0.06534415483474731,-0.06534415483474731,0.017508745193481445,0.017508745193481445,0.3466219995971187
6,2025-02-27 02:00:00,2,256.153532,248.974957,130.685244,0.0,99.336538,0.35,0.25,175.83325505256653,61.54163926839828,79.12496477365494,90.38870573043823,271.1661171913147,90.5902898311615,63.41320288181304,67.27204111818696,16.81801027954674,0.0,175.83325505256653,-1.8337655067443848,-8.557262420654297,253.4347757101059,321.37519931793213,255.17685294151306,329.5045986175537,0.5103537058830261,0.5491743310292562,204.31583624833104,0,0,2.1685727131538215,0,0,0,0,False,0.0,0.0,2.842170943040401e-14,0.0,71.51054268691585,49.233311414718635,0.09779927730560303,11.803228875767632,132.64488225470774,147.5403609470954,0.04337145426307643,0.0,0.0,132.68825370897082,-0.13268825370897083,0.004761457443237305,0.004761457443237305,0.004318952560424805,0.004318952560424805,-0.015281379222869873,-0.015281379222869873,-0.053482890129089355,-0.053482890129089355,0.006558775901794434,0.006558775901794434,0.2541570001994842
6,2025-02-27 03:00:00,3,237.769032,254.643742,120.307095,0.0,94.317908,0.35,0.25,176.84811055660248,61.89683869481086,79.58164975047112,90.79033970832825,272.37101912498474,89.8062264919281,62.86435854434966,57.44273645565034,14.360684113912585,0.0,176.84811055660248,-1.8410968780517578,-7.251272201538086,255.17685294151306,329.5045986175537,256.92589497566223,336.3933072090149,0.5138517899513244,0.5606555120150248,188.5464060054818,0,0,0.2514281819896951,0,0,0,0,False,0.0,5.5067062021407764e-14,-2.842170943040401e-14,0.0,65.99124210191863,49.5174709558487,0.09148926734924318,11.12561163314684,126.72581395826342,139.0701454143355,0.005028563639793902,0.0,0.0,126.73084252190321,-0.12673084252190323,0.01056063175201416,0.01056063175201416,0.0087815523147583,0.0087815523147583,-0.015342473983764648,-0.015342473983764648,-0.04532045125961304,-0.04532045125961304,-0.00215303897857666,-0.00215303897857666,0.3610200001276098
6,2025-02-27 04:00:00,4,240.49571,276.425217,152.13567,0.0,94.943391,0.35,0.25,177.6791751384735,62.18771129846572,79.95562881231308,91.05836749076843,273.1751024723053,89.05912935733795,62.34139055013656,89.79427944986344,22.44856986246586,18.180231359950994,197.87943220508572,-2.173326015472412,-5.826616287231445,256.92589497566223,336.3933072090149,258.990554690361,341.92859268188477,0.5179811093807221,0.5698809878031412,199.04487107024102,0,0,0.0,0,0,0,0,False,0.0,5.684341886080802e-14,0.0,0.0,69.66570487458435,55.40624101742401,0.09433286190032959,11.924045242371976,137.09032399628066,149.0505655296497,0.0,0.0,0.0,137.09032399628066,-0.13709032399628066,0.015309572219848633,0.015309572219848633,0.011759638786315918,0.011759638786315918,-0.018111050128936768,-0.018111050128936768,-0.03641635179519653,-0.03641635179519653,-0.010454118251800537,-0.010454118251800537,0.32761799957370386
6,2025-02-27 05:00:00,5,248.061902,282.397381,151.298606,0.0,75.976562,0.35,0.25,178.55801284313202,62.4953044950962,80.35110577940941,91.24864339828491,273.74593019485474,88.84972393512726,62.194806754589074,89.10379924541093,22.27594981135273,21.634131155687328,202.59593634945128,-2.2070789337158203,-4.484062194824219,258.990554690361,341.92859268188477,261.08727967739105,346.1884517669678,0.5221745593547821,0.5769807529449463,225.3217076482573,0,0,0.0,0,0,0,0,False,0.0,4.263256414560601e-14,0.0,0.0,78.86259767689005,56.726862177846364,0.08863267898559571,13.155690118114544,148.83378265183654,164.4461264764318,0.0,0.0,0.0,148.83378265183654,-0.14883378265183655,0.020331501960754395,0.020331501960754395,0.013873815536499023,0.013873815536499023,-0.018392324447631836,-0.018392324447631836,-0.028025388717651367,-0.028025388717651367,-0.012780845165252686,-0.012780845165252686,0.2719160002015997
6,2025-02-27 06:00:00,6,236.397824,266.498083,133.789079,0.0,49.536018,0.35,0.25,179.88184988498688,62.9586474597454,80.9468324482441,91.10896468162537,273.3268940448761,88.89498889446259,62.2264922261238,71.56258677387618,17.890646693469044,4.867199634130486,185.2898494784652,-1.828322410583496,-3.747854232788086,261.08727967739105,346.1884517669678,262.8241859674454,349.74891328811646,0.5256483719348908,0.5829148554801941,234.73109232593248,0,0,0.0,0,0,0,0,False,0.0,-7.815970093361102e-14,0.0,0.0,82.15588231407636,51.88115785397026,0.0735889434814453,13.292805653996474,147.40343476552454,166.16007067495593,0.0,0.0,0.0,147.40343476552454,-0.14740343476552453,0.02789628505706787,0.02789628505706787,0.012321829795837402,0.012321829795837402,-0.0152360200881958,-0.0152360200881958,-0.023424088954925537,-0.023424088954925537,-0.01227790117263794,-0.01227790117263794,0.26466199960850645
6,2025-02-27 07:00:00,7,258.646505,242.447965,185.603168,53.973241,56.495822,0.65,0.25,182.91423320770264,64.01998162269592,82.31140494346619,90.98092675209045,272.94278025627136,88.09357702732086,61.665503919124596,123.93766408087541,30.984416020218852,0.0,182.91423320770264,-0.8536005020141602,-6.322650909423828,262.8241859674454,349.74891328811646,263.6351064443588,355.7554316520691,0.5272702128887177,0.5929257194201152,206.97640365162755,0,0,18.38999226299285,0,0,0,0,False,0.0,2.1316282072803006e-14,0.0,0.0,134.53466237355792,51.215985298156745,0.05722126960754395,12.033589491994857,197.84145843331706,150.4198686499357,0.367799845259857,0.0,0.0,198.20925827857693,-0.19820925827857694,0.04522418975830078,0.04522418975830078,0.010899186134338379,0.010899186134338379,-0.007113337516784668,-0.007113337516784668,-0.039516568183898926,-0.039516568183898926,-0.021182477474212646,-0.021182477474212646,0.2609000002848916
6,2025-02-27 08:00:00,8,299.007731,254.879668,216.292416,116.052609,75.301857,0.65,0.25,185.42624413967133,64.89918544888496,83.4418098628521,90.20832180976868,270.62496542930603,88.17440807819366,61.72208565473556,154.57033034526444,38.64258258631611,0.0,185.42624413967133,-1.5888762474060059,-7.039928436279297,263.6351064443588,355.7554316520691,265.14453887939453,362.4433636665344,0.5302890777587891,0.6040722727775574,173.1938601946058,0,0,3.9727707776851275,0,0,0,0,False,0.0,0.0,2.842170943040401e-14,0.0,112.57600912649377,51.91934835910798,0.08286592960357667,10.587349754797398,175.16557317000272,132.34187193496746,0.07945541555370256,0.0,0.0,175.2450285855564,-0.1752450285855564,0.059578537940979004,0.059578537940979004,0.0023146867752075195,0.0023146867752075195,-0.013240635395050049,-0.013240635395050049,-0.043999552726745605,-0.043999552726745605,-0.02028435468673706,-0.02028435468673706,0.23462399985874072
6,2025-02-27 09:00:00,9,312.227346,242.666914,244.406673,158.108568,41.536621,0.65,0.25,187.7096951007843,65.6983932852745,84.46936279535294,89.4087016582489,268.2261049747467,88.10965955257416,61.6767616868019,182.7299113131981,45.682477828299525,0.0,187.7096951007843,-2.082688808441162,-7.799015045166016,265.14453887939453,362.4433636665344,267.12309324741364,369.85242795944214,0.5342461864948272,0.6164207132657369,184.0576320097151,0,0,14.119879172359447,0,0,0,0,False,0.0,-1.4210854715202004e-14,2.842170943040401e-14,0.0,119.63746080631482,52.55871462821961,0.10147573947906494,11.101890930040012,183.39954210405352,138.77363662550016,0.28239758344718896,0.0,0.0,183.68193968750072,-0.1836819396875007,0.07262682914733887,0.07262682914733887,-0.006569981575012207,-0.006569981575012207,-0.017355740070343018,-0.017355740070343018,-0.0487438440322876,-0.0487438440322876,-0.021003782749176025,-0.021003782749176025,0.35855699934472796
6,2025-02-27 10:00:00,10,330.069957,212.683381,259.180786,199.739427,70.164048,0.65,0.25,188.76458406448364,66.06760442256927,84.94406282901764,89.18462455272675,267.55387365818024,88.28626155853271,61.80038309097289,197.3804029090271,49.34510072725678,0.0,188.76458406448364,-1.818709373474121,-8.663043975830078,267.12309324741364,369.85242795944214,268.85086715221405,378.0823197364807,0.5377017343044281,0.6301371995608012,134.44731223088837,0,0,42.865249952835086,0,0,0,0,False,0.0,2.842170943040401e-14,0.0,0.0,87.39075295007744,52.85408353805543,0.09787650108337403,8.935915083190826,149.27862807240706,111.69893853988533,0.8573049990567018,0.0,0.0,150.13593307146377,-0.15013593307146378,0.07865476608276367,0.07865476608276367,-0.009059727191925049,-0.009059727191925049,-0.015155911445617676,-0.015155911445617676,-0.05414402484893799,-0.05414402484893799,-0.01904153823852539,-0.01904153823852539,0.24884799950086745
6,2025-02-27 11:00:00,11,302.265728,226.14545,263.856944,201.733055,36.364804,0.65,0.25,188.679301738739,66.03775560855865,84.90568578243256,89.14370477199554,267.43111431598663,88.35783898830414,61.85048729181289,202.0064567081871,50.501614177046775,0.0,188.679301738739,-0.8719182014465332,-8.418159484863281,268.85086715221405,378.0823197364807,269.67918944358826,386.07957124710083,0.5393583788871765,0.6434659520785014,138.6473505419302,0,0,29.415351625251787,0,0,0,0,False,0.0,-2.842170943040401e-14,-2.842170943040401e-14,0.0,90.12077785225463,52.83020448684693,0.0682483434677124,9.119352251664754,152.13858293423402,113.99190314580942,0.5883070325050358,0.0,0.0,152.72688996673907,-0.15272688996673905,0.07816743850708008,0.07816743850708008,-0.009514391422271729,-0.009514391422271729,-0.007265985012054443,-0.007265985012054443,-0.05261349678039551,-0.05261349678039551,-0.018246233463287354,-0.018246233463287354,0.2849510001396993
6,2025-02-27 12:00:00,12,311.113747,202.145121,264.084899,234.805623,50.224602,0.65,0.25,187.89922297000885,65.7647280395031,84.55465033650398,89.1598516702652,267.4795550107956,88.88169586658478,62.21718710660934,201.86771189339066,50.466927973347666,0.0,187.89922297000885,0.31914710998535156,-8.178625106811523,269.67918944358826,386.07957124710083,269.3432451172879,393.8492650985718,0.5386864902345758,0.656415441830953,99.62642649412442,0,0,52.82876337390326,0,0,0,0,False,0.0,-1.4210854715202004e-14,2.842170943040401e-14,0.0,64.75717722118087,52.611782431602485,0.05046753883361817,7.389950333261615,124.80937752487858,92.3743791657702,1.056575267478065,0.0,0.0,125.86595279235665,-0.12586595279235666,0.07370984554290771,0.07370984554290771,-0.009334981441497803,-0.009334981441497803,0.0026595592498779297,0.0026595592498779297,-0.05111640691757202,-0.05111640691757202,-0.012425601482391357,-0.012425601482391357,0.3084050003963057
6,2025-02-27 13:00:00,13,306.704788,181.321037,271.026368,197.032686,67.910521,0.65,0.25,186.7295742034912,65.35535097122192,84.02830839157104,88.4939181804657,265.4817545413971,89.46929275989532,62.62850493192672,208.39786306807326,52.099465767018316,0.0,186.7295742034912,1.2393951416015625,-8.094205856323242,269.3432451172879,393.8492650985718,268.03861865244414,401.53876066207886,0.5360772373048883,0.6692312677701314,115.76021883466052,0,0,70.62552731674958,0,0,0,0,False,0.0,1.4210854715202004e-14,0.0,0.0,75.24414224252934,52.284280776977546,0.0776528835296631,8.081122815980923,135.68719871901746,101.01403519976154,1.4125105463349916,0.0,0.0,137.09970926535246,-0.13709970926535245,0.06702613830566406,0.06702613830566406,-0.01673424243927002,-0.01673424243927002,0.010328292846679688,0.010328292846679688,-0.050588786602020264,-0.050588786602020264,-0.00589674711227417,-0.00589674711227417,0.31124099950829986
6,2025-02-27 14:00:00,14,321.093441,182.718855,252.216361,186.52888,79.266277,0.65,0.25,185.3888601064682,64.88610103726387,83.42498704791069,87.82524347305298,263.47573041915894,90.47110319137573,63.329772233963006,188.886588766037,47.22164719150925,0.0,185.3888601064682,1.6226577758789062,-8.831062316894531,268.03861865244414,401.53876066207886,266.3305578357295,409.92826986312866,0.532661115671459,0.6832137831052144,123.83641585141942,0,0,64.8796969587994,0,0,0,0,False,0.0,0.0,-2.842170943040401e-14,0.0,80.49367030342262,51.9088808298111,0.09283504486083985,8.415024059165946,140.9104102372605,105.18780073957433,1.297593939175988,0.0,0.0,142.20800417643648,-0.14220800417643648,0.059364914894104004,0.059364914894104004,-0.02416396141052246,-0.02416396141052246,0.013522148132324219,0.013522148132324219,-0.05519413948059082,-0.05519413948059082,0.005234479904174805,0.005234479904174805,0.6111900001997128
6,2025-02-27 15:00:00,15,304.829819,153.561678,225.881172,151.502485,87.506134,0.65,0.25,183.44069719314575,64.20424401760101,82.54831373691559,87.11845993995667,261.35537981987,91.57525062561035,64.10267543792725,161.77849656207275,40.44462414051819,0.0,183.44069719314575,2.159543037414551,-9.802389144897461,266.3305578357295,409.92826986312866,264.05735463845105,419.24053955078125,0.5281147092769021,0.6987342325846354,127.02049702545929,0,0,88.96437578627777,0,0,0,0,False,0.0,2.842170943040401e-14,0.0,0.0,82.56332306654855,51.36339521408082,0.11379823684692382,8.523953024210542,142.56446954168683,106.54941280263176,1.7792875157255554,0.0,0.0,144.34375705741238,-0.14434375705741237,0.0482325553894043,0.0482325553894043,-0.03201711177825928,-0.03201711177825928,0.01799619197845459,0.01799619197845459,-0.06126493215560913,-0.06126493215560913,0.017502784729003906,0.017502784729003906,0.2676680005606613
6,2025-02-27 16:00:00,16,272.381884,165.364349,191.8966,102.762074,97.640191,0.65,0.25,181.54425024986267,63.54048758745193,81.6949126124382,86.71547412872314,260.14642238616943,92.60192513465881,64.82134759426117,127.07525240573884,31.76881310143471,0.0,181.54425024986267,2.695584297180176,-10.603885650634766,264.05735463845105,419.24053955078125,261.21989748352456,429.3142309188843,0.5224397949670492,0.7155237181981404,124.22783434552576,0,0,73.27117521331405,0,0,0,0,False,0.0,7.105427357601002e-15,0.0,0.0,80.74809232459175,50.832390069961555,0.1338869571685791,8.370732715200937,140.08510206692284,104.63415894001172,1.465423504266281,0.0,0.0,141.55052557118913,-0.14155052557118913,0.03739571571350098,0.03739571571350098,-0.03649473190307617,-0.03649473190307617,0.022463202476501465,0.022463202476501465,-0.06627428531646729,-0.06627428531646729,0.028910279273986816,0.028910279273986816,0.3430760007177014
6,2025-02-27 17:00:00,17,258.831946,146.181467,166.964458,58.379805,107.780425,1.05,0.25,180.7467520236969,63.26136320829391,81.3360384106636,86.65459334850311,259.96378004550934,93.19441437721252,65.23609006404877,101.72836793595124,25.43209198398781,0.0,180.7467520236969,3.1441497802734375,-11.302671432495117,261.21989748352456,429.3142309188843,257.9102661358683,440.05176877975464,0.5158205322717366,0.7334196146329244,138.35288834392358,0,0,90.6212656464653,0,0,0,0,False,0.0,-2.1316282072803006e-14,0.0,0.0,145.27053276111977,50.60909056663514,0.15083785057067872,8.979475119511788,205.00993629783736,112.24343899389736,1.8124253129293062,0.0,0.0,206.82236161076665,-0.20682236161076664,0.03283858299255371,0.03283858299255371,-0.03717118501663208,-0.03717118501663208,0.026201248168945312,0.026201248168945312,-0.07064169645309448,-0.07064169645309448,0.03549349308013916,0.03549349308013916,0.2851569997801562
6,2025-02-27 18:00:00,18,240.683188,154.415392,148.314468,0.0,112.134443,1.05,0.25,178.86676490306854,62.60336771607398,80.49004420638084,85.95340490341187,257.8602147102356,94.07604575157166,65.85323202610016,82.46123597389985,20.61530899347496,0.0,178.86676490306854,3.634185791015625,-11.647558212280273,257.9102661358683,440.05176877975464,254.08480740848344,451.1169490814209,0.5081696148169669,0.7518615818023682,168.8799053897972,0,0,78.21126295276451,0,0,0,0,False,0.0,-2.1316282072803006e-14,0.0,0.0,177.32390065928706,50.0826941728592,0.1672633647918701,10.292584075600173,237.86644227253828,128.65730094500216,1.5642252590552903,0.0,0.0,239.43066753159357,-0.23943066753159356,0.022095799446105957,0.022095799446105957,-0.044962167739868164,-0.044962167739868164,0.030284881591796875,0.030284881591796875,-0.07279723882675171,-0.07279723882675171,0.04528939723968506,0.04528939723968506,0.30599299952882575
6,2025-02-27 19:00:00,19,239.994748,166.239603,146.209549,0.0,138.179208,1.05,0.25,176.81562900543213,61.88547015190124,79.56703305244446,85.65667748451233,256.970032453537,94.75525617599487,66.32867932319641,79.8808696768036,19.9702174192009,0.0,176.81562900543213,3.92702579498291,-12.318487167358398,254.08480740848344,451.1169490814209,249.95109604534355,462.8195118904114,0.4999021920906871,0.7713658531506856,141.62993895682902,0,0,63.223719162628186,0,0,0,0,False,0.0,-4.973799150320701e-14,0.0,0.0,148.71143590467048,49.508376121521,0.1794032096862793,9.060767378187391,207.45998261406515,113.2595922273424,1.2644743832525638,0.0,0.0,208.72445699731773,-0.20872445699731773,0.010375022888183594,0.010375022888183594,-0.04825913906097412,-0.04825913906097412,0.03272521495819092,0.03272521495819092,-0.07699054479598999,-0.07699054479598999,0.05283617973327637,0.05283617973327637,0.23361100011243252
6,2025-02-27 20:00:00,20,239.362864,185.992016,146.818909,0.0,130.319271,1.05,0.25,175.17194151878357,61.31017953157424,78.8273736834526,85.61640679836273,256.8492203950882,94.718177318573,66.3027241230011,80.51618487699889,20.129046219249723,0.0,175.17194151878357,4.655241966247559,-13.483037948608398,249.95109604534355,462.8195118904114,245.05084134403032,475.62839794158936,0.49010168268806065,0.7927139965693156,148.82362451979068,0,0,41.48336281135937,0,0,0,0,False,0.0,2.1316282072803006e-14,2.842170943040401e-14,0.0,156.26480574578022,49.04814362525941,0.20707244873046876,9.350990543171328,214.8710123629414,116.8873817896416,0.8296672562271874,0.0,0.0,215.7006796191686,-0.21570067961916858,0.000982522964477539,0.000982522964477539,-0.04870659112930298,-0.04870659112930298,0.03879368305206299,0.03879368305206299,-0.08426898717880249,-0.08426898717880249,0.05242419242858887,0.05242419242858887,0.3335309993417468
6,2025-02-27 21:00:00,21,244.939881,184.09991,149.934234,0.0,130.132288,1.05,0.25,174.02793169021606,60.909776091575615,78.31256926059723,85.70905566215515,257.12716698646545,94.51718330383301,66.1620283126831,83.7722056873169,20.943051421829225,0.0,174.02793169021606,6.029934883117676,-14.630317687988281,245.05084134403032,475.62839794158936,238.70354146706435,489.5271997451782,0.4774070829341287,0.8158786662419637,154.51998910929112,0,0,42.19232525524137,0,0,0,0,False,0.0,1.4210854715202004e-14,2.842170943040401e-14,0.0,162.2459885647557,48.727820873260505,0.25404963493347166,9.583326427852267,220.8111855008019,119.79158034815333,0.8438465051048274,0.0,0.0,221.65503200590675,-0.22165503200590675,-0.005554676055908203,-0.005554676055908203,-0.04767715930938721,-0.04767715930938721,0.050249457359313965,0.050249457359313965,-0.09143948554992676,-0.09143948554992676,0.05019092559814453,0.05019092559814453,0.2448149998599547
6,2025-02-27 22:00:00,22,233.345229,189.212657,140.94425,0.0,146.644441,0.65,0.25,173.8571897149086,60.850016400218,78.23573537170887,85.83354771137238,257.5006431341171,94.61658596992493,66.23161017894745,74.71263982105256,18.67815995526314,0.0,173.8571897149086,5.461335182189941,-13.062973022460938,238.70354146706435,489.5271997451782,232.95476759107495,501.9370241165161,0.4659095351821499,0.8365617068608602,124.90114408422758,0,0,38.8441625134401,0,0,0,0,False,0.0,2.842170943040401e-14,2.842170943040401e-14,0.0,81.18574365474792,48.680013120174415,0.22915492057800294,8.277365375144552,138.37227707064488,103.46706718930689,0.7768832502688019,0.0,0.0,139.1491603209137,-0.1391491603209137,-0.006530344486236572,-0.006530344486236572,-0.04629391431808472,-0.04629391431808472,0.04551112651824951,0.04551112651824951,-0.08164358139038086,-0.08164358139038086,0.05129539966583252,0.05129539966583252,0.2866180002456531
6,2025-02-27 23:00:00,23,223.34539,214.286334,145.693567,0.0,153.19033,0.35,0.25,173.59205931425095,60.757220759987824,78.11642669141293,85.80786287784576,257.4235886335373,95.32788634300232,66.72952044010162,78.96404655989838,19.741011639974595,0.0,173.59205931425095,4.267315864562988,-10.431346893310547,232.95476759107495,501.9370241165161,228.46285615469287,511.84680366516113,0.4569257123093857,0.8530780061086018,110.67939789326957,0,0,15.494448088637341,0,0,0,0,False,0.0,7.105427357601002e-15,0.0,0.0,38.73778926264435,48.60577660799027,0.1801762104034424,7.647366456331877,95.17110853736995,95.59208070414846,0.30988896177274683,233.38394751046826,466.7678950209365,562.2488925200792,-0.5622488925200791,-0.008045375347137451,-0.008045375347137451,-0.04657930135726929,-0.04657930135726929,0.0355609655380249,0.0355609655380249,-0.06519591808319092,-0.06519591808319092,0.059198737144470215,0.059198737144470215,0.27411399969423655
7,2025-02-28 00:00:00,0,288.855095,274.535963,163.332617,0.0,118.728849,0.35,0.25,150.0,52.5,67.5,87.14308261871338,261.42924785614014,93.25344443321228,65.2774111032486,98.0552058967514,24.51380147418785,50.73364323490904,206.37071470545447,-2.503831386566162,-11.873483657836914,250.0,300.0,252.37863981723785,311.27980947494507,0.5047572796344757,0.5187996824582418,231.78696147946744,0,0,0.0,0,0,0,0,False,0.14177055018288753,7.105427357601002e-15,0.0,0.0,81.1254365178136,57.78380011752726,0.1344823598861694,13.50055774038384,152.54427673561085,168.756971754798,0.0,0.0,0.0,152.54427673561085,-0.15254427673561086,-0.001086592674255371,-0.1428571428571429,-0.031743526458740234,-0.031743526458740234,-0.020865261554718018,-0.020865261554718018,-0.07420927286148071,-0.07420927286148071,0.03614938259124756,0.03614938259124756,0.4004969996458385
7,2025-02-28 01:00:00,1,303.128278,288.694161,176.858629,0.0,79.977856,0.35,0.25,175.07889866828918,61.27761453390121,78.78550440073013,89.41710770130157,268.2513231039047,91.18462443351746,63.82923710346221,113.02939189653779,28.257347974134447,43.14281356547929,223.0153581854884,-2.231583595275879,-10.30085563659668,252.37863981723785,311.27980947494507,254.49864423274994,321.0656223297119,0.5089972884654999,0.5351093705495199,281.7788467368107,0,0,0.0,0,0,0,0,False,0.0,-4.263256414560601e-14,0.0,0.0,98.62259635788374,62.444300291936756,0.11845178604125978,15.966514987387486,177.1518634232492,199.58143734234358,0.0,0.0,0.0,177.1518634232492,-0.1771518634232492,0.0004508495330810547,0.0004508495330810547,-0.00647658109664917,-0.00647658109664917,-0.018596529960632324,-0.018596529960632324,-0.06438034772872925,-0.06438034772872925,0.013162493705749512,0.013162493705749512,0.3572689993234235
7,2025-02-28 02:00:00,2,313.330936,293.478775,173.105897,0.0,102.733083,0.35,0.25,175.79257488250732,61.527401208877556,79.1066586971283,90.41502356529236,271.2450706958771,90.43976426124573,63.307834982872,109.79806201712799,27.449515504281997,41.85114023628233,222.2938418117099,-2.413351535797119,-8.284330368041992,254.49864423274994,321.0656223297119,256.7913281917572,328.9357361793518,0.5135826563835144,0.5482262269655863,269.3483423964939,0,0,0.0,0,0,0,0,False,0.0,-7.815970093361102e-14,0.0,0.0,94.27191983877285,62.24227570727878,0.11382219791412353,15.408028534433093,172.03604627839883,192.60035668041365,0.0,0.0,0.0,172.03604627839883,-0.17203604627839883,0.004528999328613281,0.004528999328613281,0.004611372947692871,0.004611372947692871,-0.020111262798309326,-0.020111262798309326,-0.05177706480026245,-0.05177706480026245,0.004886269569396973,0.004886269569396973,0.2634900001794449
7,2025-02-28 03:00:00,3,273.735957,313.482894,159.116021,0.0,83.617161,0.35,0.25,176.80407166481018,61.881425082683556,79.56183224916458,90.81583142280579,272.44749426841736,89.58104968070984,62.70673477649688,96.4092862235031,24.102321555875776,57.94990181583785,241.19285146018558,-2.343463897705078,-6.895284652709961,256.7913281917572,328.9357361793518,259.017618894577,335.48625659942627,0.5180352377891541,0.5591437609990438,245.49898779370307,0,0,0.0,0,0,0,0,False,0.0,-4.263256414560601e-14,0.0,0.0,85.92464572779606,67.53399840885197,0.10478034019470214,14.661041086285906,168.22446556312866,183.2630135785738,0.0,0.0,0.0,168.22446556312866,-0.16822446556312867,0.010308980941772461,0.010308980941772461,0.009064793586730957,0.009064793586730957,-0.019528865814208984,-0.019528865814208984,-0.043095529079437256,-0.043095529079437256,-0.004655003547668457,-0.004655003547668457,0.3218100000594859
7,2025-02-28 04:00:00,4,293.229016,297.704179,160.456964,0.0,70.183379,0.35,0.25,177.68900096416473,62.19115033745765,79.96005043387413,91.10645413398743,273.3193624019623,89.03332114219666,62.32332479953765,98.13363920046234,24.533409800115585,38.6703179887333,220.65602095164618,-2.3754000663757324,-5.212230682373047,259.017618894577,335.48625659942627,261.274248957634,340.43787574768066,0.5225484979152679,0.5673964595794678,278.8697506630211,0,0,0.0,0,0,0,0,False,0.0,-7.105427357601002e-15,0.0,0.0,97.60441273205737,61.783685866460935,0.09732315540313721,15.800765364399268,175.2861871183207,197.50956705499084,0.0,0.0,0.0,175.2861871183207,-0.1752861871183207,0.01536571979522705,0.01536571979522705,0.01229393482208252,0.01229393482208252,-0.019795000553131104,-0.019795000553131104,-0.03257644176483154,-0.03257644176483154,-0.010740876197814941,-0.010740876197814941,1.017297000544204
7,2025-02-28 05:00:00,5,293.531591,314.320183,161.531842,0.0,30.835927,0.35,0.25,178.5542368888855,62.49398291110992,80.34940659999847,91.21994376182556,273.6598312854767,88.65157842636108,62.05610489845275,99.47573710154725,24.868934275386813,52.85019596520232,237.2766768502214,-2.4184083938598633,-3.8876724243164062,261.274248957634,340.43787574768066,263.57173693180084,344.13116455078125,0.5271434738636017,0.5735519409179688,318.7089675199623,0,0,0.0,0,0,0,0,False,0.0,2.1316282072803006e-14,0.0,0.0,111.5481386319868,66.437469518062,0.09199061393737794,17.819621400481886,195.89722016446805,222.74526750602357,0.0,0.0,0.0,195.89722016446805,-0.19589722016446806,0.020309925079345703,0.020309925079345703,0.013554930686950684,0.013554930686950684,-0.020153403282165527,-0.020153403282165527,-0.02429795265197754,-0.02429795265197754,-0.014982461929321289,-0.014982461929321289,0.5238169997028308
7,2025-02-28 06:00:00,6,289.06991,312.345715,153.843,0.0,65.758272,0.35,0.25,180.13214766979218,63.046251684427254,81.05946645140648,91.32522583007812,273.9756774902344,88.69602262973785,62.08721584081649,91.75578415918349,22.938946039795873,49.54464910801886,235.18175778981313,-2.230803966522217,-3.538055419921875,263.57173693180084,344.13116455078125,265.69100069999695,347.49231719970703,0.5313820013999939,0.5791538619995117,276.76036215196893,0,0,0.0,0,0,0,0,False,0.0,2.1316282072803006e-14,0.0,0.0,96.86612675318912,65.85089218114769,0.08461439609527588,15.940364059323645,178.74199738975574,199.25455074154556,0.0,0.0,0.0,178.74199738975574,-0.17874199738975574,0.029326558113098145,0.029326558113098145,0.0147247314453125,0.0147247314453125,-0.018590033054351807,-0.018590033054351807,-0.02211284637451172,-0.02211284637451172,-0.014488637447357178,-0.014488637447357178,0.4002390005553025
7,2025-02-28 07:00:00,7,320.533993,307.396033,209.853974,50.402551,45.484883,0.65,0.25,183.21315944194794,64.12460580468178,82.44592174887657,91.0323715209961,273.0971145629883,87.85616934299469,61.499318540096276,148.3546554599037,37.08866386497593,45.542152862794865,233.81555151172,-1.3800644874572754,-5.832986831665039,265.69100069999695,347.49231719970703,267.00206196308136,353.0336546897888,0.5340041239261627,0.5883894244829814,290.0230530687476,0,0,0.0,0,0,0,0,False,0.0,2.842170943040401e-14,0.0,0.0,188.51498449468593,65.46835442328161,0.07056686878204346,16.502063159212415,270.55596894596204,206.2757894901552,0.0,0.0,0.0,270.55596894596204,-0.270555968945962,0.046932339668273926,0.046932339668273926,0.011470794677734375,0.011470794677734375,-0.011500537395477295,-0.011500537395477295,-0.036456167697906494,-0.036456167697906494,-0.023820340633392334,-0.023820340633392334,0.4211830000713235
7,2025-02-28 08:00:00,8,324.03747,292.991656,248.415145,98.593207,32.445813,0.65,0.25,185.6394499540329,64.97380748391151,83.5377524793148,89.99507546424866,269.985226392746,87.81626880168915,61.4713881611824,186.9437568388176,46.7359392097044,34.14114900885198,223.57405996386842,-2.0641636848449707,-6.856203079223633,267.00206196308136,353.0336546897888,268.9630174636841,359.54704761505127,0.5379260349273681,0.5992450793584188,266.8198208748865,0,0,0.0,0,0,0,0,False,0.0,-1.4210854715202004e-14,0.0,0.0,173.43288356867623,62.600736789883165,0.09620592594146729,15.317257077916903,251.44708336241777,191.46571347396127,0.0,0.0,0.0,251.44708336241777,-0.2514470833624178,0.06079685688018799,0.06079685688018799,-5.4717063903808594e-05,-5.4717063903808594e-05,-0.017201364040374756,-0.017201364040374756,-0.042851269245147705,-0.042851269245147705,-0.02426367998123169,-0.02426367998123169,0.37087400050950237
7,2025-02-28 09:00:00,9,332.994525,291.170192,270.711597,126.646061,61.409821,0.65,0.25,187.85451650619507,65.74908077716827,84.53453242778778,89.50549185276031,268.51647555828094,88.00123393535614,61.60086375474929,209.11073324525069,52.27768331131267,33.866608974067674,225.48408203293693,-2.6091814041137695,-7.746191024780273,268.9630174636841,359.54704761505127,271.44173979759216,366.90592908859253,0.5428834795951843,0.6115098818143209,223.5819187910185,0,0,0.0,0,0,0,0,False,0.0,0.0,0.0,0.0,145.32824721416202,63.13554296922234,0.11700639724731446,13.445349739331805,222.0261463199635,168.06687174164756,0.0,0.0,0.0,222.0261463199635,-0.22202614631996348,0.07345438003540039,0.07345438003540039,-0.005494534969329834,-0.005494534969329834,-0.021743178367614746,-0.021743178367614746,-0.04841369390487671,-0.04841369390487671,-0.02220851182937622,-0.02220851182937622,0.29305200041562784
7,2025-02-28 10:00:00,10,353.51103,268.365831,299.328664,171.485764,65.898777,0.65,0.25,189.09864127635956,66.18452444672585,85.0943885743618,89.16432559490204,267.4929767847061,87.96261548995972,61.573830842971795,237.7548331570282,59.43870828925705,12.275283706575408,202.73784539477668,-2.399425506591797,-8.534202575683594,271.44173979759216,366.90592908859253,273.72119402885437,375.01342153549194,0.5474423880577087,0.6250223692258199,200.94442394402506,0,0,0.0,0,0,0,0,False,0.0,2.842170943040401e-14,0.0,0.0,130.6138755636163,56.76659671053748,0.11465377807617187,12.08536017985353,199.58048623208344,151.06700224816913,0.0,0.0,0.0,199.58048623208344,-0.19958048623208344,0.08056366443634033,0.08056366443634033,-0.009285271167755127,-0.009285271167755127,-0.01999521255493164,-0.01999521255493164,-0.05333876609802246,-0.05333876609802246,-0.022637605667114258,-0.022637605667114258,0.3260989997215802
7,2025-02-28 11:00:00,11,363.32602,256.342048,325.044516,176.944064,56.530831,0.65,0.25,189.13879990577698,66.19857996702194,85.11245995759964,88.90028357505798,266.70085072517395,88.30914080142975,61.81639856100082,263.22811743899916,65.80702935974979,0.9429844724159011,190.18656043068353,-1.6933679580688477,-8.105106353759766,273.72119402885437,375.01342153549194,275.3298935890198,382.7132725715637,0.5506597871780395,0.6378554542859395,220.05322592585475,0,0,0.0,0,0,0,0,False,0.0,4.263256414560601e-14,0.0,0.0,143.0345968518056,53.25223692059139,0.09132657051086426,12.725326907628546,209.1034872505364,159.06658634535682,0.0,0.0,0.0,209.1034872505364,-0.2091034872505364,0.08079314231872559,0.08079314231872559,-0.012219071388244629,-0.012219071388244629,-0.01411139965057373,-0.01411139965057373,-0.050656914710998535,-0.050656914710998535,-0.01878732442855835,-0.01878732442855835,0.24969500009319745
7,2025-02-28 12:00:00,12,387.732562,237.598935,326.941911,181.950558,55.716332,0.65,0.25,188.30665051937103,65.90732768177986,84.73799273371696,88.6650538444519,265.9951615333557,88.96238207817078,62.273667454719536,264.66824354528046,66.16706088632012,0.0,188.30665051937103,-0.6453108787536621,-7.492876052856445,275.3298935890198,382.7132725715637,275.94293892383575,389.83150482177734,0.5518858778476715,0.6497191747029623,239.63576992774586,0,0,16.678961136045473,0,0,0,0,False,0.0,2.842170943040401e-14,-2.842170943040401e-14,0.0,155.7632504530348,52.725862145423896,0.05682370662689209,13.556880285130756,222.10281659021632,169.46100356413444,0.33357922272090945,0.0,0.0,222.43639581293723,-0.22243639581293723,0.07603800296783447,0.07603800296783447,-0.014832735061645508,-0.014832735061645508,-0.005377590656280518,-0.005377590656280518,-0.04683047533035278,-0.04683047533035278,-0.011529088020324707,-0.011529088020324707,0.3134620001219446
7,2025-02-28 13:00:00,13,391.16264,228.386053,318.280988,196.214634,76.976194,0.65,0.25,187.2691810131073,65.54421335458755,84.27113145589828,88.1761622428894,264.5284867286682,89.48303639888763,62.63812547922134,255.64286252077864,63.91071563019466,0.0,187.2691810131073,0.7178306579589844,-7.494144439697266,275.94293892383575,389.83150482177734,275.18732770493153,396.95094203948975,0.5503746554098631,0.6615849033991495,203.79664586053752,0,0,23.436384345981594,0,0,0,0,False,0.0,0.0,0.0,0.0,132.4678198093494,52.43537068367005,0.05900564193725586,11.963359314073369,196.92555544903007,149.5419914259171,0.4687276869196319,0.0,0.0,197.3942831359497,-0.1973942831359497,0.07010960578918457,0.07010960578918457,-0.020264863967895508,-0.020264863967895508,0.005981922149658203,0.005981922149658203,-0.04683840274810791,-0.04683840274810791,-0.005744040012359619,-0.005744040012359619,0.26822200015885755
7,2025-02-28 14:00:00,14,371.550994,196.336999,297.813112,156.608146,97.287507,0.65,0.25,185.6775850057602,64.98715475201607,83.55491325259209,87.39495813846588,262.18487441539764,90.4670262336731,63.32691836357116,234.48619363642882,58.621548409107206,0.0,185.6775850057602,1.2119579315185547,-8.442163467407227,275.18732770493153,396.95094203948975,273.91158251385934,404.9709973335266,0.5478231650277187,0.6749516622225443,197.47273486403844,0,0,50.49359896690942,0,0,0,0,False,0.0,1.4210854715202004e-14,0.0,0.0,128.357277661625,51.98972380161286,0.07856955528259277,11.659641694109855,192.08521271263032,145.7455211763732,1.0098719793381883,0.0,0.0,193.0950846919685,-0.1930950846919685,0.061014771461486816,0.061014771461486816,-0.02894490957260132,-0.02894490957260132,0.010099649429321289,0.010099649429321289,-0.052763521671295166,-0.052763521671295166,0.005189180374145508,0.005189180374145508,0.2265089997308678
7,2025-02-28 15:00:00,15,355.204342,181.924126,277.897543,144.69316,107.843828,0.65,0.25,183.86792242527008,64.35377284884453,82.74056509137154,86.77966475486755,260.33899426460266,91.47652387619019,64.03356671333313,213.86397628666685,53.465994071666714,0.0,183.86792242527008,1.6963863372802734,-9.539461135864258,273.91158251385934,404.9709973335266,272.12591268514325,414.03348541259766,0.5442518253702865,0.6900558090209961,176.86285364040947,0,0,60.13944834391975,0,0,0,0,False,0.0,1.4210854715202004e-14,0.0,0.0,114.96085486626616,51.48301827907563,0.09858889579772949,10.72385231898234,177.26631436012187,134.04815398727925,1.202788966878395,0.0,0.0,178.46910332700025,-0.17846910332700025,0.050673842430114746,0.050673842430114746,-0.03578150272369385,-0.03578150272369385,0.014136552810668945,0.014136552810668945,-0.05962163209915161,-0.05962163209915161,0.016405820846557617,0.016405820846557617,0.2535339999667485
7,2025-02-28 16:00:00,16,327.656048,182.1387,235.545561,100.945563,112.725901,0.65,0.25,181.78591132164001,63.625068962574,81.803660094738,86.38887226581573,259.1666167974472,92.59101390838623,64.81370973587036,170.73185126412963,42.68296281603241,0.0,181.78591132164001,2.4807357788085938,-10.329732894897461,272.12591268514325,414.03348541259766,269.5146118653447,423.84673166275024,0.5390292237306894,0.7064112194379171,176.9506143404655,0,0,55.91083008890155,0,0,0,0,False,0.0,-2.1316282072803006e-14,-2.842170943040401e-14,0.0,115.01789932130258,50.90005517005921,0.12607073783874512,10.694401612126724,176.73842684132725,133.68002015158405,1.118216601778031,0.0,0.0,177.8566434431053,-0.1778566434431053,0.03877663612365723,0.03877663612365723,-0.04012364149093628,-0.04012364149093628,0.02067279815673828,0.02067279815673828,-0.06456083059310913,-0.06456083059310913,0.028789043426513672,0.028789043426513672,0.3264840006522718
7,2025-02-28 17:00:00,17,309.839769,184.794153,199.46149,49.29254,151.912503,1.05,0.25,181.37848377227783,63.482469320297234,81.62031769752502,86.48939073085785,259.46817219257355,93.07788848876953,65.15452194213867,134.30696805786133,33.57674201446533,0.0,181.37848377227783,2.766695022583008,-11.136856079101562,269.5146118653447,423.84673166275024,266.6023013152573,434.42674493789673,0.5332046026305146,0.7240445748964945,162.4516944024429,0,0,52.079592322227484,0,0,0,0,False,0.0,-2.1316282072803006e-14,0.0,0.0,170.57427912256506,50.7859754562378,0.13868513107299804,10.049930294063934,231.54887000393978,125.62412867579917,1.0415918464445497,0.0,0.0,232.59046185038434,-0.23259046185038434,0.03644847869873047,0.03644847869873047,-0.03900676965713501,-0.03900676965713501,0.0230557918548584,0.0230557918548584,-0.06960535049438477,-0.06960535049438477,0.034198760986328125,0.034198760986328125,0.3113020002274425
7,2025-02-28 18:00:00,18,272.749002,184.086759,187.492378,0.0,112.411375,1.05,0.25,178.9642095565796,62.63747334480285,80.53389430046082,85.84579467773438,257.5373840332031,93.93627047538757,65.7553893327713,121.7369886672287,30.434247166807175,0.0,178.9642095565796,3.2348012924194336,-11.379556655883789,266.6023013152573,434.42674493789673,263.19724732323687,445.2373237609863,0.5263944946464737,0.7420622062683105,210.74539420731924,0,0,48.66869220239255,0,0,0,0,False,0.0,-2.1316282072803006e-14,2.842170943040401e-14,0.0,221.2826639176852,50.10997867584229,0.15394182205200196,12.136224698027322,283.6828091136068,151.70280872534153,0.973373844047851,0.0,0.0,284.65618295765466,-0.28465618295765466,0.022652626037597656,0.022652626037597656,-0.0461578369140625,-0.0461578369140625,0.026956677436828613,0.026956677436828613,-0.07112222909927368,-0.07112222909927368,0.04373633861541748,0.04373633861541748,0.23083799987944076
7,2025-02-28 19:00:00,19,292.10995,187.81008,168.414037,0.0,128.189112,1.05,0.25,176.92072987556458,61.922255456447594,79.61432844400406,85.45458912849426,256.3637673854828,94.79124069213867,66.35386848449707,102.06016851550294,25.515042128875734,0.0,176.92072987556458,3.4936094284057617,-11.966753005981445,263.19724732323687,445.2373237609863,259.5197637143887,456.6057391166687,0.5190395274287775,0.7610095651944478,209.47460437251664,0,0,41.41002213136676,0,0,0,0,False,0.0,0.0,-2.842170943040401e-14,0.0,219.94833459114247,49.53780436515809,0.1646420478820801,12.047614270399768,281.6983952745824,150.5951783799971,0.8282004426273352,0.0,0.0,282.5265957172098,-0.2825265957172098,0.01097559928894043,0.01097559928894043,-0.05050456523895264,-0.05050456523895264,0.029113411903381348,0.029113411903381348,-0.07479220628738403,-0.07479220628738403,0.05323600769042969,0.05323600769042969,0.5144879996805685
7,2025-02-28 20:00:00,20,301.307684,210.025012,168.925461,0.0,129.666666,1.05,0.25,175.34127533435822,61.36944636702537,78.9035739004612,85.41457056999207,256.2437117099762,94.72134232521057,66.3049396276474,102.62052137235261,25.655130343088153,0.0,175.34127533435822,4.312005043029785,-13.266277313232422,259.5197637143887,456.6057391166687,254.98081103751525,469.2087025642395,0.5099616220750305,0.7820145042737325,217.02926750302504,0,0,17.134653971994396,0,0,0,0,False,0.0,-4.973799150320701e-14,0.0,0.0,227.8807308781763,49.09555709362031,0.19569153785705565,12.354748175482833,289.5267276851365,154.4343521935354,0.3426930794398879,0.0,0.0,289.8694207645764,-0.2898694207645764,0.0019501447677612305,0.0019501447677612305,-0.05094921588897705,-0.05094921588897705,0.03593337535858154,0.03593337535858154,-0.08291423320770264,-0.08291423320770264,0.05245935916900635,0.05245935916900635,0.3547510004864307
7,2025-02-28 21:00:00,21,289.333957,228.725511,162.21945,0.0,143.672509,1.05,0.25,174.01795983314514,60.90628594160079,78.30808192491531,85.76447546482086,257.2934263944626,94.33469653129578,66.03428757190704,96.18516242809295,24.046290607023238,1.9800786827430557,176.2180472584152,5.723419189453125,-14.521379470825195,254.98081103751525,469.2087025642395,248.95615925914353,483.00401306152344,0.49791231851828704,0.8050066884358724,188.8425089407902,0,0,0.0,0,0,0,0,False,0.0,1.4210854715202004e-14,-2.842170943040401e-14,0.0,198.28463438782973,49.34105323235626,0.24430947303771972,11.128559149529412,258.9985562427531,139.10698936911766,0.0,0.0,0.0,258.9985562427531,-0.25899855624275314,-0.0056116580963134766,-0.0056116580963134766,-0.047061383724212646,-0.047061383724212646,0.047695159912109375,0.047695159912109375,-0.09075862169265747,-0.09075862169265747,0.04816329479217529,0.04816329479217529,0.31077300081960857
7,2025-02-28 22:00:00,22,284.541495,236.852291,162.239442,0.0,127.890277,0.65,0.25,173.8055258989334,60.83193406462669,78.21248665452003,85.70242524147034,257.107275724411,94.32795882225037,66.02957117557526,96.20987082442474,24.052467706106185,8.860928040853537,183.65100149988177,5.08791446685791,-13.00044059753418,248.95615925914353,483.00401306152344,243.60045982034572,495.3544316291809,0.48720091964069145,0.8255907193819682,200.4862624160919,0,0,0.0,0,0,0,0,False,0.0,-4.263256414560601e-14,2.842170943040401e-14,0.0,130.31607057045974,51.4222804199669,0.2176396369934082,11.759811570306153,193.7158021977262,146.99764462882692,0.0,0.0,0.0,193.7158021977262,-0.1937158021977262,-0.006825566291809082,-0.006825566291809082,-0.04775083065032959,-0.04775083065032959,0.04239928722381592,0.04239928722381592,-0.08125275373458862,-0.08125275373458862,0.0480884313583374,0.0480884313583374,0.2983900003528106
7,2025-02-28 23:00:00,23,284.651942,248.454983,163.842961,0.0,131.104108,0.35,0.25,173.57329428195953,60.75065299868583,78.10798242688179,85.6028938293457,256.8086814880371,95.1397454738617,66.59782183170319,97.24513916829682,24.311284792074204,19.094248030622452,194.7891254270956,3.9313316345214844,-10.416183471679688,243.60045982034572,495.3544316291809,239.46221599453364,505.2498059272766,0.47892443198906726,0.8420830098787944,198.78002798821262,0,0,0.0,0,0,0,0,False,0.0,1.4210854715202004e-14,-2.842170943040401e-14,0.0,69.57300979587441,54.54095511958677,0.17002086639404296,11.862947238314886,136.1469330201701,148.28684047893609,0.0,215.78758993274297,431.57517986548595,567.7221128856561,-0.5677221128856561,-0.008152604103088379,-0.008152604103088379,-0.04885673522949219,-0.04885673522949219,0.0327610969543457,0.0327610969543457,-0.06510114669799805,-0.06510114669799805,0.057108283042907715,0.057108283042907715,0.38539100023626816
8,2025-03-01 00:00:00,0,247.975906,266.26644,149.940564,0.0,97.536607,0.35,0.25,150.0,52.5,67.5,87.07018554210663,261.2105566263199,93.29658508300781,65.30760955810547,84.63295444189453,21.15823861047363,42.96986385768889,197.7442931752099,-2.151482105255127,-12.117395401000977,250.0,300.0,252.04390799999237,311.5115256309509,0.5040878159999848,0.5191858760515848,208.3192052578354,0,0,0.0,0,0,0,0,False,0.1411838020597186,0.0,0.0,0.0,72.91172184024238,55.368402089058776,0.1251314401626587,12.329953722148117,140.73520909161192,154.12442152685145,0.0,0.0,0.0,140.73520909161192,-0.1407352090916119,-0.0016733407974243164,-0.1428571428571429,-0.03255349397659302,-0.03255349397659302,-0.017929017543792725,-0.017929017543792725,-0.0757337212562561,-0.0757337212562561,0.03662872314453125,0.03662872314453125,0.42299200049455976
8,2025-03-01 01:00:00,1,258.521521,279.095483,162.164047,0.0,88.709998,0.35,0.25,175.07309913635254,61.27558469772338,78.78289461135864,89.43191349506378,268.29574048519135,91.23334407806396,63.86334085464477,98.30070614535524,24.57517653633881,33.77847986908722,212.60474343533835,-1.9820737838745117,-10.528287887573242,252.04390799999237,311.5115256309509,253.92687809467316,321.5133991241455,0.5078537561893464,0.5358556652069092,224.52510211755373,0,0,0.0,0,0,0,0,False,0.0,-7.105427357601002e-15,0.0,0.0,78.5837857411438,59.529328161894746,0.11210365295410156,13.280780388137778,151.5059979441304,166.00975485172222,0.0,0.0,0.0,151.5059979441304,-0.1515059979441304,0.0004177093505859375,0.0004177093505859375,-0.006312072277069092,-0.006312072277069092,-0.016517281532287598,-0.016517281532287598,-0.06580179929733276,-0.06580179929733276,0.01370382308959961,0.01370382308959961,0.2749759996731882
8,2025-03-01 02:00:00,2,271.811877,280.04447,149.553909,0.0,73.05925,0.35,0.25,175.9312629699707,61.57594203948974,79.16906833648682,90.27940034866333,270.83820104599,90.41213750839233,63.28849625587463,86.26541274412537,21.566353186031343,28.93137471649169,208.07723487718368,-1.9981741905212402,-8.482036590576172,253.92687809467316,321.5133991241455,255.82514357566833,329.57133388519287,0.5116502871513366,0.5492855564753214,251.02061268572612,0,0,0.0,0,0,0,0,False,0.0,-6.394884621840902e-14,0.0,0.0,87.85721444000414,58.261625765611434,0.10235540866851807,14.374142716206888,160.595338330491,179.6767839525861,0.0,0.0,0.0,160.595338330491,-0.160595338330491,0.005321502685546875,0.005321502685546875,0.0031044483184814453,0.0031044483184814453,-0.016651451587677002,-0.016651451587677002,-0.053012728691101074,-0.053012728691101074,0.004579305648803711,0.004579305648803711,0.3866890001518186
8,2025-03-01 03:00:00,3,267.409632,290.841412,155.89918,0.0,76.021636,0.35,0.25,176.8050104379654,61.88175365328788,79.56225469708443,90.78229308128357,272.3468792438507,89.60296332836151,62.72207432985305,93.17710567014694,23.294276417536736,35.41807105356406,216.15842271970325,-2.2350096702575684,-6.882829666137695,255.82514357566833,329.57133388519287,257.948402762413,336.1100220680237,0.5158968055248261,0.5601833701133728,245.81782151578994,0,0,0.0,0,0,0,0,False,0.0,-2.842170943040401e-14,0.0,0.0,86.03623753052648,60.52435836151692,0.10146443843841552,14.274518910210011,160.93657924069186,178.43148637762513,0.0,0.0,0.0,160.93657924069186,-0.16093657924069185,0.010314345359802246,0.010314345359802246,0.008692145347595215,0.008692145347595215,-0.018625080585479736,-0.018625080585479736,-0.043017685413360596,-0.043017685413360596,-0.004411518573760986,-0.004411518573760986,0.24128400036715902
8,2025-03-01 04:00:00,4,253.506723,290.75845,146.844292,0.0,70.368142,0.35,0.25,177.7157038450241,62.20049634575843,79.97206673026085,91.01716876029968,273.05150628089905,89.03198003768921,62.32238602638244,84.52190597361755,21.130476493404387,32.347024796915036,213.65684250826303,-2.1617531776428223,-5.580167770385742,257.948402762413,336.1100220680237,260.0020682811737,341.41118144989014,0.5200041365623475,0.5690186357498169,235.24748308558844,0,0,0.0,0,0,0,0,False,0.0,2.842170943040401e-14,0.0,0.0,82.33661907995595,59.82391590231365,0.09275343418121337,13.7693987358981,156.02268715234894,172.11748419872626,0.0,0.0,0.0,156.02268715234894,-0.15602268715234893,0.01551830768585205,0.01551830768585205,0.011301875114440918,0.011301875114440918,-0.018014609813690186,-0.018014609813690186,-0.03487604856491089,-0.03487604856491089,-0.010755777359008789,-0.010755777359008789,0.30813700050202897
8,2025-03-01 05:00:00,5,252.753831,291.838938,161.118954,0.0,48.771145,0.35,0.25,178.54703962802887,62.4914638698101,80.34616783261299,91.18313312530518,273.5493993759155,88.76528799533844,62.1357015967369,98.9832524032631,24.745813100815774,30.944403263128265,212.9297099203936,-2.2707653045654297,-4.235744476318359,260.0020682811737,341.41118144989014,262.15929532051086,345.4351387023926,0.5243185906410217,0.5757252311706543,259.6909336608763,0,0,0.0,0,0,0,0,False,0.0,7.105427357601002e-15,0.0,0.0,90.89182678130669,59.62031877771022,0.08930168151855468,14.833276439804854,165.4347236803403,185.41595549756067,0.0,0.0,0.0,165.4347236803403,-0.16543472368034032,0.020268797874450684,0.020268797874450684,0.013145923614501953,0.013145923614501953,-0.018923044204711914,-0.018923044204711914,-0.026473402976989746,-0.026473402976989746,-0.013719022274017334,-0.013719022274017334,0.27126500026497524
8,2025-03-01 06:00:00,6,252.238113,302.002593,157.849582,0.0,52.983696,0.35,0.25,179.95803654193878,62.98531278967857,80.98111644387245,91.17170691490173,273.5151207447052,88.71858537197113,62.103009760379784,95.7465722396202,23.93664305990505,39.95608704215812,224.35368881100337,-2.0844125747680664,-3.7311458587646484,262.15929532051086,345.4351387023926,264.1394872665405,348.979727268219,0.528278974533081,0.581632878780365,253.46186675989628,0,0,0.0,0,0,0,0,False,0.0,1.4210854715202004e-14,0.0,0.0,88.7116533659637,62.81903286708095,0.08118810653686523,14.741981158411491,166.35385549799304,184.27476448014363,0.0,0.0,0.0,166.35385549799304,-0.16635385549799303,0.028331637382507324,0.028331637382507324,0.013018965721130371,0.013018965721130371,-0.017370104789733887,-0.017370104789733887,-0.023319661617279053,-0.023319661617279053,-0.014237940311431885,-0.014237940311431885,0.2936589999080752
8,2025-03-01 07:00:00,7,289.703822,285.012632,183.657204,59.977068,54.177651,0.65,0.25,183.074888586998,64.0762110054493,82.3836998641491,91.00273847579956,273.0082154273987,88.02717626094818,61.61902338266372,122.03818061733628,30.50954515433407,23.782336252481457,209.4997066453107,-0.9313344955444336,-6.134443283081055,264.1394872665405,348.979727268219,265.02425503730774,354.807448387146,0.5300485100746155,0.59134574731191,233.9165101202288,0,0,0.0,0,0,0,0,False,0.0,2.1316282072803006e-14,0.0,0.0,152.04573157814872,58.659917860687,0.05861225128173828,13.644321751615038,224.4085834417325,170.554021895188,0.0,0.0,0.0,224.4085834417325,-0.2244085834417325,0.04614222049713135,0.04614222049713135,0.011141538619995117,0.011141538619995117,-0.007761120796203613,-0.007761120796203613,-0.03834027051925659,-0.03834027051925659,-0.02192026376724243,-0.02192026376724243,0.2243959997940692
8,2025-03-01 08:00:00,8,303.273964,279.772748,224.212617,117.85829,48.665154,0.65,0.25,185.56424379348755,64.94748532772064,83.5039097070694,90.09367346763611,270.2810204029083,87.99813330173492,61.59869331121444,162.61392368878555,40.65348092219639,20.99013591465757,208.88661703199597,-1.6457390785217285,-7.004184722900391,265.02425503730774,354.807448387146,266.5877071619034,361.46142387390137,0.5331754143238068,0.6024357064565022,204.19592814063355,0,0,0.0,0,0,0,0,False,0.0,-2.1316282072803006e-14,0.0,0.0,132.72735329141182,58.48825276895888,0.0843930959701538,12.326806710699813,203.62680586704067,154.08508388374767,0.0,0.0,0.0,203.62680586704067,-0.20362680586704068,0.06036710739135742,0.06036710739135742,0.001040816307067871,0.001040816307067871,-0.013714492321014404,-0.013714492321014404,-0.04377615451812744,-0.04377615451812744,-0.022242963314056396,-0.022242963314056396,0.4814829999304493
8,2025-03-01 09:00:00,9,326.163203,259.122725,246.069278,183.579478,46.571743,0.65,0.25,187.94173896312714,65.7796086370945,84.57378253340721,89.46059703826904,268.38179111480713,88.0166083574295,61.611625850200646,184.45765214979934,46.114413037449836,2.0572376450061824,190.22755856868957,-2.1251678466796875,-7.873477935791016,266.5877071619034,361.46142387390137,268.6066166162491,368.94122791290283,0.5372132332324981,0.6149020465215047,167.93255128530407,0,0,0.0,0,0,0,0,False,0.0,-7.105427357601002e-14,0.0,0.0,109.15615833544766,53.26371639923308,0.10312242507934571,10.432673193652413,172.9556703534125,130.40841492065516,0.0,0.0,0.0,172.9556703534125,-0.1729556703534125,0.07395279407501221,0.07395279407501221,-0.005993366241455078,-0.005993366241455078,-0.017709732055664062,-0.017709732055664062,-0.04920923709869385,-0.04920923709869385,-0.02203768491744995,-0.02203768491744995,0.2594269999462995
8,2025-03-01 10:00:00,10,345.133438,244.938252,287.116995,205.138072,65.102819,0.65,0.25,189.0453815460205,66.16588354110718,85.07042169570923,89.15868759155273,267.4760627746582,88.06263506412506,61.643844544887536,225.47315045511243,56.36828761377811,0.0,189.0453815460205,-2.148442268371582,-8.690547943115234,268.6066166162491,368.94122791290283,270.6476367712021,377.1972484588623,0.5412952735424041,0.6286620807647705,156.4020809325953,0,0,10.855049463127102,0,0,0,0,False,0.0,2.842170943040401e-14,2.842170943040401e-14,0.0,101.66135260618695,52.93270683288575,0.10790600776672363,9.906417665770523,164.60838311260997,123.83022082213152,0.21710098926254204,0.0,0.0,164.82548410187252,-0.16482548410187253,0.08025932312011719,0.08025932312011719,-0.009347915649414062,-0.009347915649414062,-0.017903685569763184,-0.017903685569763184,-0.054315924644470215,-0.054315924644470215,-0.0215262770652771,-0.0215262770652771,0.30444300045928685
8,2025-03-01 11:00:00,11,353.392477,229.758828,297.916545,254.577359,73.973262,0.65,0.25,188.9661282300949,66.13814488053322,85.03475770354271,89.14888679981232,267.44666039943695,88.45806241035461,61.92064368724822,235.99590131275176,58.99897532818794,0.0,188.9661282300949,-1.2038898468017578,-8.429594039916992,270.6476367712021,377.1972484588623,271.79133212566376,385.20536279678345,0.5435826642513275,0.6420089379946391,108.05546309426882,0,0,25.83493365270806,0,0,0,0,False,0.0,1.4210854715202004e-14,0.0,0.0,70.23605101127474,52.91051590442658,0.07826466560363769,7.777898427829347,131.00273000913432,97.22373034786683,0.5166986730541612,0.0,0.0,131.51942868218848,-0.13151942868218847,0.07980644702911377,0.07980644702911377,-0.009456813335418701,-0.009456813335418701,-0.010032415390014648,-0.010032415390014648,-0.0526849627494812,-0.0526849627494812,-0.01713263988494873,-0.01713263988494873,0.2702040001167916
8,2025-03-01 12:00:00,12,347.558978,227.51674,299.443738,255.14543,64.881665,0.65,0.25,188.23601305484772,65.8826045691967,84.70620587468147,89.07991111278534,267.239733338356,88.81888389587402,62.17321872711181,237.27051927288818,59.317629818222045,0.0,188.23601305484772,-0.02696514129638672,-8.109121322631836,271.79133212566376,385.20536279678345,271.8169490098953,392.9090280532837,0.5436338980197907,0.6548483800888062,110.07378450310705,0,0,27.501193994531604,0,0,0,0,False,0.0,-1.4210854715202004e-14,2.842170943040401e-14,0.0,71.54795992701959,52.70608365535737,0.04135456085205078,7.855022727014274,132.1504208702433,98.18778408767842,0.5500238798906321,0.0,0.0,132.70044475013393,-0.13270044475013393,0.07563436031341553,0.07563436031341553,-0.010223209857940674,-0.010223209857940674,-0.00022470951080322266,-0.00022470951080322266,-0.050682008266448975,-0.050682008266448975,-0.013123512268066406,-0.013123512268066406,0.2703950003706268
8,2025-03-01 13:00:00,13,347.45417,208.415998,306.367581,227.021048,90.496394,0.65,0.25,187.03991174697876,65.46396911144257,84.16796028614044,88.46386671066284,265.3916001319885,89.40745711326599,62.58521997928619,243.78236102071378,60.945590255178445,0.0,187.03991174697876,1.0211420059204102,-8.013229370117188,271.8169490098953,392.9090280532837,270.74206268787384,400.521595954895,0.5414841253757476,0.6675359932581584,112.86107384847827,0,0,43.72287593474579,0,0,0,0,False,0.0,0.0,0.0,0.0,73.35969800151088,52.37117528915406,0.07070040702819824,7.9585258372847045,133.76009953497783,99.4815729660588,0.8744575186949157,0.0,0.0,134.63455705367275,-0.13463455705367275,0.06879949569702148,0.06879949569702148,-0.017068147659301758,-0.017068147659301758,0.008509516716003418,0.008509516716003418,-0.05008268356323242,-0.05008268356323242,-0.006583809852600098,-0.006583809852600098,0.4574029999275808
8,2025-03-01 14:00:00,14,368.207526,190.340127,290.70122,203.269723,106.689263,0.65,0.25,185.63738465309143,64.973084628582,83.53682309389114,87.63701140880585,262.91103422641754,90.4489803314209,63.31428623199462,227.38693376800535,56.84673344200134,0.0,185.63738465309143,1.3795280456542969,-8.700981140136719,270.74206268787384,400.521595954895,269.28992790297457,408.7875280380249,0.5385798558059491,0.6813125467300415,136.37967217657092,0,0,56.95776884875107,0,0,0,0,False,0.0,4.263256414560601e-14,0.0,0.0,88.6467869147711,51.97846770286561,0.0848907470703125,8.970903730218584,149.6810490949256,112.13629662773229,1.1391553769750216,0.0,0.0,150.82020447190064,-0.15082020447190064,0.06078505516052246,0.06078505516052246,-0.026255428791046143,-0.026255428791046143,0.01149606704711914,0.01149606704711914,-0.05438113212585449,-0.05438113212585449,0.004988670349121094,0.004988670349121094,0.2705429997149622
8,2025-03-01 15:00:00,15,303.048799,173.931165,261.635753,187.253998,117.623395,0.65,0.25,183.68217051029205,64.28875967860222,82.65697672963142,87.20586776733398,261.61760330200195,91.35772347450256,63.95040643215179,197.68534656784823,49.42133664196206,0.0,183.68217051029205,2.017836570739746,-10.096368789672852,269.28992790297457,408.7875280380249,267.165889407459,418.3790783882141,0.534331778814918,0.6972984639803569,68.49201415995407,0,0,68.889322767458,0,0,0,0,False,0.0,0.0,-2.842170943040401e-14,0.0,44.51980920397015,51.43100774288178,0.11101694107055664,5.952563351202652,102.01439723912515,74.40704189003316,1.3777864553491599,0.0,0.0,103.39218369447431,-0.10339218369447431,0.04961240291595459,0.04961240291595459,-0.031045913696289062,-0.031045913696289062,0.01681530475616455,0.01681530475616455,-0.06310230493545532,-0.06310230493545532,0.015085816383361816,0.015085816383361816,0.34376399980828864
8,2025-03-01 16:00:00,16,322.471112,172.761993,218.861914,125.880359,110.230057,0.65,0.25,181.70720040798187,63.59752014279365,81.76824018359184,86.56017422676086,259.6805226802826,92.62615084648132,64.83830559253693,154.0236084074631,38.50590210186577,0.0,181.70720040798187,2.596893310546875,-10.415315628051758,267.165889407459,418.3790783882141,264.4323175016202,428.2736282348633,0.5288646350032404,0.7137893803914388,145.23235887528614,0,0,65.6453033893414,0,0,0,0,False,0.0,1.4210854715202004e-14,-2.842170943040401e-14,0.0,94.40103326893599,50.87801611423493,0.12998337745666505,9.2975389970403,154.7065717576679,116.21923746300375,1.3129060677868278,0.0,0.0,156.01947782545471,-0.15601947782545472,0.03832685947418213,0.03832685947418213,-0.03822028636932373,-0.03822028636932373,0.021640777587890625,0.021640777587890625,-0.06509572267532349,-0.06509572267532349,0.02917945384979248,0.02917945384979248,0.37243200040393276
8,2025-03-01 17:00:00,17,287.60619,175.497994,187.728877,59.687503,120.338297,1.05,0.25,181.077241897583,63.377034664154046,81.48475885391235,86.56040489673615,259.68121469020844,93.12037467956543,65.1842622756958,122.54461472430421,30.636153681076053,0.0,181.077241897583,2.863941192626953,-11.170787811279297,264.4323175016202,428.2736282348633,261.4176425620129,438.8858766555786,0.5228352851240258,0.731476461092631,158.53597272103121,0,0,61.376817053276056,0,0,0,0,False,0.0,0.0,0.0,0.0,166.46277135708277,50.70162773132325,0.14177217483520507,9.872818670086703,227.17898993332793,123.41023337608378,1.2275363410655211,0.0,0.0,228.40652627439346,-0.22840652627439345,0.03472709655761719,0.03472709655761719,-0.03821772336959839,-0.03821772336959839,0.02386617660522461,0.02386617660522461,-0.0698174238204956,-0.0698174238204956,0.03467082977294922,0.03467082977294922,0.37344099928304786
8,2025-03-01 18:00:00,18,281.079659,168.44264,151.657913,0.0,147.042948,1.05,0.25,179.06937301158905,62.67428055405616,80.58121785521507,85.9434700012207,257.8304100036621,94.11418676376343,65.8799307346344,85.77798226536561,21.444495566341402,0.0,179.06937301158905,3.552975654602051,-11.554126739501953,261.4176425620129,438.8858766555786,257.67766818874753,449.86229705810547,0.5153553363774951,0.7497704950968425,175.19742035890388,0,0,64.30067435561182,0,0,0,0,False,0.0,0.0,-2.842170943040401e-14,0.0,183.9572913768491,50.13942444324494,0.1643599033355713,10.573796463977196,244.8348721874068,132.17245579971495,1.2860134871122364,0.0,0.0,246.12088567451903,-0.24612088567451904,0.023253560066223145,0.023253560066223145,-0.04507255554199219,-0.04507255554199219,0.02960813045501709,0.02960813045501709,-0.07221329212188721,-0.07221329212188721,0.045713186264038086,0.045713186264038086,0.45820000013918616
8,2025-03-01 19:00:00,19,259.339366,187.344451,154.445125,0.0,142.391399,1.05,0.25,176.91941559314728,61.92179545760154,79.61373701691628,85.63753724098206,256.91261172294617,94.72531199455261,66.30771839618683,88.13740660381316,22.03435165095329,0.0,176.91941559314728,3.7426185607910156,-12.170429229736328,257.67766818874753,449.86229705810547,253.73806970370435,461.424204826355,0.5074761394074087,0.7690403413772583,158.95544187354275,0,0,42.28615651557351,0,0,0,0,False,0.0,-7.105427357601002e-15,0.0,0.0,166.9032139672199,49.537436366081245,0.1731307029724121,9.824750091926239,226.43853112819977,122.80937614907798,0.8457231303114702,0.0,0.0,227.28425425851125,-0.22728425425851126,0.01096808910369873,0.01096808910369873,-0.048471808433532715,-0.048471808433532715,0.031188488006591797,0.031188488006591797,-0.07606518268585205,-0.07606518268585205,0.05250346660614014,0.05250346660614014,0.2821500002028188
8,2025-03-01 20:00:00,20,286.732367,196.431049,155.606543,0.0,115.934943,1.05,0.25,175.27556121349335,61.346446424722664,78.874002546072,85.3916484117508,256.1749452352524,94.77853775024414,66.3449764251709,89.26156657482909,22.315391643707272,0.0,175.27556121349335,4.456229209899902,-13.324480056762695,253.73806970370435,461.424204826355,249.04730211433605,474.08246088027954,0.4980946042286721,0.7901374348004659,212.70178842083556,0,0,30.51488097431752,0,0,0,0,False,0.0,2.842170943040401e-14,2.842170943040401e-14,0.0,223.33687784187734,49.077157139778144,0.20030927658081055,12.163287669932659,284.777631928169,152.04109587415823,0.6102976194863504,0.0,0.0,285.38792954765535,-0.28538792954765535,0.0015746355056762695,0.0015746355056762695,-0.051203906536102295,-0.051203906536102295,0.03713524341583252,0.03713524341583252,-0.08327800035476685,-0.08327800035476685,0.05309486389160156,0.05309486389160156,0.3310900001451955
8,2025-03-01 21:00:00,21,269.905157,197.234442,146.356597,0.0,125.932004,1.05,0.25,174.06360507011414,60.92226177453994,78.32862228155136,85.65411329269409,256.9623398780823,94.49581146240234,66.14706802368164,80.20952897631835,20.05238224407959,0.0,174.06360507011414,5.915522575378418,-14.572486877441406,249.04730211433605,474.08246088027954,242.82043624551667,487.9263234138489,0.4856408724910333,0.8132105390230815,182.84186418685528,0,0,28.988221819789885,0,0,0,0,False,0.0,-7.105427357601002e-15,0.0,0.0,191.98395739619804,48.737809419631965,0.25032811164855956,10.83005970534346,251.80215463282204,135.37574631679325,0.5797644363957977,0.0,0.0,252.38191906921784,-0.25238191906921786,-0.005350828170776367,-0.005350828170776367,-0.04828763008117676,-0.04828763008117676,0.049296021461486816,0.049296021461486816,-0.09107804298400879,-0.09107804298400879,0.049953460693359375,0.049953460693359375,0.2639270005602157
8,2025-03-01 22:00:00,22,255.500372,229.39154,143.494276,0.0,136.808431,0.65,0.25,173.86336475610733,60.85217766463756,78.2385141402483,85.8164244890213,257.4492734670639,94.38721418380737,66.07104992866516,77.42322607133485,19.355806517833713,1.1225160302304857,175.11060478969677,5.303306579589844,-13.031549453735352,242.82043624551667,487.9263234138489,237.23800826700105,500.30629539489746,0.4744760165340021,0.8338438256581624,157.70868776262753,0,0,0.0,0,0,0,0,False,0.0,-5.684341886080802e-14,-2.842170943040401e-14,0.0,102.5106470457079,49.030969341115096,0.22425694465637208,9.74095193819076,161.50682526967012,121.7618992273845,0.0,0.0,0.0,161.50682526967012,-0.1615068252696701,-0.006495058536529541,-0.006495058536529541,-0.046484172344207764,-0.046484172344207764,0.04419422149658203,0.04419422149658203,-0.08144718408584595,-0.08144718408584595,0.04874682426452637,0.04874682426452637,0.4141449999224278
8,2025-03-01 23:00:00,23,264.895672,223.562992,155.427609,0.0,130.978218,0.35,0.25,173.5224023461342,60.73284082114696,78.08508105576038,85.60832262039185,256.82496786117554,95.3109884262085,66.71769189834595,88.70991710165404,22.17747927541351,0.0,173.5224023461342,4.084596633911133,-10.348377227783203,237.23800826700105,500.30629539489746,232.93843286288407,510.1372537612915,0.46587686572576814,0.8502287562688192,176.88581844074727,0,0,5.687691262944213,0,0,0,0,False,0.0,2.1316282072803006e-14,0.0,0.0,61.910036454261544,48.58627265691758,0.17427978515624998,10.559334448931027,121.2299233452664,131.99168061163783,0.11375382525888426,227.19882089840743,454.39764179681487,575.7413189673401,-0.5757413189673402,-0.00844341516494751,-0.00844341516494751,-0.04879641532897949,-0.04879641532897949,0.03403830528259277,0.03403830528259277,-0.06467735767364502,-0.06467735767364502,0.059010982513427734,0.059010982513427734,0.28135499997006264
