day_index,timestamp,hour,electric_load_kw,heat_load_kw,cooling_load_kw,pv_kw,wind_kw,buy_price_cny_per_kwh,sell_price_cny_per_kwh,chp_gas_kw,chp_electric_kw,chp_heat_kw,hp_electric_kw,hp_heat_kw,ac_heat_kw,ac_cooling_kw,ec_cooling_kw,ec_electric_kw,boiler_heat_kw,gas_kw,battery_kw,tes_kw,battery_energy_before_kwh,tes_energy_before_kwh,battery_energy_kwh,tes_energy_kwh,battery_soc,tes_soc,grid_import_kw,grid_export_kw,renewable_curtailed_kw,heat_dump_kw,electric_slack_kw,heat_slack_kw,cooling_slack_kw,electric_dump_kw,infeasible,action_correction_l1,electric_residual_kw,heat_residual_kw,cooling_residual_kw,grid_cost_cny,gas_cost_cny,wear_cost_cny,carbon_cost_cny,operating_cost_cny,emission_kg,constraint_penalty_cny,terminal_gap_kwh,terminal_penalty_cny,objective_cny,reward,action_raw_0,action_executed_0,action_raw_1,action_executed_1,action_raw_2,action_executed_2,action_raw_3,action_executed_3,action_raw_4,action_executed_4,decision_ms
0,2025-02-21 00:00:00,0,325.399495,304.817764,174.135466,0.0,139.705105,0.35,0.25,150.0,52.5,67.5,109.16522964835167,327.495688945055,80.87944395840168,56.61561077088117,117.51985522911883,29.379963807279708,0.0,150.0,11.639514863491058,-5.1449984312057495,250.0,300.0,237.74787909106203,304.88774850964546,0.4754957581821241,0.5081462475160757,260.1000685921403,0,0,4.153482555447567,0,0,0,0,False,0.05407669501645229,-1.4210854715202004e-14,0.0,0.0,91.0350240072491,42.00000000000001,0.37491043806076046,13.844403018054175,147.25433746336407,173.05503772567718,0.08306965110895136,0.0,0.0,147.33740711447302,-0.14733740711447302,-0.08878044784069061,-0.1428571428571429,0.21294699609279633,0.21294699609279633,0.09699595719575882,0.09699595719575882,-0.032156240195035934,-0.032156240195035934,-0.10133951157331467,-0.10133951157331467,2.4631730002511176
0,2025-02-21 01:00:00,1,305.24223,319.194404,178.579639,0.0,109.403252,0.35,0.25,161.49907559156418,56.524676457047455,72.67458401620388,100.77800765633583,302.3340229690075,82.62847021222115,57.839929148554795,120.73970985144518,30.184927462861296,27.05744909267213,191.56290791675542,7.1425312757492065,-0.24318186566233635,237.74787909106203,304.88774850964546,230.22942511658917,305.1187712820247,0.46045885023317834,0.5085312854700411,263.13470538640047,0,0,0.0,0,0,0,0,False,0.0,-4.263256414560601e-14,0.0,0.0,92.09714688524016,53.637614216691524,0.21549184760078785,14.642933563669708,160.5931865132022,183.03666954587135,0.0,0.0,0.0,160.5931865132022,-0.1605931865132022,-0.07714813947677612,-0.07714813947677612,0.11975564062595367,0.11975564062595367,0.05952109396457672,0.05952109396457672,-0.0015198866603896022,-0.0015198866603896022,-0.08190588653087616,-0.08190588653087616,0.5585039998550201
0,2025-02-21 02:00:00,2,332.147772,326.993449,188.3335,0.0,125.960606,0.35,0.25,165.3883971273899,57.88593899458646,74.42477870732546,100.32285422086716,300.96856266260147,83.63432340323925,58.54402638226747,129.7894736177325,32.44736840443313,32.37759471434259,201.36350236554836,3.269853964447975,2.8568363189697266,230.22942511658917,305.1187712820247,226.78747357506498,302.1115751567934,0.45357494715012997,0.5035192919279889,277.8015956662658,0,0,0.0,0,0,0,0,False,0.0,-7.105427357601002e-15,0.0,0.0,97.23055848319304,56.38178066235354,0.11237980052828789,15.44508624716447,169.16980519323934,193.06357808955588,0.0,0.0,0.0,169.16980519323934,-0.16916980519323935,-0.054923444986343384,-0.054923444986343384,0.1146983802318573,0.1146983802318573,0.02724878303706646,0.02724878303706646,0.01785522699356079,0.01785522699356079,-0.07072973996400833,-0.07072973996400833,0.3837319991362165
0,2025-02-21 03:00:00,3,329.776097,352.76833,181.794252,0.0,131.537367,0.35,0.25,170.67873002961278,59.737555510364466,76.80542851332575,99.69949007034302,299.09847021102905,84.52609151601791,59.16826406121253,122.62598793878746,30.656496984696865,55.363273693839005,232.19347857832278,-0.9689982980489731,6.027249097824097,226.78747357506498,302.1115751567934,227.7080219582115,295.7671024222417,0.455416043916423,0.49294517070373617,269.82615984272434,0,0,0.0,0,0,0,0,False,0.0,-2.1316282072803006e-14,0.0,0.0,94.43915594495351,65.01417400193039,0.05920619443058968,15.587446690333037,175.09998283164754,194.84308362916295,0.0,0.0,0.0,175.09998283164754,-0.17509998283164754,-0.024692971259355545,-0.024692971259355545,0.1077721118927002,0.1077721118927002,-0.008074985817074776,-0.008074985817074776,0.037670306861400604,0.037670306861400604,-0.060821205377578735,-0.060821205377578735,0.40706599975237623
0,2025-02-21 04:00:00,4,315.118206,346.834547,187.357444,0.0,151.288538,0.35,0.25,177.25972346961498,62.04090321436524,79.76687556132674,98.34291659295559,295.02874977886677,85.28796829283237,59.701577804982655,127.65586619501732,31.91396654875433,48.220839222887264,230.8384337172675,-5.2829548716545105,9.106050729751587,227.7080219582115,295.7671024222417,232.7268290862833,286.18178586460846,0.46545365817256656,0.47696964310768075,237.3286027989992,0,0,0.0,0,0,0,0,False,0.0,5.684341886080802e-14,0.0,0.0,83.06501097964971,64.63476144083491,0.20401889979839324,14.135873462632249,162.03966478291528,176.6984182829031,0.0,0.0,0.0,162.03966478291528,-0.1620396647829153,0.012912705540657043,0.012912705540657043,0.0926990732550621,0.0926990732550621,-0.044024623930454254,-0.044024623930454254,0.05691281706094742,0.05691281706094742,-0.05235590785741806,-0.05235590785741806,0.4127649999645655
0,2025-02-21 05:00:00,5,311.428608,354.785014,186.194749,0.0,125.396243,0.35,0.25,184.70200607553124,64.64570212643594,83.11590273398906,96.39256373047829,289.17769119143486,85.8624418079853,60.10370926558971,126.09103973441029,31.522759933602572,56.6022268079459,247.59336919547113,-9.307759702205658,11.751635074615479,232.7268290862833,286.18178586460846,241.56920080337866,273.8116436808027,0.4831384016067573,0.45635273946800453,258.60974623985055,0,0,0.0,0,0,0,0,False,0.0,0.0,0.0,0.0,90.51341118394768,69.32614337473193,0.3379909664392471,15.340322741680964,175.51786826679978,191.75403427101205,0.0,0.0,0.0,175.51786826679978,-0.17551786826679977,0.055440034717321396,0.055440034717321396,0.07102848589420319,0.07102848589420319,-0.07756466418504715,-0.07756466418504715,0.07344771921634674,0.07344771921634674,-0.04597286880016327,-0.04597286880016327,0.43124200055899564
0,2025-02-21 06:00:00,6,314.858337,359.278089,174.822107,0.0,121.943246,0.35,0.25,192.3920139670372,67.33720488846302,86.57640628516674,93.91464684158564,281.7439405247569,86.2722672522068,60.390587076544755,114.43151992345523,28.607879980863807,63.43288839430954,262.87300107182557,-12.735211551189423,13.797121047973633,241.56920080337866,273.8116436808027,253.66765177700861,259.28835836714626,0.5073353035540172,0.4321472639452438,260.83562448517586,0,0,0.0,0,0,0,0,False,0.0,-7.105427357601002e-15,0.0,0.0,91.29246856981155,73.60444030011116,0.45104195177555084,15.68273549449695,181.0306863161952,196.03419368121186,0.0,0.0,0.0,181.0306863161952,-0.18103068631619518,0.09938293695449829,0.09938293695449829,0.04349607601761818,0.04349607601761818,-0.10612676292657852,-0.10612676292657852,0.0862320065498352,0.0862320065498352,-0.04141925275325775,-0.04141925275325775,0.45057100032863673
0,2025-02-21 07:00:00,7,354.730991,344.018491,241.211078,74.269037,109.647796,0.65,0.25,204.4672131538391,71.56352460384369,92.0102459192276,89.18076611123979,267.5422983337194,87.22403923049569,61.05682746134698,180.154250538653,45.03856263466325,56.15784524573718,266.86481898243596,-13.420658111572266,15.532140731811523,253.66765177700861,259.28835836714626,266.41727698300224,242.93873654418675,0.5328345539660044,0.40489789424031125,246.89062025363165,0,0,0.0,0,0,0,0,False,0.0,1.4210854715202004e-14,0.0,0.0,160.47890316486058,74.72214931508208,0.4802804470062256,15.133024394878769,250.81435732182766,189.1628049359846,0.0,0.0,0.0,250.81435732182766,-0.25081435732182766,0.16838407516479492,0.16838407516479492,-0.009102598764002323,-0.009102598764002323,-0.11183881759643555,-0.11183881759643555,0.09707587957382202,0.09707587957382202,-0.030844008550047874,-0.030844008550047874,0.37242999951558886
0,2025-02-21 08:00:00,8,369.455271,322.655133,261.893572,130.784841,115.276815,0.65,0.25,211.04277670383453,73.86497184634209,94.96924951672554,86.39903482049704,259.1971044614911,87.14577790349722,61.002044532448046,200.89152746755195,50.22288186688799,39.82192150352762,255.28935615219856,-15.20930528640747,15.81263542175293,266.41727698300224,242.93873654418675,280.86611700508934,226.29385715286787,0.5617322340101787,0.3771564285881131,201.35986512745035,0,0,0.0,0,0,0,0,False,0.0,-7.105427357601002e-14,0.0,0.0,130.88391233284273,71.4810197226156,0.5353423357009888,12.944463764042993,215.84473815520232,161.80579705053742,0.0,0.0,0.0,215.84473815520232,-0.21584473815520233,0.20595872402191162,0.20595872402191162,-0.0400107242166996,-0.0400107242166996,-0.12674421072006226,-0.12674421072006226,0.09882897138595581,0.09882897138595581,-0.0317135788500309,-0.0317135788500309,0.5283539994707098
0,2025-02-21 09:00:00,9,394.425827,314.155916,317.304758,201.863797,105.06459,0.65,0.25,216.59823283553123,75.80938149243593,97.46920477598906,84.22713451087475,252.68140353262424,86.77964396774769,60.745750777423375,256.5590072225766,64.13975180564415,35.61100027172898,256.1660109152301,-15.992528200149536,15.173951387405396,280.86611700508934,226.29385715286787,296.0590187952314,210.3212767450727,0.5921180375904628,0.35053546124178786,176.0474730242326,0,0,0.0,0,0,0,0,False,0.0,5.684341886080802e-14,0.0,0.0,114.43085746575119,71.72648305626444,0.5556456029415131,11.844744987709916,198.55773111266706,148.05931234637396,0.0,0.0,0.0,198.55773111266706,-0.19855773111266706,0.23770418763160706,0.23770418763160706,-0.06414294987916946,-0.06414294987916946,-0.13327106833457947,-0.13327106833457947,0.09483719617128372,0.09483719617128372,-0.03578173369169235,-0.03578173369169235,0.593615000070713
0,2025-02-21 10:00:00,10,402.477013,296.422484,350.627574,221.265332,75.141618,0.65,0.25,220.32915204763412,77.11520321667194,99.14811842143536,81.92191064357758,245.76573193073273,86.50290168821812,60.552031181752675,290.0755428182473,72.51888570456182,23.85675065663719,246.836652777231,-15.575879216194153,14.154784679412842,296.0590187952314,210.3212767450727,310.85610405061584,195.42150339832236,0.6217122081012317,0.3257025056638706,198.9715353476616,0,0,0.0,0,0,0,0,False,0.0,-2.842170943040401e-14,0.0,0.0,129.33149797598003,69.11426277762469,0.5380502998828888,12.704133999732807,211.6879450532204,158.8016749966601,0.0,0.0,0.0,211.6879450532204,-0.21168794505322042,0.2590237259864807,0.2590237259864807,-0.0897565484046936,-0.0897565484046936,-0.1297989934682846,-0.1297989934682846,0.08846740424633026,0.08846740424633026,-0.03885664790868759,-0.03885664790868759,0.47514800007775193
0,2025-02-21 11:00:00,11,432.580866,289.503587,349.540645,252.509111,78.618721,0.65,0.25,222.5053533911705,77.87687368690968,100.12740902602673,79.92252297699451,239.76756893098354,86.22699290513992,60.35889503359794,289.18174996640204,72.29543749160051,23.24397411190222,248.3319912932841,-14.185766279697418,12.591627836227417,310.85610405061584,195.42150339832236,324.3325820163284,182.16715830755666,0.6486651640326567,0.30361193051259444,189.97988706138278,0,0,0.0,0,0,0,0,False,0.0,1.4210854715202004e-14,0.0,0.0,123.48692658989881,69.53295756211955,0.48853112757205963,12.33242689139339,205.84084217098382,154.15533614241735,0.0,0.0,0.0,205.84084217098382,-0.2058408421709838,0.27145916223526,0.27145916223526,-0.11197196692228317,-0.11197196692228317,-0.11821471899747849,-0.11821471899747849,0.07869767397642136,0.07869767397642136,-0.041922301054000854,-0.041922301054000854,1.3095600006636232
0,2025-02-21 12:00:00,12,413.87325,262.60468,351.334732,269.218048,51.422994,0.65,0.25,222.84078747034073,77.99427561461926,100.27835436165333,78.11511442065239,234.34534326195717,86.02789118885994,60.21952383220195,291.115208167798,72.7788020419495,3.2247851920652124,226.42388212819097,-11.842980980873108,10.784088373184204,324.3325820163284,182.16715830755666,335.58341394815784,170.81548633578382,0.6711668278963157,0.28469247722630636,177.97482982885566,0,0,0.0,0,0,0,0,False,0.0,-4.263256414560601e-14,0.0,0.0,115.68363938875618,63.39868699589348,0.4092098712921143,11.453674626520707,190.94521088246248,143.17093283150882,0.0,0.0,0.0,190.94521088246248,-0.19094521088246247,0.273375928401947,0.273375928401947,-0.13205428421497345,-0.13205428421497345,-0.09869150817394257,-0.09869150817394257,0.06740055233240128,0.06740055233240128,-0.04413454234600067,-0.04413454234600067,0.8342060000359197
0,2025-02-21 13:00:00,13,429.686125,242.281138,348.924896,246.974439,37.265304,0.65,0.25,221.69612050056458,77.5936421751976,99.76325422525406,76.62917196750641,229.88751590251923,85.96682667732239,60.176778674125664,288.7481173258743,72.18702933146858,0.0,221.69612050056458,-8.628481328487396,8.746057152748108,335.58341394815784,170.81548633578382,343.78047121022087,161.60911038552265,0.6875609424204417,0.26934851730920445,225.29742245226487,0,0,10.148862603199007,0,0,0,0,False,0.0,5.684341886080802e-14,0.0,0.0,146.44332459397216,62.07491374015809,0.3025847256183624,13.46022451590869,222.2810475756573,168.25280644885862,0.20297725206398012,0.0,0.0,222.4840248277213,-0.2224840248277213,0.26683497428894043,0.26683497428894043,-0.14856475591659546,-0.14856475591659546,-0.0719040110707283,-0.0719040110707283,0.054662857204675674,0.054662857204675674,-0.04481303691864014,-0.04481303691864014,0.47770700075489003
0,2025-02-21 14:00:00,14,417.859732,238.753219,335.484053,235.720224,51.014622,0.65,0.25,218.8794568181038,76.60780988633633,98.4957555681467,75.60228154063225,226.80684462189674,85.99991373717785,60.19993961602449,275.2841133839755,68.82102834599388,0.0,218.8794568181038,-4.85027477145195,6.5303754806518555,343.78047121022087,161.60911038552265,348.3882322431002,154.73503093220492,0.6967764644862005,0.2578917182203415,203.79066077174178,0,0,7.079842933517455,0,0,0,0,False,0.0,2.842170943040401e-14,0.0,0.0,132.46392950163215,61.28624790906907,0.1781601205468178,12.4688603830463,206.3971979142943,155.86075478807874,0.1415968586703491,0.0,0.0,206.53879477296465,-0.20653879477296466,0.2507397532463074,0.2507397532463074,-0.15997464954853058,-0.15997464954853058,-0.04041895642876625,-0.04041895642876625,0.0408148467540741,0.0408148467540741,-0.044445402920246124,-0.044445402920246124,0.49166100052389083
0,2025-02-21 15:00:00,15,370.481707,222.367675,332.307567,191.785769,43.5705,0.65,0.25,214.36624228954315,75.0281848013401,96.46480903029442,74.928739964962,224.78621989488602,86.22135154902935,60.35494608432054,271.95262091567946,67.98815522891987,0.0,214.36624228954315,-0.4860513098537922,4.318532347679138,348.3882322431002,154.73503093220492,348.8499809874613,150.18920740833215,0.6976999619749227,0.2503153456805536,203.50019970239555,0,0,16.98053472383026,0,0,0,0,False,0.0,1.4210854715202004e-14,-2.842170943040401e-14,0.0,132.27512980655712,60.02254784107209,0.03617420103400946,12.383868663538097,204.7177205122013,154.7983582942262,0.3396106944766052,0.0,0.0,205.05733120667793,-0.20505733120667793,0.22494995594024658,0.22494995594024658,-0.1674584448337555,-0.1674584448337555,-0.004050427582114935,-0.004050427582114935,0.026990827172994614,0.026990827172994614,-0.041984982788562775,-0.041984982788562775,0.39870700038591167
0,2025-02-21 16:00:00,16,380.430941,223.925509,277.98713,137.870787,53.294124,0.65,0.25,208.57451781630516,73.0010812357068,93.85853301733732,74.77904587984085,224.33713763952255,86.67969480156898,60.67578636109828,217.3113436389017,54.32783590972542,0.0,208.57451781630516,4.203939735889435,2.1164102852344513,348.8499809874613,150.18920740833215,344.42478126547246,147.96140710808535,0.6888495625309449,0.24660234518014226,241.16789081797003,0,0,9.706877140525307,0,0,0,0,False,0.0,0.0,2.842170943040401e-14,0.0,156.75912903168052,58.40086498856545,0.13670024350285528,13.948579481051565,229.24527374480036,174.35724351314457,0.19413754281050616,0.0,0.0,229.43941128761085,-0.22943941128761086,0.19185438752174377,0.19185438752174377,-0.16912171244621277,-0.16912171244621277,0.03503283113241196,0.03503283113241196,0.01322756428271532,0.01322756428271532,-0.036892279982566833,-0.036892279982566833,0.47840200022619683
0,2025-02-21 17:00:00,17,375.21913,213.248972,217.50787,67.611707,35.66061,1.05,0.25,206.4691573381424,72.26420506834984,92.91112080216408,71.77983865141869,215.33951595425606,88.92250115051866,62.24575080536305,155.26211919463694,38.815529798659234,0.0,206.4691573381424,11.243850588798523,1.695108562707901,344.42478126547246,147.96140710808535,332.58914906673715,146.17708230523493,0.6651782981334743,0.24362847050872488,299.03412579292956,0,0,7.7742721686094,0,0,0,0,False,0.0,-2.1316282072803006e-14,-2.842170943040401e-14,0.0,313.98583208257605,57.81136405467988,0.3457910604774952,16.46100805229918,388.6039952500326,205.76260065373975,0.155485443372188,0.0,0.0,388.7594806934048,-0.38875948069340477,0.17982375621795654,0.17982375621795654,-0.20244623720645905,-0.20244623720645905,0.09369875490665436,0.09369875490665436,0.010594428516924381,0.010594428516924381,-0.011972209438681602,-0.011972209438681602,0.3991799994764733
0,2025-02-21 18:00:00,18,330.012262,203.115787,180.718874,0.0,51.622818,1.05,0.25,198.99214208126068,69.64724972844124,89.5464639365673,72.33125254511833,216.993757635355,89.69180320389569,62.784262242726975,117.93461175727302,29.483652939318254,0.0,198.99214208126068,15.373810529708862,0.16524214297533035,332.58914906673715,146.17708230523493,316.406190614412,146.00314320736615,0.6328123812288241,0.2433385720122769,295.1832892262865,0,0,13.897873511001933,0,0,0,0,False,0.0,-2.1316282072803006e-14,0.0,0.0,309.94245368760085,55.717799782753,0.4620405266061425,16.171938999256778,382.29423299621675,202.1492374907097,0.27795747022003864,0.0,0.0,382.5721904664368,-0.38257219046643676,0.13709795475006104,0.13709795475006104,-0.19631941616535187,-0.19631941616535187,0.12811508774757385,0.12811508774757385,0.0010327633935958147,0.0010327633935958147,-0.003424408845603466,-0.003424408845603466,0.41869800043059513
0,2025-02-21 19:00:00,19,333.052426,218.900793,175.651305,0.0,45.039582,1.05,0.25,191.98781084269285,67.1957337949425,86.39451487921178,74.05624151229858,222.16872453689575,90.26036152616143,63.182253068312995,112.469051931687,28.11726298292175,1.8646470279120422,194.05964087370623,18.610655665397644,-1.2667319178581238,316.406190614412,146.00314320736615,296.8160267560987,147.20653852933137,0.5936320535121975,0.24534423088221893,304.37995903488024,0,0,0.0,0,0,0,0,False,0.0,2.1316282072803006e-14,2.842170943040401e-14,0.0,319.5989569866243,54.33669944463775,0.5646533295512199,16.49767245151403,390.99798221232726,206.2209056439254,0.0,0.0,0.0,390.99798221232726,-0.39099798221232723,0.09707320481538773,0.09707320481538773,-0.1771528720855713,-0.1771528720855713,0.15508879721164703,0.15508879721164703,-0.007917074486613274,-0.007917074486613274,0.0028929058462381363,0.0028929058462381363,1.3053059992671479
0,2025-02-21 20:00:00,20,300.20325,230.597799,187.966795,0.0,97.199666,1.05,0.25,185.25526616722345,64.83934315852821,83.36486977525055,76.0106773674488,228.03203210234642,90.9383936226368,63.65687553584575,124.30991946415423,31.07747986603856,12.247327918787846,198.86340829920994,20.982350707054138,-2.1080371737480164,296.8160267560987,147.20653852933137,274.7293418013049,149.20917384439198,0.5494586836026097,0.24868195640731997,224.27004736790508,0,0,0.0,0,0,0,0,False,0.0,1.4210854715202004e-14,0.0,0.0,235.48354973630035,55.68175432377879,0.6400107070803642,13.049696616975185,304.85501138413474,163.1212077121898,0.0,0.0,0.0,304.85501138413474,-0.30485501138413473,0.05860152095556259,0.05860152095556259,-0.1554369181394577,-0.1554369181394577,0.17485292255878448,0.17485292255878448,-0.013175232335925102,-0.013175232335925102,0.0104265958070755,0.0104265958070755,0.4566389998217346
0,2025-02-21 21:00:00,21,306.608613,242.953226,171.488311,0.0,115.170127,1.05,0.25,179.61845980025828,62.86646093009039,80.82830691011623,77.96880394220352,233.90641182661057,91.76616003736854,64.23631202615798,107.25199897384203,26.81299974346051,22.26099058932084,204.35289378839255,22.352022528648376,-2.276323288679123,274.7293418013049,149.20917384439198,251.2008970343066,151.37168096863715,0.5024017940686132,0.25228613494772856,211.00180622692528,0,0,0.0,0,0,0,0,False,0.0,1.4210854715202004e-14,-2.842170943040401e-14,0.0,221.55189653827156,57.21881026074992,0.6819422923028469,12.553725774598993,292.0063748659233,156.9215721824874,0.0,0.0,0.0,292.0063748659233,-0.2920063748659233,0.026391198858618736,0.026391198858618736,-0.13367995619773865,-0.13367995619773865,0.18626685440540314,0.18626685440540314,-0.014227020554244518,-0.014227020554244518,0.019624000415205956,0.019624000415205956,0.5372089999582386
0,2025-02-21 22:00:00,22,294.076814,259.73662,190.243163,0.0,108.447064,0.65,0.25,169.44966800510883,59.307383801788085,76.25235060229897,83.43682430684566,250.310472920537,91.25155963003635,63.87609174102544,126.36707125897456,31.59176781474364,27.913498597587363,200.46466644687257,20.657581686973572,-3.488142490386963,251.2008970343066,151.37168096863715,229.45607420591335,154.68541633450477,0.4589121484118267,0.2578090272241746,220.69337663282766,0,0,0.0,0,0,0,0,False,0.0,2.1316282072803006e-14,0.0,0.0,143.450694811338,56.130106605124325,0.6371681630611419,12.91794323499438,213.13591281451784,161.47429043742974,0.0,0.0,0.0,213.13591281451784,-0.21313591281451782,-0.031716182827949524,-0.031716182827949524,-0.0729241743683815,-0.0729241743683815,0.1721465140581131,0.1721465140581131,-0.021800890564918518,-0.021800890564918518,0.013906218111515045,0.013906218111515045,0.503731000208063
0,2025-02-21 23:00:00,23,329.876284,282.071025,184.527029,0.0,135.881119,0.35,0.25,162.7664089202881,56.96824312210082,73.24488401412964,88.2171375118196,264.6514125354588,91.15714671090245,63.81000269763171,120.71702630236828,30.17925657559207,38.78045536675455,205.85580377223758,17.90901482105255,-3.4485802054405212,229.45607420591335,154.68541633450477,210.60447965743697,157.96156752967326,0.42120895931487395,0.2632692792161221,237.5143011442583,0,0,0.0,0,0,0,0,False,0.0,2.1316282072803006e-14,0.0,0.0,83.1300054004904,57.63962505622653,0.5545133456587791,13.744322110703168,155.06846591307888,171.8040263837896,0.0,181.43395281288977,362.86790562577954,517.9363715388585,-0.5179363715388584,-0.06990623474121094,-0.06990623474121094,-0.019809583202004433,-0.019809583202004433,0.14924179017543793,0.14924179017543793,-0.021553626284003258,-0.021553626284003258,0.012857185676693916,0.012857185676693916,1.8698600006246124
1,2025-02-22 00:00:00,0,290.579559,295.24087,161.379693,0.0,130.20342,0.35,0.25,150.0,52.5,67.5,109.05342042446136,327.1602612733841,80.92087604105473,56.6446132287383,104.7350797712617,26.183769942815424,0.0,150.0,11.682189702987671,-5.082037448883057,250.0,300.0,237.70295820738139,304.8279355764389,0.47540591641476276,0.5080465592940648,231.43113966428916,0,0,13.41647778344634,0,0,0,0,False,0.05224859820944927,2.1316282072803006e-14,0.0,0.0,81.0008988825012,42.00000000000001,0.3758758783340454,12.582970145228725,135.95974490606397,157.28712681535904,0.2683295556689268,0.0,0.0,136.2280744617329,-0.13622807446173288,-0.09060854464769363,-0.1428571428571429,0.21170467138290405,0.21170467138290405,0.09735158085823059,0.09735158085823059,-0.031762734055519104,-0.031762734055519104,-0.10087915509939194,-0.10087915509939194,0.5799649998152745
1,2025-02-22 01:00:00,1,295.583291,306.550913,192.870004,0.0,128.241795,0.35,0.25,161.51120401918888,56.5289214067161,72.680041808635,100.7809118181467,302.3427354544401,82.61151127517223,57.828057892620556,135.04194610737943,33.76048652684486,14.370014735949496,177.47788705913277,7.11792066693306,-0.230367723852396,237.70295820738139,304.8279355764389,230.21041013692553,305.0467849140987,0.46042082027385106,0.5084113081901644,238.23605227134237,0,0,0.0,0,0,0,0,False,0.0,2.842170943040401e-14,0.0,0.0,83.38261829496983,49.69380837655718,0.21468945862725378,13.322032492885189,146.61314862303945,166.52540616106486,0.0,0.0,0.0,146.61314862303945,-0.14661314862303945,-0.07707883417606354,-0.07707883417606354,0.11978790909051895,0.11978790909051895,0.0593160055577755,0.0593160055577755,-0.001439798274077475,-0.001439798274077475,-0.08209431916475296,-0.08209431916475296,0.7152039997890824
1,2025-02-22 02:00:00,2,313.803303,320.730382,183.868584,0.0,132.018922,0.35,0.25,165.23306146264076,57.83157151192426,74.35487765818834,100.26168778538704,300.7850633561611,83.65613780915737,58.55929646641015,125.30928753358984,31.32732188339746,26.34563086637928,194.50598464750664,3.280140236020088,2.90094792842865,230.21041013692553,305.0467849140987,226.7576309411149,301.99315551575273,0.45351526188222985,0.5033219258595879,252.26167892084015,0,0,0.0,0,0,0,0,False,0.0,-4.263256414560601e-14,0.0,0.0,88.29158762229405,54.461675701301864,0.11290894672274589,14.211609626877076,157.07778189719573,177.64512033596344,0.0,0.0,0.0,157.07778189719573,-0.15707778189719573,-0.0558110773563385,-0.0558110773563385,0.1140187531709671,0.1140187531709671,0.02733450196683407,0.02733450196683407,0.018130924552679062,0.018130924552679062,-0.0704873576760292,-0.0704873576760292,0.4605860003721318
1,2025-02-22 03:00:00,3,280.214622,316.983122,157.668308,0.0,117.119668,0.35,0.25,170.1492078602314,59.55222275108098,76.56714353710413,99.45330083370209,298.35990250110626,84.64269183576107,59.24988428503274,98.41842371496725,24.60460592874181,20.525436060032348,192.95524792693402,-0.8626123331487179,6.1733317375183105,226.7576309411149,301.99315551575273,227.5771126576062,295.49491158152296,0.4551542253152124,0.49249151930253826,228.46325034451166,0,0,0.0,0,0,0,0,False,0.0,7.105427357601002e-15,0.0,0.0,79.96213762057907,54.02746941954153,0.05674502868205309,13.139666981989459,147.1860190507921,164.24583727486822,0.0,0.0,0.0,147.1860190507921,-0.14718601905079212,-0.027718812227249146,-0.027718812227249146,0.1050366759300232,0.1050366759300232,-0.007188436109572649,-0.007188436109572649,0.03858332335948944,0.03858332335948944,-0.05952564626932144,-0.05952564626932144,0.577020000491757
1,2025-02-22 04:00:00,4,316.686249,337.177877,170.400402,0.0,136.438248,0.35,0.25,177.14389744214714,62.00036410475149,79.71475384896621,98.29599268734455,294.88797806203365,85.33875457942486,59.737128205597394,110.66327379440261,27.665818448600653,38.79687155124515,220.25153249908618,-5.214279145002365,9.11702811717987,227.5771126576062,295.49491158152296,232.53067784535844,285.89803987922835,0.4650613556907169,0.47649673313204727,249.42372717619605,0,0,0.0,0,0,0,0,False,0.0,-7.105427357601002e-15,0.0,0.0,87.29830451166862,61.67042909974413,0.2020135149359703,14.498668515738004,163.66941564208673,181.23335644672505,0.0,0.0,0.0,163.66941564208673,-0.16366941564208673,0.012250842526555061,0.012250842526555061,0.09217769652605057,0.09217769652605057,-0.04345232620835304,-0.04345232620835304,0.05698142573237419,0.05698142573237419,-0.05179161578416824,-0.05179161578416824,0.48774100014270516
1,2025-02-22 05:00:00,5,291.965347,331.438712,181.860697,0.0,119.000652,0.35,0.25,184.5172137953341,64.58102482836694,83.03274620790035,96.29388056695461,288.88164170086384,85.90535782277584,60.13375047594308,121.7269465240569,30.431736631014225,33.61832656160993,221.87090997490068,-9.265594482421875,11.811355352401733,232.53067784535844,285.89803987922835,241.33299260365922,273.4650342451213,0.48266598520731846,0.4557750570752021,244.3748818520238,0,0,0.0,0,0,0,0,False,0.0,2.1316282072803006e-14,0.0,0.0,85.53120864820832,62.123854792972196,0.3370246112346649,14.302429361087462,162.29451741350263,178.78036701359326,0.0,0.0,0.0,162.29451741350263,-0.16229451741350262,0.054384078830480576,0.054384078830480576,0.0699320062994957,0.0699320062994957,-0.07721328735351562,-0.07721328735351562,0.07382097095251083,0.07382097095251083,-0.04549602419137955,-0.04549602419137955,0.5293550002534175
1,2025-02-22 06:00:00,6,309.316517,337.007359,175.418003,0.0,137.344783,0.35,0.25,192.3448158428073,67.32068554498255,86.55516712926328,93.86358261108398,281.59074783325195,86.3028585165739,60.41200096160173,115.00600203839826,28.751500509599566,41.335443224835046,238.273086092624,-12.712969779968262,13.828859329223633,241.33299260365922,273.4650342451213,253.41031389462907,258.90834021435955,0.5068206277892582,0.43151390035726594,239.97910135566923,0,0,0.0,0,0,0,0,False,0.0,0.0,0.0,0.0,83.99268547448422,66.71646410593472,0.450533390045166,14.371449837131431,165.53113280759553,179.6431229641429,0.0,0.0,0.0,165.53113280759553,-0.16553113280759552,0.09911323338747025,0.09911323338747025,0.04292869567871094,0.04292869567871094,-0.10594141483306885,-0.10594141483306885,0.0864303708076477,0.0864303708076477,-0.04107934981584549,-0.04107934981584549,0.41190100000676466
1,2025-02-22 07:00:00,7,322.544176,342.38913,215.451418,65.693149,110.457539,0.65,0.25,204.1081428527832,71.43784999847412,91.84866428375244,88.99513453245163,266.9854035973549,87.31243779882789,61.11870645917951,154.33271154082047,38.58317788520512,55.204144328807615,265.4460809959028,-13.376504480838776,15.663355588912964,253.41031389462907,258.90834021435955,266.11799315142594,242.42059748918803,0.5322359863028518,0.40403432914864673,215.91045490002142,0,0,0.0,0,0,0,0,False,0.0,2.842170943040401e-14,0.0,0.0,140.34179568501392,74.32490267885278,0.47961191236972806,13.747197311535388,228.89350758777184,171.83996639419234,0.0,0.0,0.0,228.89350758777184,-0.22889350758777183,0.16633224487304688,0.16633224487304688,-0.01116517186164856,-0.01116517186164856,-0.11147087067365646,-0.11147087067365646,0.09789597243070602,0.09789597243070602,-0.029861802235245705,-0.029861802235245705,0.4027169998153113
1,2025-02-22 08:00:00,8,369.242135,312.088723,267.13593,127.465107,94.170703,0.65,0.25,211.04151979088783,73.86453192681074,94.96868390589952,86.39764811843634,259.192944355309,87.14545235037804,61.00181664526462,206.13411335473535,51.53352833868384,29.265161644528405,243.55836606258606,-15.16937792301178,15.807385444641113,266.11799315142594,242.42059748918803,280.5289021782871,225.7812443895658,0.5610578043565743,0.3763020739826097,226.84234745332122,0,0,0.0,0,0,0,0,False,0.0,-1.4210854715202004e-14,0.0,0.0,147.4475258446588,68.1963424975241,0.534118264913559,13.877997144947512,230.05598375204394,173.4749643118439,0.0,0.0,0.0,230.05598375204394,-0.23005598375204395,0.2059515416622162,0.2059515416622162,-0.04002613201737404,-0.04002613201737404,-0.12641148269176483,-0.12641148269176483,0.09879615902900696,0.09879615902900696,-0.031717196106910706,-0.031717196106910706,0.4197409998596413
1,2025-02-22 09:00:00,9,374.685386,304.589999,290.038934,161.580573,98.890217,0.65,0.25,216.2669189274311,75.69342162460089,97.320113517344,83.9034716784954,251.71041503548622,86.94514900445938,60.86160430312156,229.17732969687842,57.294332424219604,27.11133250819347,246.39062171431274,-15.865947604179382,15.393286943435669,280.5289021782871,225.7812443895658,295.60155240225754,209.5777844491072,0.5912031048045151,0.3492963074151787,195.58492608229358,0,0,0.0,0,0,0,0,False,0.0,4.263256414560601e-14,0.0,0.0,127.13020195349083,68.98937408000758,0.5529448628425597,12.547986695049921,209.22050759139088,156.84983368812402,0.0,0.0,0.0,209.22050759139088,-0.20922050759139088,0.23581096529960632,0.23581096529960632,-0.06773920357227325,-0.06773920357227325,-0.13221623003482819,-0.13221623003482819,0.09620804339647293,0.09620804339647293,-0.03394278883934021,-0.03394278883934021,0.44614600028580753
1,2025-02-22 10:00:00,10,382.85779,279.888206,334.503959,194.664156,92.944443,0.65,0.25,220.09989842772484,77.0349644497037,99.04495429247618,81.69732391834259,245.09197175502777,86.63402616977692,60.643818318843834,273.86014068115617,68.46503517028904,8.065871956318404,229.06197837918972,-15.501989722251892,14.31943416595459,295.60155240225754,209.5777844491072,310.32844263839684,194.50469585336555,0.6206568852767936,0.3241744930889426,183.87857536117986,0,0,0.0,0,0,0,0,False,0.0,2.842170943040401e-14,0.0,0.0,119.52107398476691,64.13735394617314,0.5366568624973297,11.75564896995895,195.9507337633963,146.94561212448687,0.0,0.0,0.0,195.9507337633963,-0.1959507337633963,0.2577137053012848,0.2577137053012848,-0.09225195646286011,-0.09225195646286011,-0.12918324768543243,-0.12918324768543243,0.08949646353721619,0.08949646353721619,-0.03739970922470093,-0.03739970922470093,0.7120859991118778
1,2025-02-22 11:00:00,11,400.264733,270.313214,333.549563,242.472948,36.891034,0.65,0.25,222.25618734955788,77.78966557234526,100.01528430730104,79.72961448132992,239.18884344398975,86.30126729607582,60.41088710725307,273.1386758927469,68.28466897318673,4.708680037094609,227.48805405744076,-14.092210829257965,12.70167350769043,310.32844263839684,194.50469585336555,323.7160429261919,181.1345132136914,0.6474320858523838,0.30189085535615234,205.21757971142932,0,0,0.0,0,0,0,0,False,0.0,1.4210854715202004e-14,0.0,0.0,133.39142681242907,63.69665513608342,0.48627469241619115,12.669382372221945,210.24373901315064,158.3672796527743,0.0,0.0,0.0,210.24373901315064,-0.21024373901315063,0.27003535628318787,0.27003535628318787,-0.1141153946518898,-0.1141153946518898,-0.11743509024381638,-0.11743509024381638,0.07938545942306519,0.07938545942306519,-0.04109703004360199,-0.04109703004360199,0.42469799973332556
1,2025-02-22 12:00:00,12,417.559961,253.768566,344.247358,249.332136,40.291809,0.65,0.25,222.78754860162735,77.97564201056957,100.25439687073231,77.99997121095657,233.99991363286972,86.08849301934242,60.26194511353969,283.9854128864603,70.99635322161508,0.0,222.78754860162735,-11.762755215168,10.841506719589233,323.7160429261919,181.1345132136914,334.8906603806015,169.7224008772817,0.669781320761203,0.28287066812880285,210.71945363717003,0,0,5.2387582038488745,0,0,0,0,False,0.0,-4.263256414560601e-14,-2.842170943040401e-14,0.0,136.96764486416052,62.380513608455665,0.40709019005298613,12.83625673766152,212.5915054003307,160.453209220769,0.1047751640769775,0.0,0.0,212.6962805644077,-0.21269628056440767,0.2730717062950134,0.2730717062950134,-0.13333365321159363,-0.13333365321159363,-0.0980229601264,-0.0980229601264,0.06775941699743271,0.06775941699743271,-0.043461188673973083,-0.043461188673973083,0.5378930000006221
1,2025-02-22 13:00:00,13,414.402551,224.92486,342.930146,241.459253,64.359596,0.65,0.25,221.5619072318077,77.5466675311327,99.70285825431347,76.50940597057343,229.52821791172028,86.03372633457184,60.22360843420028,282.7065375657997,70.67663439144992,0.0,221.5619072318077,-8.591842353343964,8.800385594367981,334.8906603806015,169.7224008772817,343.05291061627827,160.45883709373646,0.6861058212325566,0.26743139515622744,186.81491718423467,0,0,27.07287542582992,0,0,0,0,False,0.0,4.263256414560601e-14,-2.842170943040401e-14,0.0,121.42969616975255,62.037334024906166,0.30175719857215877,11.764846871815248,195.53363426504612,147.0605858976906,0.5414575085165985,0.0,0.0,196.07509177356272,-0.19607509177356272,0.2660680413246155,0.2660680413246155,-0.14989548921585083,-0.14989548921585083,-0.07159868627786636,-0.07159868627786636,0.05500240996479988,0.05500240996479988,-0.04406970739364624,-0.04406970739364624,0.4982070004189154
1,2025-02-22 14:00:00,14,376.847069,215.498313,324.988357,201.267326,28.207131,0.65,0.25,218.54623928666115,76.4911837503314,98.34580767899752,75.29760405421257,225.8928121626377,86.13997533917427,60.29798273742198,264.690374262578,66.1725935656445,0.0,218.54623928666115,-4.689148664474487,6.700009703636169,343.05291061627827,160.45883709373646,347.50760184752903,153.40619530043523,0.6950152036950581,0.25567699216739204,217.0407745340001,0,0,29.30034120609713,0,0,0,0,False,0.0,-1.4210854715202004e-14,0.0,0.0,141.07650344710007,61.19294700026513,0.17417450845241544,13.046533908082584,215.49015886390018,163.0816738510323,0.5860068241219426,0.0,0.0,216.07616568802212,-0.21607616568802213,0.24883565306663513,0.24883565306663513,-0.16335995495319366,-0.16335995495319366,-0.03907623887062073,-0.03907623887062073,0.04187506064772606,0.04187506064772606,-0.04288916289806366,-0.04288916289806366,0.40326499947695993
1,2025-02-22 15:00:00,15,382.413493,208.584795,309.541111,166.176087,60.549378,0.65,0.25,214.24440518021584,74.98554181307554,96.40998233109713,74.7349302470684,224.20479074120522,86.34821265935898,60.44374886155128,249.09736213844872,62.27434053461218,0.0,214.24440518021584,-0.3454628214240074,4.395951330661774,347.50760184752903,153.40619530043523,347.83579152788184,148.77887811026494,0.6956715830557637,0.24796479685044157,218.05721979002908,0,0,30.07771674360515,0,0,0,0,False,0.0,0.0,-2.842170943040401e-14,0.0,141.7371928635189,59.98843345046044,0.03234364129602909,13.022428153644732,214.7803981089201,162.78035192055916,0.6015543348721031,0.0,0.0,215.38195244379222,-0.2153819524437922,0.22425374388694763,0.22425374388694763,-0.1696118861436844,-0.1696118861436844,-0.002878856845200062,-0.002878856845200062,0.027474695816636086,0.027474695816636086,-0.04057541489601135,-0.04057541489601135,0.8188120000340859
1,2025-02-22 16:00:00,16,340.274853,193.445951,264.304142,121.835142,39.540144,0.65,0.25,208.2073949277401,72.87258822470903,93.69332771748304,74.5177772641182,223.55333179235458,86.79812338203192,60.758686367422335,203.54545563257767,50.88636390814442,0.0,208.2073949277401,4.356042444705963,2.2255195677280426,347.83579152788184,148.77887811026494,343.25048369134925,146.4362259337091,0.6865009673826985,0.24406037655618182,227.0750775028476,0,0,39.228104695533716,0,0,0,0,False,0.0,-1.4210854715202004e-14,2.842170943040401e-14,0.0,147.59880037685093,58.298070579767234,0.14180887117981908,13.322621728969137,219.3613015567671,166.5327716121142,0.7845620939106743,0.0,0.0,220.14586365067777,-0.22014586365067776,0.18975654244422913,0.18975654244422913,-0.1720246970653534,-0.1720246970653534,0.036300353705883026,0.036300353705883026,0.013909497298300266,0.013909497298300266,-0.03557640686631203,-0.03557640686631203,0.8644760000606766
1,2025-02-22 17:00:00,17,329.788544,188.231561,215.51261,63.151171,52.960693,1.05,0.25,206.13432303071022,72.14701306074858,92.7604453638196,71.63052946329117,214.8915883898735,88.99167515337467,62.29417260736226,153.21843739263772,38.30460934815943,0.0,206.13432303071022,11.341577768325806,1.7482990026474,343.25048369134925,146.4362259337091,331.3119807773221,144.59591119408026,0.6626239615546442,0.24099318532346709,240.1232279823762,0,0,32.17709660296583,0,0,0,0,False,0.0,-5.684341886080802e-14,0.0,0.0,252.129389381495,57.71761044859887,0.3489888280630112,13.863571199715917,324.0595598578728,173.29463999644895,0.6435419320593166,0.0,0.0,324.7031017899321,-0.32470310178993206,0.17791041731834412,0.17791041731834412,-0.2041052281856537,-0.2041052281856537,0.09451314806938171,0.09451314806938171,0.01092686876654625,0.01092686876654625,-0.01120360940694809,-0.01120360940694809,0.4024109994134051
1,2025-02-22 18:00:00,18,298.630904,192.631663,167.16703,0.0,78.332687,1.05,0.25,198.6907385289669,69.54175848513842,89.4108323380351,72.21203237771988,216.63609713315964,89.75141940638423,62.825993584468954,104.34103641553105,26.085259103882763,0.0,198.6907385289669,15.436012744903564,0.20023468881845474,331.3119807773221,144.59591119408026,315.06354630900256,144.38513783742926,0.6301270926180051,0.24064189639571543,233.61773725156064,0,0,23.864081753628966,0,0,0,0,False,0.0,1.4210854715202004e-14,0.0,0.0,245.29862411413868,55.63340678811074,0.4640815557911992,13.458232255532138,314.8543447135728,168.22790319415174,0.4772816350725793,0.0,0.0,315.3316263486454,-0.31533162634864537,0.13537564873695374,0.13537564873695374,-0.19764408469200134,-0.19764408469200134,0.12863343954086304,0.12863343954086304,0.0012514668051153421,0.0012514668051153421,-0.0027620065957307816,-0.0027620065957307816,0.4178710005362518
1,2025-02-22 19:00:00,19,302.494419,200.646469,169.835722,0.0,66.183227,1.05,0.25,191.72727651894093,67.10454678162932,86.27727443352342,73.94379392266273,221.8313817679882,90.30967310070992,63.21677117049693,106.61895082950306,26.654737707375766,0.0,191.72727651894093,18.669276237487793,-1.2328904122114182,315.06354630900256,144.38513783742926,295.4116765853312,145.5563837290301,0.5908233531706624,0.24259397288171683,251.1359006109214,0,0,15.919623688590264,0,0,0,0,False,0.0,7.105427357601002e-15,2.842170943040401e-14,0.0,263.6926956414675,53.683637425303466,0.5662427391856909,14.117616051183598,332.0601918571402,176.47020063979497,0.3183924737718053,0.0,0.0,332.37858433091196,-0.33237858433091194,0.095584437251091,0.095584437251091,-0.17840228974819183,-0.17840228974819183,0.15557730197906494,0.15557730197906494,-0.0077055650763213634,-0.0077055650763213634,0.0034408122301101685,0.0034408122301101685,0.43675699998857453
1,2025-02-22 20:00:00,20,317.943398,218.652358,187.479739,0.0,89.568256,1.05,0.25,185.3362249210477,64.86767872236669,83.40130121447146,76.00827008485794,228.02481025457382,90.93549717217684,63.65484802052378,123.82489097947621,30.956222744869052,0.30049261713492115,185.67010560675317,20.986148715019226,-2.138748914003372,295.4116765853312,145.5563837290301,273.3209937274162,147.5881951973333,0.5466419874548324,0.24598032532888883,249.48580739234103,0,0,0.0,0,0,0,0,False,0.0,-2.842170943040401e-14,0.0,0.0,261.9600977619581,51.98762956989089,0.6402782060205936,13.948097214971057,328.53610275284063,174.3512151871382,0.0,0.0,0.0,328.53610275284063,-0.3285361027528406,0.059064142405986786,0.059064142405986786,-0.15546366572380066,-0.15546366572380066,0.17488457262516022,0.17488457262516022,-0.013367180712521076,-0.013367180712521076,0.010394413024187088,0.010394413024187088,0.4098639992662356
1,2025-02-22 21:00:00,21,309.310051,212.912879,173.993412,0.0,119.479324,1.05,0.25,179.6080306172371,62.862810716032975,80.82361377775669,77.88806676864624,233.66420030593872,91.79314255714417,64.25519979000092,109.73821220999909,27.434553052499773,0.0,179.6080306172371,22.382036447525024,-2.2708405554294586,273.3209937274162,147.5881951973333,249.76095536160037,149.7454937249913,0.49952191072320073,0.24957582287498548,209.90849965758798,0,0,7.510951971121813,0,0,0,0,False,0.0,7.105427357601002e-15,-2.842170943040401e-14,0.0,220.40392464046738,50.29024857282639,0.6828152962028979,12.109702474809666,283.4866909843063,151.3712809351208,0.15021903942243625,0.0,0.0,283.6369100237287,-0.2836369100237287,0.026331603527069092,0.026331603527069092,-0.13457703590393066,-0.13457703590393066,0.18651697039604187,0.18651697039604187,-0.014192753471434116,-0.014192753471434116,0.019923806190490723,0.019923806190490723,0.44492899996839697
1,2025-02-22 22:00:00,22,313.195474,242.11124,182.291007,0.0,101.646561,0.65,0.25,169.4980513304472,59.32431796565651,76.27412309870124,83.37930366396904,250.13791099190712,91.27987520769238,63.89591264538466,118.39509435461534,29.598773588653835,10.49095907109023,181.15467252054745,20.69620907306671,-3.511877954006195,249.76095536160037,149.7454937249913,227.9754721267933,153.08177778129718,0.4559509442535866,0.25513629630216195,244.50646321389962,0,0,0.0,0,0,0,0,False,0.0,-4.973799150320701e-14,0.0,0.0,158.92920108903476,50.72330830575329,0.6384456619620323,13.656759141740343,223.94771419849044,170.70948927175428,0.0,0.0,0.0,223.94771419849044,-0.22394771419849044,-0.031439706683158875,-0.031439706683158875,-0.07356329262256622,-0.07356329262256622,0.1724684089422226,0.1724684089422226,-0.02194923721253872,-0.02194923721253872,0.014220835641026497,0.014220835641026497,0.739148999855388
1,2025-02-22 23:00:00,23,303.98456,267.68081,184.66162,0.0,124.287712,0.35,0.25,162.52496168017387,56.88373658806085,73.13623275607824,88.11767349019647,264.3530204705894,91.18869602680206,63.83208721876144,120.82953278123856,30.20738319530964,24.79863669648529,190.07900245404642,17.947429418563843,-3.4183838963508606,227.9754721267933,153.08177778129718,209.083441159884,156.3292424828305,0.41816688231976795,0.2605487374713842,223.19073867888142,0,0,0.0,0,0,0,0,False,0.0,2.1316282072803006e-14,0.0,0.0,78.11675853760849,53.222120687133,0.5555148020386695,12.861656541135526,144.75605056791568,160.77070676419407,0.0,184.58731635728552,369.17463271457103,513.9306832824867,-0.5139306832824867,-0.07128593325614929,-0.07128593325614929,-0.02091473899781704,-0.02091473899781704,0.14956191182136536,0.14956191182136536,-0.02136489935219288,-0.02136489935219288,0.013207733631134033,0.013207733631134033,0.45738100016023964
2,2025-02-23 00:00:00,0,308.904625,296.762579,176.013096,0.0,148.336727,0.35,0.25,150.0,52.5,67.5,109.13047358393669,327.3914207518101,80.88389307260513,56.618725150823586,119.3943708491764,29.8485927122941,0.0,150.0,11.63753628730774,-5.11685848236084,250.0,300.0,237.74996180283395,304.8610155582428,0.4754999236056679,0.5081016925970713,235.40942800892304,0,0,12.128090196844084,0,0,0,0,False,0.053518966904708365,-2.1316282072803006e-14,0.0,0.0,82.39329980312306,42.00000000000001,0.3747103810310364,12.758014832392615,137.5260250165467,159.47518540490768,0.2425618039368817,0.0,0.0,137.7685868204836,-0.1377685868204836,-0.08933817595243454,-0.1428571428571429,0.21256081759929657,0.21256081759929657,0.09697946906089783,0.09697946906089783,-0.03198036551475525,-0.03198036551475525,-0.10129007697105408,-0.10129007697105408,0.5725940000047558
2,2025-02-23 01:00:00,1,298.410611,302.441456,184.916252,0.0,134.90189,0.35,0.25,161.48249320685863,56.518872622400515,72.66712194308639,100.7503567636013,302.2510702908039,82.63422556221485,57.84395789355039,127.07229410644959,31.768073526612397,10.379946919768827,173.01576756215732,7.141783386468887,-0.22245759144425392,237.74996180283395,304.8610155582428,230.23229508023513,305.07235027011484,0.46046459016047026,0.5084539171168581,232.36649528134433,0,0,0.0,0,0,0,0,False,0.0,0.0,0.0,0.0,81.3282733484705,48.44441491740405,0.21536578955128788,12.992378073373668,142.98043212879952,162.40472591717085,0.0,0.0,0.0,142.98043212879952,-0.14298043212879952,-0.0772428959608078,-0.0772428959608078,0.11944840848445892,0.11944840848445892,0.059514861553907394,0.059514861553907394,-0.001390359946526587,-0.001390359946526587,-0.08184193819761276,-0.08184193819761276,0.6030889999237843
2,2025-02-23 02:00:00,2,294.058745,328.280406,177.546984,0.0,129.60419,0.35,0.25,165.0748260319233,57.776189111173146,74.28367171436548,100.22685796022415,300.68057388067245,83.66580449044704,58.566063143312924,118.98092085668708,29.74523021417177,34.04241044251302,202.89972652360441,3.272455707192421,2.939554452896118,230.23229508023513,305.07235027011484,226.78760486213784,301.97808242496103,0.4535752097242757,0.5032968040416017,233.3779983560304,0,0,0.0,0,0,0,0,False,0.0,7.105427357601002e-14,0.0,0.0,81.68229942461063,56.81192342660924,0.11287144348025321,13.515027552043009,152.12212184674314,168.9378444005376,0.0,0.0,0.0,152.12212184674314,-0.15212212184674315,-0.05671527981758118,-0.05671527981758118,0.11363175511360168,0.11363175511360168,0.027270464226603508,0.027270464226603508,0.01837221533060074,0.01837221533060074,-0.07037995010614395,-0.07037995010614395,0.42821299939532764
2,2025-02-23 03:00:00,3,303.481723,327.450502,165.828931,0.0,132.156232,0.35,0.25,170.3716253861785,59.630068885162466,76.66723142378032,99.55905497074127,298.6771649122238,84.60130535066128,59.22091374546289,106.60801725453712,26.65200431363428,30.597364508729072,204.36869706254413,-0.894204955548048,6.1100465059280396,226.78760486213784,301.97808242496103,227.6370995699085,295.54645452398415,0.455274199139817,0.49257742420664025,238.80068635476113,0,0,0.0,0,0,0,0,False,0.0,0.0,0.0,0.0,83.58024022416639,57.223235177512365,0.05737638119608164,13.777129352610196,154.63798113548503,172.21411690762744,0.0,0.0,0.0,154.63798113548503,-0.15463798113548505,-0.026447854936122894,-0.026447854936122894,0.10621172189712524,0.10621172189712524,-0.0074517079629004,-0.0074517079629004,0.03818779066205025,0.03818779066205025,-0.05998549610376358,-0.05998549610376358,0.5045090001658536
2,2025-02-23 04:00:00,4,294.996624,341.800562,181.454296,0.0,118.504825,0.35,0.25,177.07270812243223,61.975447842851274,79.6827186550945,98.29635679721832,294.88907039165497,85.31110905110836,59.717776335775845,121.73651966422415,30.434129916056037,43.39415127048744,225.28843175630715,-5.252649933099747,9.14573073387146,227.6370995699085,295.54645452398415,232.62711700635325,285.91936954096155,0.4652542340127065,0.47653228256826924,248.4994878035228,0,0,0.0,0,0,0,0,False,0.0,-2.842170943040401e-14,0.0,0.0,86.97482073123298,63.080760891766005,0.2033081516623497,14.538592371455918,164.79748214611726,181.73240464319898,0.0,0.0,0.0,164.79748214611726,-0.16479748214611725,0.011844046413898468,0.011844046413898468,0.0921817421913147,0.0921817421913147,-0.04377208277583122,-0.04377208277583122,0.057160817086696625,0.057160817086696625,-0.05209878832101822,-0.05209878832101822,0.3617330003180541
2,2025-02-23 05:00:00,5,308.571222,337.562726,161.257669,0.0,114.25358,0.35,0.25,184.5051994547248,64.57681980915368,83.02733975462615,96.26688413321972,288.80065239965916,85.94434909522533,60.16104436665773,101.09662463334226,25.274156158335565,39.88558871639168,228.82252025071554,-9.22017753124237,11.79349422454834,232.62711700635325,285.91936954096155,241.3862856610335,273.50516509406856,0.48277257132206697,0.4558419418234476,260.502040013644,0,0,0.0,0,0,0,0,False,0.0,2.1316282072803006e-14,0.0,0.0,91.17571400477539,64.07030567020036,0.3355727970600128,15.123250084611785,170.70484255664755,189.0406260576473,0.0,0.0,0.0,170.70484255664755,-0.17070484255664756,0.05431542545557022,0.05431542545557022,0.06963204592466354,0.06963204592466354,-0.07683481276035309,-0.07683481276035309,0.07370933890342712,0.07370933890342712,-0.04506278783082962,-0.04506278783082962,0.38409199987654574
2,2025-02-23 06:00:00,6,330.62394,346.228123,176.832838,0.0,103.611524,0.35,0.25,192.47613847255707,67.36664846539497,86.61426231265068,93.92629064619541,281.77887193858624,86.27820767462254,60.39474537223577,116.43809262776423,29.10952315694106,50.353528550003034,248.424503528116,-12.694692313671112,13.759667873382568,241.3862856610335,273.50516509406856,253.44624335902105,259.02130417471847,0.5068924867180421,0.4317021736245308,295.3762736514126,0,0,0.0,0,0,0,0,False,0.0,7.105427357601002e-15,0.0,0.0,103.3816957779944,69.55886098787248,0.44963910877704616,16.97134809711201,190.3615439717559,212.14185121390014,0.0,0.0,0.0,190.3615439717559,-0.19036154397175592,0.09986364841461182,0.09986364841461182,0.04362545162439346,0.04362545162439346,-0.10578910261392593,-0.10578910261392593,0.08599792420864105,0.08599792420864105,-0.0413532480597496,-0.0413532480597496,0.45574199975817464
2,2025-02-23 07:00:00,7,315.141612,313.712272,208.458397,49.987454,64.733529,0.65,0.25,203.9298228919506,71.37543801218271,91.76842030137777,88.81115159019828,266.43345477059484,87.39710608497262,61.17797425948083,147.28042274051916,36.82010568512979,27.16622746406506,234.11452007424512,-13.23254942893982,15.741275548934937,253.44624335902105,259.02130417471847,266.0171653165139,242.45154043899748,0.5320343306330279,0.40408590073166245,267.90899769208517,0,0,0.0,0,0,0,0,False,0.0,-2.842170943040401e-14,0.0,0.0,174.14084849985537,65.55206562078864,0.4756828606128693,15.53382821963967,255.70242520089653,194.17285274549587,0.0,0.0,0.0,255.70242520089653,-0.25570242520089653,0.16531327366828918,0.16531327366828918,-0.013209426775574684,-0.013209426775574684,-0.11027124524116516,-0.11027124524116516,0.09838297218084335,0.09838297218084335,-0.028921043500304222,-0.028921043500304222,0.4697189997386886
2,2025-02-23 08:00:00,8,346.451889,314.594114,254.992043,91.952104,74.254977,0.65,0.25,210.74149310588837,73.75952258706093,94.83367189764977,86.1918492615223,258.5755477845669,87.24578255787492,61.072047790512435,193.91999520948755,48.47999880237189,32.45294493252777,246.800320808697,-15.071684718132019,15.977731943130493,266.0171653165139,242.45154043899748,280.33526579873933,225.63287523570222,0.5606705315974787,0.3760547920595037,256.22881819496524,0,0,0.0,0,0,0,0,False,0.0,-7.105427357601002e-15,0.0,0.0,166.54873182672742,69.10408982643517,0.532039201259613,15.222873133517624,251.40773398793982,190.2859141689703,0.0,0.0,0.0,251.40773398793982,-0.2514077339879398,0.20423710346221924,0.20423710346221924,-0.04231278598308563,-0.04231278598308563,-0.12559737265110016,-0.12559737265110016,0.09986082464456558,0.09986082464456558,-0.030602416023612022,-0.030602416023612022,0.4547380003714352
2,2025-02-23 09:00:00,9,395.823607,307.472646,287.678057,134.357222,67.16024,0.65,0.25,216.2879578769207,75.70078525692225,97.32958104461432,83.83859574794769,251.51578724384308,86.98044084012508,60.88630858808755,226.79174841191247,56.697937102978116,30.192486370118615,249.83516495483028,-15.762648582458496,15.415232181549072,280.33526579873933,225.63287523570222,295.3097819520749,209.40631504459793,0.5906195639041498,0.3490105250743299,274.904541176462,0,0,0.0,0,0,0,0,False,0.0,-4.263256414560601e-14,0.0,0.0,178.6879517647003,69.95384618735248,0.5499556183815002,16.093162451041614,265.2849160214759,201.16453063802015,0.0,0.0,0.0,265.2849160214759,-0.2652849160214759,0.2359311878681183,0.2359311878681183,-0.06846004724502563,-0.06846004724502563,-0.1313554048538208,-0.1313554048538208,0.0963452011346817,0.0963452011346817,-0.03355065733194351,-0.03355065733194351,0.4023389992653392
2,2025-02-23 10:00:00,10,382.92011,279.253829,327.442566,162.113294,45.043838,0.65,0.25,219.9798345565796,76.99294209480286,98.99092555046082,81.52868404984474,244.58605214953423,86.69840857386589,60.688886001706116,266.7536799982939,66.68841999957347,7.963247773651119,228.82788763841415,-15.378248691558838,14.412012100219727,295.3097819520749,209.40631504459793,309.9191182090558,194.23577599173507,0.6198382364181116,0.32372629331955843,262.36538864617427,0,0,0.0,0,0,0,0,False,0.0,4.263256414560601e-14,0.0,0.0,170.53750262001327,64.07180853875597,0.5334075212478637,15.205323302646296,250.34804198266337,190.0665412830787,0.0,0.0,0.0,250.34804198266337,-0.25034804198266336,0.25702762603759766,0.25702762603759766,-0.09412573277950287,-0.09412573277950287,-0.12815207242965698,-0.12815207242965698,0.09007507562637329,0.09007507562637329,-0.03668434917926788,-0.03668434917926788,0.5373940002755262
2,2025-02-23 11:00:00,11,402.303717,268.35601,320.674062,176.053056,61.444616,0.65,0.25,222.06974178552628,77.7244096249342,99.93138380348682,79.40935000777245,238.22805002331734,86.49034827947617,60.54324379563331,260.1308182043667,65.03270455109167,3.7545595120287203,226.2414745766693,-13.953483402729034,12.93236494064331,309.9191182090558,194.23577599173507,323.1749274416484,180.6227602647421,0.6463498548832968,0.30103793377457017,245.477173336659,0,0,0.0,0,0,0,0,False,0.0,1.4210854715202004e-14,0.0,0.0,159.56016266882835,63.34761288146741,0.4832663267850875,14.420859220039706,237.81190109712057,180.26074025049633,0.0,0.0,0.0,237.81190109712057,-0.23781190109712058,0.26896995306015015,0.26896995306015015,-0.11767388880252838,-0.11767388880252838,-0.11627902835607529,-0.11627902835607529,0.08082728087902069,0.08082728087902069,-0.0389961302280426,-0.0389961302280426,0.48031300048023695
2,2025-02-23 12:00:00,12,411.88089,267.255355,352.296149,199.446244,80.134369,0.65,0.25,222.68220260739326,77.93877091258764,100.20699117332697,77.85401210188866,233.56203630566597,86.18333928287029,60.3283374980092,291.9678115019908,72.9919528754977,8.685697830717572,232.33297797485724,-11.725074648857117,10.98396897315979,323.1749274416484,180.6227602647421,334.31374835806264,169.060687661416,0.6686274967161253,0.2817678127690267,216.93254571365588,0,0,0.0,0,0,0,0,False,0.0,5.684341886080802e-14,0.0,0.0,141.00615471387633,65.05323383296003,0.4066720843315124,13.262359658998577,219.72842029016647,165.7794957374822,0.0,0.0,0.0,219.72842029016647,-0.21972842029016648,0.27246972918510437,0.27246972918510437,-0.13495542109012604,-0.13495542109012604,-0.09770895540714264,-0.09770895540714264,0.06864980608224869,0.06864980608224869,-0.04240734130144119,-0.04240734130144119,0.5053229997429298
2,2025-02-23 13:00:00,13,411.919276,233.952943,344.245618,188.098694,46.292236,0.65,0.25,221.4518517255783,77.50814810395241,99.65333327651024,76.31456226110458,228.94368678331375,86.12860009074211,60.29002006351947,283.9555979364805,70.98889948412013,0.0,221.4518517255783,-8.477617800235748,8.940450549125671,334.31374835806264,169.060687661416,342.3674852682866,159.64968708338898,0.6847349705365732,0.2660828118056483,255.8012774415081,0,0,17.455927518207545,0,0,0,0,False,0.0,4.263256414560601e-14,0.0,0.0,166.27083033698025,62.00651848316193,0.2990307867527008,14.79848583503561,243.3748654419305,184.98107293794513,0.3491185503641509,0.0,0.0,243.72398399229465,-0.24372398399229464,0.26543915271759033,0.26543915271759033,-0.15206041932106018,-0.15206041932106018,-0.07064681500196457,-0.07064681500196457,0.055877815932035446,0.055877815932035446,-0.043015554547309875,-0.043015554547309875,0.40923800042946823
2,2025-02-23 14:00:00,14,384.362843,221.432723,314.143101,162.948858,51.495017,0.65,0.25,218.4427447617054,76.45496066659689,98.29923514276743,75.1245653629303,225.3736960887909,86.2472516298294,60.37307614088058,253.77002485911942,63.442506214779854,0.0,218.4427447617054,-4.591947644948959,6.797612905502319,342.3674852682866,159.64968708338898,346.7298355309881,152.49430507759706,0.6934596710619763,0.25415717512932845,236.62302655606226,0,0,22.790569507231226,0,0,0,0,False,0.0,2.842170943040401e-14,0.0,0.0,153.80496726144048,61.16396853327752,0.17174649387598037,13.906497084654028,229.047179373248,173.83121355817534,0.4558113901446245,0.0,0.0,229.50299076339263,-0.22950299076339264,0.2482442557811737,0.2482442557811737,-0.16528260707855225,-0.16528260707855225,-0.03826623037457466,-0.03826623037457466,0.042485080659389496,0.042485080659389496,-0.04169720411300659,-0.04169720411300659,0.5278730004647514
2,2025-02-23 15:00:00,15,373.484343,191.779526,280.516008,128.212505,40.433194,0.65,0.25,213.97342309355736,74.89069808274508,96.28804039210081,74.4210085272789,223.2630255818367,86.52201175689697,60.565408229827874,219.95059977017212,54.98764994254303,0.0,213.97342309355736,-0.14763649553060532,4.551195800304413,346.7298355309881,152.49430507759706,346.8700902017422,147.703572656224,0.6937401804034844,0.24617262109370666,259.5042408826075,0,0,45.80072401734492,0,0,0,0,False,0.0,1.4210854715202004e-14,2.842170943040401e-14,0.0,168.6777565736949,59.91255846619607,0.027185073867440224,14.84176136833165,243.45926148209003,185.52201710414562,0.9160144803468984,0.0,0.0,244.37527596243692,-0.2443752759624369,0.22270527482032776,0.22270527482032776,-0.17309990525245667,-0.17309990525245667,-0.001230304129421711,-0.001230304129421711,0.02844497375190258,0.02844497375190258,-0.03864431381225586,-0.03864431381225586,0.577238000005309
2,2025-02-23 16:00:00,16,357.956831,202.005419,265.23769,94.342999,71.04303,0.65,0.25,208.21462869644165,72.87512004375458,93.69658291339874,74.47017073631287,223.4105122089386,86.84237245470285,60.78966071829199,204.448029281708,51.112007320427,0.0,208.21462869644165,4.40695658326149,2.2494767606258392,346.8700902017422,147.703572656224,342.23118853515115,145.33570238188102,0.6844623770703023,0.24222617063646837,240.8709034297238,0,0,30.508780428260366,0,0,0,0,False,0.0,-1.4210854715202004e-14,-2.842170943040401e-14,0.0,156.56608722932046,58.30009603500367,0.1434560813009739,13.929753810050913,228.93939315567602,174.12192262563642,0.6101756085652074,0.0,0.0,229.54956876424123,-0.22954956876424124,0.18979787826538086,0.18979787826538086,-0.1725536584854126,-0.1725536584854126,0.03672463819384575,0.03672463819384575,0.014059229753911495,0.014059229753911495,-0.03508475050330162,-0.03508475050330162,0.48470399997313507
2,2025-02-23 17:00:00,17,334.486639,199.562264,224.233683,48.690451,72.013144,1.05,0.25,206.15358874201775,72.15375605970621,92.76911493390799,71.64137363433838,214.92412090301514,88.98186530917883,62.28730571642517,161.94637728357483,40.48659432089371,0.0,206.15358874201775,11.333954930305481,1.7409919202327728,342.23118853515115,145.33570238188102,330.3007096611454,143.5030793079518,0.6606014193222908,0.23917179884658632,242.4233009652204,0,0,20.89009844797704,0,0,0,0,False,0.0,-2.1316282072803006e-14,2.842170943040401e-14,0.0,254.5444660134814,57.723004847764976,0.34872360751032827,13.965082662341981,326.5812771310987,174.56353327927476,0.4178019689595408,0.0,0.0,326.9990791000583,-0.32699907910005827,0.17802050709724426,0.17802050709724426,-0.20398473739624023,-0.20398473739624023,0.09444962441921234,0.09444962441921234,0.01088119950145483,0.01088119950145483,-0.011312607675790787,-0.011312607675790787,0.4195120000076713
2,2025-02-23 18:00:00,18,314.754227,181.487603,168.819931,0.0,92.185338,1.05,0.25,198.7697884440422,69.56942595541477,89.44640479981899,72.20217525959015,216.60652577877045,89.75058846641332,62.825411926489316,105.99451907351067,26.49862976837767,0.0,198.7697884440422,15.429155230522156,0.17968900501728058,330.3007096611454,143.5030793079518,314.0594936290168,143.31393298688099,0.6281189872580336,0.238856554978135,236.2711128420309,0,0,34.994428117193365,0,0,0,0,False,0.0,0.0,2.842170943040401e-14,0.0,248.08466848413246,55.655540764331825,0.46377310194075105,13.576245580154037,317.7802279305591,169.70306975192545,0.6998885623438673,0.0,0.0,318.48011649290294,-0.3184801164929029,0.13582736253738403,0.13582736253738403,-0.19775360822677612,-0.19775360822677612,0.12857629358768463,0.12857629358768463,0.0011230562813580036,0.0011230562813580036,-0.002771239262074232,-0.002771239262074232,0.42815400047402363
2,2025-02-23 19:00:00,19,318.358104,195.598261,182.432974,0.0,76.305417,1.05,0.25,191.874879039824,67.1562076639384,86.3436955679208,73.98886308073997,221.96658924221992,90.27322741225362,63.191259188577526,119.24171481142247,29.810428702855617,0.0,191.874879039824,18.627251386642456,-1.2728284299373627,314.0594936290168,143.31393298688099,294.4518605904458,144.52311999532148,0.5889037211808916,0.24087186665886914,260.0685197330148,0,0,21.16596796794977,0,0,0,0,False,0.0,7.105427357601002e-14,-2.842170943040401e-14,0.0,273.07194571966556,53.72496613115073,0.5651816837489605,14.513012932889836,341.8751064674551,181.41266166112294,0.4233193593589954,0.0,0.0,342.2984258268141,-0.3422984258268141,0.09642788022756577,0.09642788022756577,-0.1779015213251114,-0.1779015213251114,0.15522709488868713,0.15522709488868713,-0.007955177687108517,-0.007955177687108517,0.0030358601361513138,0.0030358601361513138,0.4127989996050019
2,2025-02-23 20:00:00,20,296.689936,215.703195,158.676299,0.0,109.799686,1.05,0.25,185.03999765962362,64.76399918086827,83.26799894683063,75.83513617515564,227.50540852546692,91.02082528173923,63.71457769721746,94.96172130278254,23.740430325695634,0.0,185.03999765962362,21.047673225402832,-2.0784808695316315,294.4518605904458,144.52311999532148,272.29641509002175,146.49767682137653,0.5445928301800435,0.2441627947022942,200.65414409458015,0,0,1.970906321026689,0,0,0,0,False,0.0,-7.105427357601002e-15,0.0,0.0,210.68685129930915,51.81119934469462,0.6418226011097431,11.789422302715506,274.92929554782904,147.36777878394383,0.03941812642053378,0.0,0.0,274.96871367424956,-0.2749687136742496,0.057371415197849274,0.057371415197849274,-0.157387375831604,-0.157387375831604,0.17539727687835693,0.17539727687835693,-0.012990505434572697,-0.012990505434572697,0.011342503130435944,0.011342503130435944,0.4461369999262388
2,2025-02-23 21:00:00,21,312.149864,229.180739,170.826975,0.0,132.755945,1.05,0.25,179.61312606930733,62.86459412425756,80.8259067311883,77.93017879128456,233.79053637385368,91.77076270803809,64.23953389562666,106.58744110437334,26.646860276093335,8.634699824757831,189.20723698570492,22.342706322669983,-2.2996412217617035,272.29641509002175,146.49767682137653,248.77777685563228,148.68233598205015,0.4975555537112646,0.2478038933034169,198.76365762045032,0,0,0.0,0,0,0,0,False,0.0,-1.4210854715202004e-14,2.842170943040401e-14,0.0,208.70184050147284,52.978026355997386,0.6817793957889079,11.772916727071095,274.13456298033026,147.16145908838868,0.0,0.0,0.0,274.13456298033026,-0.27413456298033023,0.02636072039604187,0.02636072039604187,-0.13410912454128265,-0.13410912454128265,0.1861892193555832,0.1861892193555832,-0.014372757636010647,-0.014372757636010647,0.01967514120042324,0.01967514120042324,0.8033000003706547
2,2025-02-23 22:00:00,22,265.490427,241.761439,171.187964,0.0,118.719961,0.65,0.25,169.0999971702695,59.184999009594314,76.09499872662127,83.24307560920715,249.72922682762146,91.33324714377522,63.93327300064265,107.25469099935734,26.813672749839334,10.703541203145619,180.9928207293202,20.722789764404297,-3.4330806136131287,248.77777685563228,148.68233598205015,226.964313945733,151.94376256498262,0.45392862789146604,0.25323960427497105,176.91942558504786,0,0,0.0,0,0,0,0,False,0.0,-7.105427357601002e-15,0.0,0.0,114.99762663028112,50.67798980420966,0.6388490960001946,10.68033985741123,176.99480538790223,133.50424821764037,0.0,0.0,0.0,176.99480538790223,-0.17699480538790224,-0.03371430188417435,-0.03371430188417435,-0.07507693767547607,-0.07507693767547607,0.17268991470336914,0.17268991470336914,-0.021456753835082054,-0.021456753835082054,0.014813857153058052,0.014813857153058052,0.4538260000117589
2,2025-02-23 23:00:00,23,297.988458,262.150444,171.659388,0.0,126.135946,0.35,0.25,162.38187570124865,56.83365649543702,73.07184406556189,88.06160056963563,264.1848017089069,91.22837880626321,63.85986516438424,107.79952283561576,26.94988070890394,19.529777553835743,184.08162853884392,17.987807393074036,-3.407600522041321,226.964313945733,151.94376256498262,208.02977984776035,155.18098306092187,0.4160595596955207,0.2586349717682031,212.0425293900285,0,0,0.0,0,0,0,0,False,0.0,7.105427357601002e-15,0.0,0.0,74.21488528650997,51.5428559908763,0.5566722244024277,12.275177349782757,138.58959085157144,153.43971687228446,0.0,186.78923709131777,373.57847418263555,512.168065034207,-0.512168065034207,-0.07210356742143631,-0.07210356742143631,-0.021537771448493004,-0.021537771448493004,0.14989839494228363,0.14989839494228363,-0.021297503262758255,-0.021297503262758255,0.013648653402924538,0.013648653402924538,0.43900999935431173
3,2025-02-24 00:00:00,0,240.814784,215.644553,141.351871,0.0,150.138421,0.35,0.25,150.0,52.5,67.5,108.72800409793854,326.1840122938156,81.07554361224174,56.752880528569214,84.59899047143077,21.14974761785769,0.0,150.0,11.830021440982819,-4.933029413223267,250.0,300.0,237.54734585159704,304.6863779425621,0.47509469170319407,0.5078106299042702,156.22409327481347,0,0,92.03088626835063,0,0,0,0,False,0.04932264345032833,4.973799150320701e-14,-2.842170943040401e-14,0.0,54.67843264618471,42.00000000000001,0.3795657902956009,9.273860104091794,106.33185854057211,115.92325130114742,1.8406177253670126,0.0,0.0,108.17247626593912,-0.10817247626593912,-0.09353449940681458,-0.1428571428571429,0.2080889344215393,0.2080889344215393,0.09858351200819016,0.09858351200819016,-0.030831433832645416,-0.030831433832645416,-0.09916062653064728,-0.09916062653064728,3.4394269996482763
3,2025-02-24 01:00:00,1,247.996661,252.41548,129.571409,0.0,118.55716,0.35,0.25,160.74888240545988,56.26210884191095,72.33699708245695,100.34254632890224,301.02763898670673,82.85058528184891,57.99540969729423,71.57599930270575,17.89399982567644,0.0,160.74888240545988,7.352357804775238,-0.044789109379053116,237.54734585159704,304.6863779425621,229.80802184657048,304.7289275964722,0.45961604369314096,0.5078815459941204,184.06158050789247,0,0,38.05378167793572,0,0,0,0,False,0.0,-4.973799150320701e-14,0.0,0.0,64.42155317776236,45.009687073528774,0.2207946796901524,10.670691660834628,120.32272659181592,133.38364576043284,0.7610756335587143,0.0,0.0,121.08380222537464,-0.12108380222537464,-0.0814349576830864,-0.0814349576830864,0.11491718143224716,0.11491718143224716,0.061269648373126984,0.061269648373126984,-0.000279931933619082,-0.000279931933619082,-0.07943794131278992,-0.07943794131278992,0.6505789997390821
3,2025-02-24 02:00:00,2,232.441725,264.654062,149.559364,0.0,123.471811,0.35,0.25,164.39598482102156,57.53859468735754,73.9781931694597,99.9025996774435,299.7077990323305,83.8320491462946,58.68243440240621,90.87692959759377,22.719232399398443,0.0,164.39598482102156,3.440050631761551,3.1125521659851074,229.80802184657048,304.7289275964722,226.18691591840042,301.45255689543524,0.45237383183680085,0.5024209281590587,170.61310075772286,0,0,28.312433221480717,0,0,0,0,False,0.0,2.1316282072803006e-14,0.0,0.0,59.714585265203,46.03087574988604,0.11876427978277207,10.137312190476152,116.00153748534795,126.71640238095189,0.5662486644296143,0.0,0.0,116.56778614977756,-0.11656778614977756,-0.06059437245130539,-0.06059437245130539,0.11002888530492783,0.11002888530492783,0.028667088598012924,0.028667088598012924,0.01945345103740692,0.01945345103740692,-0.0685327872633934,-0.0685327872633934,0.4247130000294419
3,2025-02-24 03:00:00,3,239.989672,268.209452,123.580958,0.0,127.695319,0.35,0.25,169.59456112235785,59.35809639282524,76.31755250506103,99.18878473341465,297.56635420024395,84.79323618113995,59.355265326797955,64.22569267320205,16.056423168300512,0.0,169.59456112235785,-0.7106012664735317,6.304851174354553,226.18691591840042,301.45255689543524,226.86198712155027,294.81587144874624,0.45372397424310057,0.4913597857479104,168.8920657753635,0,0,27.18606969851959,0,0,0,0,False,0.0,2.842170943040401e-14,0.0,1.4210854715202004e-14,59.112223021377226,47.486477114260204,0.05284229386597872,10.144763872073721,116.79630630157713,126.8095484009215,0.5437213939703918,0.0,0.0,117.34002769554752,-0.11734002769554752,-0.03088822215795517,-0.03088822215795517,0.10209760814905167,0.10209760814905167,-0.005921677220612764,-0.005921677220612764,0.03940531983971596,0.03940531983971596,-0.05785293132066727,-0.05785293132066727,0.35513699913281016
3,2025-02-24 04:00:00,4,217.515557,265.537074,138.956174,0.0,110.799383,0.35,0.25,176.17908506654203,61.6626797732897,79.28058827994391,97.86212056875229,293.58636170625687,85.52647300064564,59.86853110045194,79.08764289954806,19.771910724887015,0.0,176.17908506654203,-5.051180273294449,9.38524842262268,226.86198712155027,294.81587144874624,231.66060838118,284.93666258282764,0.46332121676236,0.47489443763804606,167.73870579364402,0,0,31.188651408177805,0,0,0,0,False,0.0,-2.1316282072803006e-14,0.0,0.0,58.7085470277754,49.330143818631775,0.19846165031194687,10.19936841598501,118.43652091270413,127.49210519981263,0.6237730281635561,0.0,0.0,119.06029394086768,-0.11906029394086769,0.006737628951668739,0.006737628951668739,0.08735689520835876,0.08735689520835876,-0.04209316894412041,-0.04209316894412041,0.058657802641391754,0.058657802641391754,-0.049705855548381805,-0.049705855548381805,0.3719890000866144
3,2025-02-24 05:00:00,5,236.514939,277.773589,139.941087,0.0,102.099532,0.35,0.25,183.80863824859262,64.33302338700742,82.71388721186668,95.96850112080574,287.9055033624172,86.07890143990517,60.25523100793361,79.6858559920664,19.9214639980166,0.0,183.80863824859262,-9.100494682788849,11.986216306686401,231.66060838118,284.93666258282764,240.3060783298294,272.31959278631564,0.4806121566596588,0.45386598797719274,195.07284341460377,0,0,18.753116441065117,0,0,0,0,False,0.0,7.105427357601002e-15,0.0,0.0,68.27549519511132,51.46641870960594,0.3329459220170975,11.524143322220048,131.5990031489544,144.0517915277506,0.37506232882130236,0.0,0.0,131.97406547777572,-0.13197406547777574,0.050335075706243515,0.050335075706243515,0.06631667912006378,0.06631667912006378,-0.07583745568990707,-0.07583745568990707,0.07491385191679001,0.07491385191679001,-0.04356776177883148,-0.04356776177883148,0.519844999871566
3,2025-02-24 06:00:00,6,245.502048,282.857351,143.950029,0.0,82.672711,0.35,0.25,191.63812957704067,67.07334535196424,86.2371583096683,93.54696426540613,280.6408927962184,86.44407011568546,60.51084908097982,83.43917991902018,20.859794979755044,0.0,191.63812957704067,-12.561136186122894,13.998168706893921,240.3060783298294,272.31959278631564,252.23915770664615,257.5846783580063,0.5044783154132924,0.4293077972633438,222.72388707931987,0,0,11.574798697095162,0,0,0,0,False,0.0,2.1316282072803006e-14,0.0,0.0,77.95336047776195,53.658676281571395,0.4468249291181564,12.866061104722727,144.9249227931742,160.82576380903407,0.23149597394190324,0.0,0.0,145.1564187671161,-0.1451564187671161,0.09507502615451813,0.09507502615451813,0.03941071406006813,0.03941071406006813,-0.10467613488435745,-0.10467613488435745,0.087488554418087,0.087488554418087,-0.0395103320479393,-0.0395103320479393,0.5241070002739434
3,2025-02-24 07:00:00,7,256.881878,261.641567,172.139743,57.595007,93.544346,0.65,0.25,203.35562229156494,71.17446780204773,91.51003003120422,88.51230220869184,265.5369066260755,87.55819888785481,61.29073922149836,110.84900377850164,27.71225094462541,0.0,203.35562229156494,-13.155018389225006,15.921269655227661,252.23915770664615,257.5846783580063,264.7364251764099,240.82544714197715,0.5294728503528198,0.4013757452366286,163.94762874049448,0,0,23.768440424652567,0,0,0,0,False,0.0,-1.4210854715202004e-14,0.0,0.0,106.56595868132142,56.93957424163819,0.4742568999528885,10.467385621246796,174.44717544415929,130.84232026558496,0.47536880849305135,0.0,0.0,174.92254425265233,-0.17492254425265233,0.1620321273803711,0.1620321273803711,-0.016529975458979607,-0.016529975458979607,-0.10962515324354172,-0.10962515324354172,0.09950793534517288,0.09950793534517288,-0.02713112346827984,-0.02713112346827984,0.9021870000651688
3,2025-02-24 08:00:00,8,294.522814,252.191796,211.622845,107.208571,76.137936,0.65,0.25,210.2050207555294,73.57175726443529,94.59225933998823,85.86396161466837,257.5918848440051,87.41483917459846,61.19038742221891,150.4324575777811,37.60811439444527,0.0,210.2050207555294,-14.959674775600433,16.125411987304688,264.7364251764099,240.82544714197715,278.9481162132303,223.8513292606038,0.5578962324264607,0.37308554876767297,176.0363005202788,0,0,28.70292099669956,0,0,0,0,False,0.0,2.1316282072803006e-14,0.0,0.0,114.42359533818122,58.85740581154824,0.5294173032045364,11.108877554980737,184.91929600791474,138.8609694372592,0.5740584199339912,0.0,0.0,185.49335442784874,-0.18549335442784876,0.20117154717445374,0.20117154717445374,-0.04595598205924034,-0.04595598205924034,-0.12466395646333694,-0.12466395646333694,0.1007838249206543,0.1007838249206543,-0.028724009171128273,-0.028724009171128273,0.4214939999656053
3,2025-02-24 09:00:00,9,285.609786,241.88966,234.535055,147.284632,50.638944,0.65,0.25,215.39963856339455,75.38987349718809,96.92983735352755,83.36644783616066,250.09934350848198,87.20090115442872,61.0406308081001,173.4944241918999,43.373606047974974,0.0,215.39963856339455,-15.647394061088562,15.704454183578491,278.9481162132303,223.8513292606038,293.81314057126446,207.32032485683695,0.5876262811425289,0.3455338747613949,154.6837844480361,0,0,33.643073891159304,0,0,0,0,False,0.0,7.105427357601002e-14,0.0,0.0,100.54445989122347,60.31189879775048,0.5479440927505493,10.252480732727902,171.6567835144524,128.15600915909877,0.6728614778231861,0.0,0.0,172.32964499227558,-0.17232964499227557,0.2308550775051117,0.2308550775051117,-0.07370613515377045,-0.07370613515377045,-0.13039495050907135,-0.13039495050907135,0.09815283864736557,0.09815283864736557,-0.031101098284125328,-0.031101098284125328,0.6555059999300283
3,2025-02-24 10:00:00,10,285.415209,220.913511,256.387628,180.081761,71.233834,0.65,0.25,219.16285678744316,76.7069998756051,98.62328555434942,81.06629803776741,243.19889411330223,86.95287846028805,60.867014922201626,195.52061307779837,48.88015326944959,0.0,219.16285678744316,-15.292108654975891,14.681938886642456,293.81314057126446,207.32032485683695,308.34064379349155,191.86565234458172,0.6166812875869832,0.3197760872409695,102.63117408658778,0,0,48.63772909400609,0,0,0,0,False,0.0,-1.4210854715202004e-14,-2.842170943040401e-14,0.0,66.71026315628205,61.36559990048409,0.532172954082489,8.022377368408954,136.63041337925756,100.27971710511191,0.9727545818801219,0.0,0.0,137.60316796113767,-0.13760316796113767,0.25235918164253235,0.25235918164253235,-0.09926335513591766,-0.09926335513591766,-0.12743423879146576,-0.12743423879146576,0.09176211804151535,0.09176211804151535,-0.03385690599679947,-0.03385690599679947,0.4764160003105644
3,2025-02-24 11:00:00,11,331.002482,215.745117,270.369118,203.022232,39.452012,0.65,0.25,221.52839824557304,77.53493938595057,99.68777921050787,79.11497689783573,237.3449306935072,86.63349241018295,60.64344468712806,209.72567331287195,52.43141832821799,0.0,221.52839824557304,-13.861893117427826,13.059777021408081,308.34064379349155,191.86565234458172,321.509442255048,178.11851863783636,0.6430188845100959,0.2968641977297273,156.40158695753098,0,0,47.7138775152402,0,0,0,0,False,0.0,1.4210854715202004e-14,0.0,0.0,101.66103152239513,62.02795150876046,0.4811556786298752,10.426124198060533,174.596262907846,130.32655247575667,0.954277550304804,0.0,0.0,175.5505404581508,-0.1755505404581508,0.26587656140327454,0.26587656140327454,-0.12094470113515854,-0.12094470113515854,-0.11551577597856522,-0.11551577597856522,0.0816236063838005,0.0816236063838005,-0.03740563988685608,-0.03740563988685608,0.3948660005335114
3,2025-02-24 12:00:00,12,325.257764,191.904575,286.670128,218.695508,36.50972,0.65,0.25,221.99158892035484,77.6970561221242,99.89621501415968,77.3714143037796,232.1142429113388,86.40956752002239,60.48669726401567,226.1834307359843,56.545857683996076,0.0,221.99158892035484,-11.532981097698212,11.190134286880493,321.509442255048,178.11851863783636,332.4657742978613,166.33942991480427,0.6649315485957226,0.27723238319134047,137.80573296334973,0,0,64.88644969235656,0,0,0,0,False,0.0,0.0,2.842170943040401e-14,0.0,89.57372642617733,62.15764489769936,0.4019401043653488,9.615317673113067,161.74862910135508,120.19147091391332,1.2977289938471313,0.0,0.0,163.0463580952022,-0.1630463580952022,0.26852336525917053,0.26852336525917053,-0.1403176188468933,-0.1403176188468933,-0.09610817581415176,-0.09610817581415176,0.06993833929300308,0.06993833929300308,-0.03989369422197342,-0.03989369422197342,0.4247580000082962
3,2025-02-24 13:00:00,13,322.636065,191.208007,268.622497,194.748308,38.682054,0.65,0.25,220.6912212073803,77.2419274225831,99.31104954332113,75.82743689417839,227.48231068253517,86.37560471892357,60.46292330324649,208.1595736967535,52.03989342418838,0.0,220.6912212073803,-8.318592309951782,9.170284867286682,332.4657742978613,166.33942991480427,340.3684369923155,156.68649847555514,0.680736873984631,0.2611441641259252,148.14969820573543,0,0,58.38003337421941,0,0,0,0,False,0.0,1.4210854715202004e-14,0.0,0.0,96.29730383372804,61.79354193806649,0.29540919363498686,10.049646260370444,168.43590122579997,125.62057825463056,1.1676006674843882,0.0,0.0,169.60350189328435,-0.16960350189328435,0.2610926926136017,0.2610926926136017,-0.15747292339801788,-0.15747292339801788,-0.06932160258293152,-0.06932160258293152,0.05731428042054176,0.05731428042054176,-0.040271058678627014,-0.040271058678627014,0.8263589998023235
3,2025-02-24 14:00:00,14,319.48192,172.684097,253.24595,183.154343,51.960544,0.65,0.25,217.8431659936905,76.24510809779167,98.02942469716072,74.7749850153923,224.3249550461769,86.42780721187592,60.499465048313134,192.74648495168685,48.18662123792171,0.0,217.8431659936905,-4.450525939464569,6.915984749794006,340.3684369923155,156.68649847555514,344.5964366348068,149.40651452840356,0.6891928732696136,0.24901085754733926,135.5340570949869,0,0,70.15846028125571,0,0,0,0,False,0.0,0.0,0.0,0.0,88.09713711174149,60.996086478233345,0.1680957019329071,9.448989168078471,158.7103084599862,118.1123646009809,1.4031692056251144,0.0,0.0,160.11347766561133,-0.16011347766561132,0.2448180913925171,0.2448180913925171,-0.16916683316230774,-0.16916683316230774,-0.03708771616220474,-0.03708771616220474,0.04322490468621254,0.04322490468621254,-0.039691030979156494,-0.039691030979156494,0.47170400011964375
3,2025-02-24 15:00:00,15,299.566791,164.087956,236.589529,160.069845,66.598981,0.65,0.25,213.3844994008541,74.68457479029894,96.02302473038435,74.19987246394157,222.59961739182472,86.61687176674604,60.631810236722224,175.95771876327777,43.98942969081944,0.0,213.3844994008541,-0.10411228984594345,4.598810970783234,344.5964366348068,149.40651452840356,344.69534331016047,144.56566087494753,0.6893906866203209,0.24094276812491255,116.5068046543081,0,0,72.51662532624627,0,0,0,0,False,0.0,2.1316282072803006e-14,0.0,0.0,75.72942302530026,59.74765983223916,0.026117423549294475,8.540451395203222,144.04365167629194,106.75564244004028,1.4503325065249255,0.0,0.0,145.49398418281686,-0.14549398418281687,0.2193399965763092,0.2193399965763092,-0.1755569726228714,-0.1755569726228714,-0.0008676024153828621,-0.0008676024153828621,0.02874256856739521,0.02874256856739521,-0.03759031370282173,-0.03759031370282173,0.4093170000487589
3,2025-02-24 16:00:00,16,290.555337,159.148934,201.953173,103.220153,60.382122,0.65,0.25,207.4878826737404,72.62075893580914,93.36954720318317,74.06362161040306,222.19086483120918,87.04640977084637,60.93248683959245,141.02068616040754,35.255171540101884,0.0,207.4878826737404,4.608091861009598,2.3824603855609894,344.69534331016047,144.56566087494753,339.8447202985714,142.0578078375149,0.6796894405971429,0.23676301306252484,159.0430043536862,0,0,71.74752864910698,0,0,0,0,False,0.0,-2.842170943040401e-14,0.0,0.0,103.37795282989603,58.096607148647315,0.15015505775809287,10.31769831434204,171.94241335064348,128.9712289292755,1.4349505729821397,0.0,0.0,173.3773639236256,-0.1733773639236256,0.18564504384994507,0.18564504384994507,-0.17707087099552155,-0.17707087099552155,0.038400765508413315,0.038400765508413315,0.014890377409756184,0.014890377409756184,-0.032817669212818146,-0.032817669212818146,0.4415339999468415
3,2025-02-24 17:00:00,17,263.407874,152.878438,174.056782,52.183086,58.42124,1.05,0.25,205.42379170656204,71.89832709729671,92.44070626795292,71.2684366106987,213.8053098320961,89.17829671874642,62.42480770312249,111.6319742968775,27.907993574219375,0.0,205.42379170656204,11.555848717689514,1.8648508191108704,339.8447202985714,142.0578078375149,327.680669016793,140.09480697529293,0.655361338033586,0.23349134495882154,168.52580236993185,0,0,66.05413220041348,0,0,0,0,False,0.0,2.842170943040401e-14,0.0,0.0,176.95209248842846,57.51866167783738,0.3559997156262398,10.701915971581993,245.52866985347407,133.77394964477492,1.3210826440082695,0.0,0.0,246.84975249748234,-0.24684975249748234,0.17385023832321167,0.17385023832321167,-0.20812848210334778,-0.20812848210334778,0.09629873931407928,0.09629873931407928,0.01165531761944294,0.01165531761944294,-0.00913003645837307,-0.00913003645837307,0.46658200062665856
3,2025-02-24 18:00:00,18,250.736893,157.27898,130.963171,0.0,95.076432,1.05,0.25,198.11439961194992,69.34003986418247,89.15147982537746,71.93251132965088,215.79753398895264,89.88954043015838,62.92267830111086,68.04049269888912,17.01012317472228,0.0,198.11439961194992,15.58692455291748,0.2638741582632065,327.680669016793,140.09480697529293,311.273380013722,139.81704470343692,0.6225467600274439,0.23302840783906154,159.67613108727318,0,0,58.04436754243494,0,0,0,0,False,0.0,-2.842170943040401e-14,0.0,0.0,167.65993764163684,55.472031891345985,0.46892710737884047,10.19558016163122,233.7964768019929,127.44475202039024,1.1608873508486988,0.0,0.0,234.9573641528416,-0.2349573641528416,0.1320822834968567,0.1320822834968567,-0.20074987411499023,-0.20074987411499023,0.129891037940979,0.129891037940979,0.0016492134891450405,0.0016492134891450405,-0.0012273285537958145,-0.0012273285537958145,0.3953619998355862
3,2025-02-24 19:00:00,19,257.402912,163.436551,135.934933,0.0,79.921509,1.05,0.25,191.1747146397829,66.91115012392402,86.02862158790231,73.65723744034767,220.97171232104301,90.44356008991599,63.31049206294119,72.62444093705881,18.156110234264702,0.0,191.1747146397829,18.81186068058014,-1.166226789355278,311.273380013722,139.81704470343692,291.471421402585,140.92496015332443,0.5829428428051701,0.23487493358887407,183.57173987010822,0,0,51.953996029674045,0,0,0,0,False,0.0,0.0,0.0,0.0,192.75032686361362,53.52892009913922,0.5701869543641805,11.135951988521288,257.9853859056383,139.1993998565161,1.0390799205934809,0.0,0.0,259.0244658262318,-0.2590244658262318,0.09242694079875946,0.09242694079875946,-0.18158625066280365,-0.18158625066280365,0.15676550567150116,0.15676550567150116,-0.007288917433470488,-0.007288917433470488,0.004928445443511009,0.004928445443511009,0.5255480000414536
3,2025-02-24 20:00:00,20,264.506443,195.101333,116.00874,0.0,103.872636,1.05,0.25,184.54665346071124,64.59132871124893,83.04599405732006,75.58788612484932,226.76365837454796,91.14931013435125,63.80451709404587,52.20422290595413,13.051055726488533,0.0,184.54665346071124,21.182239651679993,-2.014766037464142,291.471421402585,140.92496015332443,269.1743270323955,142.83898788891537,0.538348654064791,0.23806497981485894,163.4991804884089,0,0,21.54424326005261,0,0,0,0,False,0.0,-5.329070518200751e-15,0.0,0.0,171.67413951282936,51.673062968999155,0.6455410197377204,10.146710396861373,234.1394538984276,126.83387996076716,0.43088486520105224,0.0,0.0,234.57033876362865,-0.23457033876362865,0.05455230548977852,0.05455230548977852,-0.16013459861278534,-0.16013459861278534,0.17651866376399994,0.17651866376399994,-0.012592287734150887,-0.012592287734150887,0.012770112603902817,0.012770112603902817,0.406816000577237
3,2025-02-24 21:00:00,21,237.726758,183.78372,144.153513,0.0,110.888919,1.05,0.25,178.89189729467034,62.61216405313461,80.50135378260165,77.60951802134514,232.82855406403542,91.92046416923404,64.34432491846383,79.80918808153618,19.952297020384044,0.0,178.89189729467034,22.526244521141052,-2.182534486055374,269.1743270323955,142.83898788891537,245.4624906943523,144.91239565066797,0.4909249813887046,0.24152065941777995,139.26124546745353,0,0,35.44318919134764,0,0,0,0,False,0.0,2.1316282072803006e-14,2.842170943040401e-14,0.0,146.22430774082622,50.0897312425077,0.6867000080645084,8.989765157282681,205.9905041486811,112.37206446603352,0.7088637838269528,0.0,0.0,206.69936793250807,-0.20669936793250807,0.022239413112401962,0.022239413112401962,-0.13767202198505402,-0.13767202198505402,0.1877187043428421,0.1877187043428421,-0.013640840537846088,-0.013640840537846088,0.021338490769267082,0.021338490769267082,0.45069499992678175
3,2025-02-24 22:00:00,22,238.837798,204.736914,128.189669,0.0,152.884057,0.65,0.25,168.6232783831656,59.01814743410795,75.88047527242452,82.93984651565552,248.81953954696655,91.49501368403435,64.04650957882404,64.14315942117597,16.03578985529399,0.0,168.6232783831656,20.85259974002838,-3.3466973900794983,245.4624906943523,144.91239565066797,223.51238570484875,148.0917581712435,0.4470247714096975,0.2468195969520725,105.0586301968132,0,0,25.121389745277213,0,0,0,0,False,0.0,4.973799150320701e-14,0.0,0.0,68.28810962792858,47.214517947286375,0.6423114791512489,7.320552182790431,123.46549123715663,91.50690228488038,0.5024277949055442,0.0,0.0,123.96791903206217,-0.12396791903206217,-0.036438409239053726,-0.036438409239053726,-0.0784461498260498,-0.0784461498260498,0.1737716645002365,0.1737716645002365,-0.020916858687996864,-0.020916858687996864,0.016611263155937195,0.016611263155937195,0.4141929994148086
3,2025-02-24 23:00:00,23,233.1949,213.994051,134.477077,0.0,154.740141,0.35,0.25,161.60806715488434,56.56282350420951,72.72363021969795,87.66523361206055,262.99570083618164,91.42425214871764,63.99697650410234,70.48010049589766,17.620025123974415,0.0,161.60806715488434,18.143069744110107,-3.258909583091736,223.51238570484875,148.0917581712435,204.4144175531539,151.18772227518065,0.4088288351063078,0.2519795371253011,109.0341244877153,0,0,27.042118324070202,0,0,0,0,False,0.0,-2.842170943040401e-14,0.0,0.0,38.16194357070035,45.25025880336762,0.5605866402387619,7.383230551937622,91.35601956624436,92.29038189922028,0.540842366481404,194.39786017166546,388.7957203433309,480.69258227605667,-0.48069258227605666,-0.07652533054351807,-0.07652533054351807,-0.025941848754882812,-0.025941848754882812,0.15119224786758423,0.15119224786758423,-0.02036818489432335,-0.02036818489432335,0.015825023874640465,0.015825023874640465,0.39383999956044136
4,2025-02-25 00:00:00,0,305.020711,303.302601,181.642816,0.0,143.298753,0.35,0.25,150.0,52.5,67.5,109.15510430932045,327.46531292796135,80.86270429193974,56.60389300435781,125.0389229956422,31.25973074891055,0.0,150.0,11.61575049161911,-5.1227182149887085,250.0,300.0,237.7728942193483,304.8665823042393,0.4755457884386966,0.5081109705070654,238.02104256661187,0,0,5.677289421032924,0,0,0,0,False,0.05357836293322704,7.105427357601002e-15,0.0,0.0,83.30736489831415,42.00000000000001,0.3740861058235168,12.872925872930923,138.5543768770686,160.91157341163654,0.11354578842065849,0.0,0.0,138.66792266548924,-0.13866792266548925,-0.08927877992391586,-0.1428571428571429,0.21283449232578278,0.21283449232578278,0.09679792076349258,0.09679792076349258,-0.03201698884367943,-0.03201698884367943,-0.10152550786733627,-0.10152550786733627,1.3474870002028183
4,2025-02-25 01:00:00,1,308.594346,336.448303,198.353742,0.0,134.238815,0.35,0.25,161.6741046309471,56.58593662083148,72.7533470839262,100.89705482125282,302.69116446375847,82.55546383559704,57.78882468491792,140.56491731508208,35.14122932877052,43.835519594070206,210.38023751324732,7.050475627183914,-0.2762643061578274,237.7728942193483,304.8665823042393,230.35134092757576,305.1290333950892,0.4607026818551515,0.5085483889918153,246.75740290200793,0,0,0.0,0,0,0,0,False,0.0,0.0,0.0,0.0,86.36509101570277,58.906466503709254,0.21289559034630653,14.223409527900305,159.70786263765865,177.79261909875382,0.0,0.0,0.0,159.70786263765865,-0.15970786263765865,-0.07614797353744507,-0.07614797353744507,0.12107838690280914,0.12107838690280914,0.05875396355986595,0.05875396355986595,-0.001726651913486421,-0.001726651913486421,-0.08271706849336624,-0.08271706849336624,0.6158590003906284
4,2025-02-25 02:00:00,2,306.846826,344.954753,179.803142,0.0,118.347785,0.35,0.25,165.19650798290968,57.81877779401838,74.33842859230936,100.28602547943592,300.85807643830776,83.6387088149786,58.54709617048501,121.25604582951499,30.314011457378747,50.49218015157567,221.2989303735493,3.2452527433633804,2.904776632785797,230.35134092757576,305.1290333950892,226.93528540824587,302.0713737816305,0.45387057081649174,0.5034522896360508,258.0350473994329,0,0,0.0,0,0,0,0,False,0.0,-7.105427357601002e-15,0.0,0.0,90.31226658980152,61.96370050459381,0.1118814654648304,14.894324971551839,167.28217353141198,186.179062144398,0.0,0.0,0.0,167.28217353141198,-0.16728217353141198,-0.05601995438337326,-0.05601995438337326,0.11428917199373245,0.11428917199373245,0.027043772861361504,0.027043772861361504,0.018154853954911232,0.018154853954911232,-0.07068101316690445,-0.07068101316690445,0.44150900066597387
4,2025-02-25 03:00:00,3,316.041216,349.229591,191.386121,0.0,133.320276,0.35,0.25,170.64578561112285,59.72602496389299,76.79060352500528,99.71569798886776,299.1470939666033,84.50939610600471,59.15657727420329,132.2295437257967,33.057385931449176,51.75642197962293,228.1529211440372,-0.9893202781677246,6.044867634773254,226.93528540824587,302.0713737816305,227.8751396725052,295.7083552187113,0.45575027934501045,0.4928472586978522,256.7573192345917,0,0,0.0,0,0,0,0,False,0.0,5.684341886080802e-14,0.0,0.0,89.8650617321071,63.882817920330424,0.05990394651889801,14.94776878462663,168.75555238358302,186.84710980783288,0.0,0.0,0.0,168.75555238358302,-0.16875555238358303,-0.02488122507929802,-0.02488122507929802,0.10795219987630844,0.10795219987630844,-0.008244335651397705,-0.008244335651397705,0.03778042271733284,0.03778042271733284,-0.061006709933280945,-0.061006709933280945,0.3569110003809328
4,2025-02-25 04:00:00,4,305.729477,372.213289,175.656596,0.0,95.764504,0.35,0.25,177.14322139509022,62.00012748828157,79.7144496277906,98.35378021001816,295.0613406300545,85.28598748147488,59.700191237032406,115.9564047629676,28.9891011907419,73.617180982045,258.940089152918,-5.27909517288208,9.106305241584778,227.8751396725052,295.7083552187113,232.8902800867432,286.1227707538852,0.4657805601734864,0.4768712845898087,280.58682208536055,0,0,0.0,0,0,0,0,False,0.0,7.105427357601002e-15,0.0,0.0,98.2053877298762,72.50322496281704,0.2039043813943863,16.488861598202554,187.40137867229018,206.11076997753193,0.0,0.0,0.0,187.40137867229018,-0.18740137867229018,0.012246979400515556,0.012246979400515556,0.09281978011131287,0.09281978011131287,-0.043992459774017334,-0.043992459774017334,0.05691440775990486,0.05691440775990486,-0.05237791687250137,-0.05237791687250137,0.5568379992837436
4,2025-02-25 05:00:00,5,317.505448,368.244824,195.787296,0.0,85.141724,0.35,0.25,184.7951851785183,64.6783148124814,83.15783333033323,96.4818336814642,289.4455010443926,85.81791646778584,60.07254152745008,135.7147544725499,33.92868861813748,69.75897140830659,262.30515340997005,-9.319426417350769,11.700434684753418,232.8902800867432,286.1227707538852,241.74373518322642,273.8065237173027,0.48348747036645284,0.4563442061955045,307.415357904471,0,0,0.0,0,0,0,0,False,0.0,-7.105427357601002e-15,0.0,0.0,107.59537526656486,73.44544295479162,0.3380849659442901,17.723158202356245,199.102061389657,221.53947752945308,0.0,0.0,0.0,199.102061389657,-0.199102061389657,0.05597248673439026,0.05597248673439026,0.07202037423849106,0.07202037423849106,-0.07766188681125641,-0.07766188681125641,0.07312771677970886,0.07312771677970886,-0.04646759480237961,-0.04646759480237961,0.4104039999219822
4,2025-02-25 06:00:00,6,323.841255,353.033224,175.856279,0.0,73.102263,0.35,0.25,192.41797365248203,67.34629077836871,86.58808814361691,93.91473099589348,281.74419298768044,86.26980431377888,60.38886301964521,115.46741598035479,28.866853995088697,57.20887274514939,255.98338781375912,-12.685056924819946,13.761874437332153,241.74373518322642,273.8065237173027,253.79453926180537,259.32034009905834,0.5075890785236108,0.4322005668317639,318.8593431374334,0,0,0.0,0,0,0,0,False,0.0,2.1316282072803006e-14,0.0,0.0,111.60077009810169,71.67534858785257,0.4493610799312592,18.125545303067216,201.85102506895274,226.56931628834022,0.0,0.0,0.0,201.85102506895274,-0.20185102506895275,0.09953127801418304,0.09953127801418304,0.04349701106548309,0.04349701106548309,-0.10570880770683289,-0.10570880770683289,0.08601171523332596,0.08601171523332596,-0.04144661873579025,-0.04144661873579025,0.882391000232019
4,2025-02-25 07:00:00,7,354.355467,336.536345,230.985863,59.15225,80.962933,0.65,0.25,204.34570461511612,71.52099661529064,91.95556707680225,89.06244532205164,267.18733596615493,87.28467592969537,61.09927315078675,169.88658984921324,42.47164746230331,49.09094657059131,258.89120080466205,-13.3242729306221,15.58717131614685,253.79453926180537,259.32034009905834,266.45259854589636,242.91279134521955,0.5329051970917927,0.4048546522420326,287.57765309968636,0,0,0.0,0,0,0,0,False,0.0,-2.842170943040401e-14,0.0,0.0,186.92547451479615,72.48953622530539,0.47766404449939726,16.795675949260794,276.68835073386174,209.94594936575993,0.0,0.0,0.0,276.68835073386174,-0.2766883507338617,0.1676897406578064,0.1676897406578064,-0.010417274199426174,-0.010417274199426174,-0.11103560775518417,-0.11103560775518417,0.09741982072591782,0.09741982072591782,-0.030170267447829247,-0.030170267447829247,1.0031120000348892
4,2025-02-25 08:00:00,8,372.041946,328.790359,279.361664,105.672348,71.502044,0.65,0.25,211.05598732829094,73.86959556490183,94.97519429773092,86.39664731919765,259.18994195759296,87.13468596339226,60.99428017437457,218.36738382562544,54.59184595640636,45.92230847689774,262.080774524844,-15.144233107566833,15.837600231170654,266.45259854589636,242.91279134521955,280.83961999808486,226.24163320714518,0.5616792399961698,0.3770693886785753,277.13068481826906,0,0,0.0,0,0,0,0,False,0.0,5.684341886080802e-14,0.0,0.0,180.1349451318749,73.38261686695633,0.5335149943828582,16.387042524401345,270.43811951761546,204.8380315550168,0.0,0.0,0.0,270.43811951761546,-0.2704381195176155,0.20603421330451965,0.20603421330451965,-0.04003725200891495,-0.04003725200891495,-0.12620194256305695,-0.12620194256305695,0.09898500144481659,0.09898500144481659,-0.031836822628974915,-0.031836822628974915,0.4177310001978185
4,2025-02-25 09:00:00,9,400.291032,339.152293,299.93118,155.20617,49.822751,0.65,0.25,216.4291650056839,75.75020775198936,97.39312425255775,84.04330261051655,252.12990783154964,86.85601316392422,60.799209214746945,239.13197078525303,59.78299269631326,61.195017341154085,284.42362871807734,-15.855633616447449,15.29025673866272,280.83961999808486,226.24163320714518,295.90247193370993,210.146626113816,0.5918049438674199,0.35024437685636,279.1938321712879,0,0,0.0,0,0,0,0,False,0.0,1.4210854715202004e-14,0.0,0.0,181.47599091133714,79.63861604106167,0.552120292186737,16.835306675025908,278.5020339196114,210.44133343782383,0.0,0.0,0.0,278.5020339196114,-0.27850203391961137,0.23673808574676514,0.23673808574676514,-0.06618552654981613,-0.06618552654981613,-0.13213028013706207,-0.13213028013706207,0.095564104616642,0.095564104616642,-0.0349331870675087,-0.0349331870675087,0.853640999594063
4,2025-02-25 10:00:00,10,417.136128,295.535571,347.720331,203.748169,67.954871,0.65,0.25,220.34893408417702,77.12212692946196,99.15702033787966,81.8674249202013,245.6022747606039,86.53737477958202,60.57616234570741,287.14416865429257,71.78604216357314,23.13449008615828,246.05392306879733,-15.516879558563232,14.179160594940186,295.90247193370993,210.146626113816,310.643507514345,195.22119390861582,0.62128701502869,0.3253686565143597,237.48130771287572,0,0,0.0,0,0,0,0,False,0.0,0.0,0.0,0.0,154.3628500133692,68.89509845926327,0.5364021897315978,14.38604030846729,238.18039097083138,179.82550385584113,0.0,0.0,0.0,238.18039097083138,-0.23818039097083138,0.25913676619529724,0.25913676619529724,-0.09036194533109665,-0.09036194533109665,-0.1293073296546936,-0.1293073296546936,0.08861975371837616,0.08861975371837616,-0.03847361356019974,-0.03847361356019974,0.39742599983583204
4,2025-02-25 11:00:00,11,444.680692,282.418652,353.284014,224.917682,62.678692,0.65,0.25,222.5109912455082,77.87884693592787,100.12994606047869,79.82118509709835,239.46355529129505,86.27565957605839,60.392961703240864,292.89105229675914,73.22276307418979,16.453235084285268,240.7923635613807,-14.098159074783325,12.64757513999939,310.643507514345,195.22119390861582,324.03675863538916,181.90795691914278,0.6480735172707783,0.3031799281985713,246.34757831014355,0,0,0.0,0,0,0,0,False,0.0,-4.263256414560601e-14,0.0,0.0,160.12592590159332,67.42186179718661,0.4861826479434967,14.691971262628408,242.72594160935185,183.6496407828551,0.0,0.0,0.0,242.72594160935185,-0.24272594160935185,0.2714913785457611,0.2714913785457611,-0.11309794336557388,-0.11309794336557388,-0.11748465895652771,-0.11748465895652771,0.07904734462499619,0.07904734462499619,-0.041381560266017914,-0.041381560266017914,0.8163089996742201
4,2025-02-25 12:00:00,12,427.160027,279.687149,371.777939,229.621305,42.850918,0.65,0.25,222.90376350283623,78.01631722599268,100.3066935762763,78.09124276041985,234.27372828125954,86.03532627224922,60.22472839057445,311.55321060942555,77.88830265235639,20.309848595987773,245.47026194282265,-11.807295083999634,10.832204818725586,324.03675863538916,181.90795691914278,335.2536889651888,170.50563605732637,0.6705073779303776,0.28417606009554397,244.45832727078323,0,0,0.0,0,0,0,0,False,0.0,1.4210854715202004e-14,0.0,0.0,158.8979127260091,68.73167334399035,0.40837987661361697,14.683690590999626,242.7216565376127,183.54613238749533,0.0,0.0,0.0,242.7216565376127,-0.24272165653761268,0.27373579144477844,0.27373579144477844,-0.13231952488422394,-0.13231952488422394,-0.09839412569999695,-0.09839412569999695,0.06770128011703491,0.06770128011703491,-0.04405193030834198,-0.04405193030834198,0.5291839997880743
4,2025-02-25 13:00:00,13,440.512163,249.713973,358.361209,214.018081,49.301192,0.65,0.25,221.70912250876427,77.5981928780675,99.76910512894392,76.55714526772499,229.67143580317497,86.00976817309856,60.20683772116899,298.154371278831,74.53859281970774,0.0,221.70912250876427,-8.581709861755371,8.802504539489746,335.2536889651888,170.50563605732637,343.4063133338564,161.2398418052319,0.6868126266677128,0.26873306967538646,259.27214507112063,0,0,2.5193042985100647,0,0,0,0,False,0.0,4.263256414560601e-14,0.0,0.0,168.52689429622842,62.078554302454,0.30146381855010984,14.955320343269536,245.86223276050205,186.9415042908692,0.05038608597020129,0.0,0.0,245.91261884647224,-0.24591261884647225,0.26690927147865295,0.26690927147865295,-0.14936505258083344,-0.14936505258083344,-0.07151424884796143,-0.07151424884796143,0.05501565337181091,0.05501565337181091,-0.04433590918779373,-0.04433590918779373,0.5339319995982805
4,2025-02-25 14:00:00,14,411.528717,239.172901,342.442463,206.58853,52.733877,0.65,0.25,218.8066653907299,76.58233288675547,98.46299942582846,75.49362659454346,226.48087978363037,86.05169512331486,60.23618658632039,282.2062764136796,70.5515691034199,0.0,218.8066653907299,-4.78639081120491,6.6028892993927,343.4063133338564,161.2398418052319,347.9533846045011,154.28943201639746,0.6959067692090022,0.2571490533606624,226.4555636224128,0,0,6.322172385536646,0,0,0,0,False,0.0,2.842170943040401e-14,2.842170943040401e-14,0.0,147.19611635456832,61.26586630940438,0.1766061708331108,13.464951445637844,222.10354028044364,168.31189307047305,0.12644344771073293,0.0,0.0,222.22998372815437,-0.22222998372815436,0.2503238022327423,0.2503238022327423,-0.16118192672729492,-0.16118192672729492,-0.03988659009337425,-0.03988659009337425,0.041268058121204376,0.041268058121204376,-0.04387005418539047,-0.04387005418539047,0.45017799948254833
4,2025-02-25 15:00:00,15,388.344626,236.389354,326.119795,160.424816,62.846272,0.65,0.25,214.35904502868652,75.02566576004028,96.46157026290894,74.84429463744164,224.5328839123249,86.2857473641634,60.40002315491437,265.71977184508563,66.42994296127141,0.0,214.35904502868652,-0.42298123240470886,4.3717363476753235,347.9533846045011,154.28943201639746,348.35521677528556,149.68760428200238,0.6967104335505712,0.24947934047000397,231.74509107107747,0,0,2.69108915874574,0,0,0,0,False,0.0,-4.263256414560601e-14,2.842170943040401e-14,0.0,150.63430919620035,60.020532608032234,0.03454811871051788,13.626528727586395,224.31591865052948,170.33160909482993,0.0538217831749148,0.0,0.0,224.3697404337044,-0.22436974043370442,0.22490882873535156,0.22490882873535156,-0.1683967262506485,-0.1683967262506485,-0.003524843603372574,-0.003524843603372574,0.027323352172970772,0.027323352172970772,-0.04126947373151779,-0.04126947373151779,0.5008500002077199
4,2025-02-25 16:00:00,16,375.460339,226.108402,272.852382,113.257432,100.819959,0.65,0.25,208.41022729873657,72.9435795545578,93.78460228443146,74.65068608522415,223.95205825567245,86.75872810184956,60.73110967129468,212.1212723287053,53.03031808217632,0.0,208.41022729873657,4.281712174415588,2.176085114479065,348.35521677528556,149.68760428200238,343.8481513285323,147.39698837202442,0.6876963026570646,0.24566164728670736,211.8386604384271,0,0,7.045615552733409,0,0,0,0,False,0.0,1.4210854715202004e-14,0.0,0.0,137.6951292849776,58.35486364364625,0.13933179080486296,12.65546469607058,208.8447894154993,158.19330870088223,0.14091231105466817,0.0,0.0,208.98570172655397,-0.20898570172655398,0.19091558456420898,0.19091558456420898,-0.17054793238639832,-0.17054793238639832,0.03568093478679657,0.03568093478679657,0.013600531965494156,0.013600531965494156,-0.0360141322016716,-0.0360141322016716,0.5403630002547288
4,2025-02-25 17:00:00,17,350.788067,226.653065,220.169557,58.493115,114.852991,1.05,0.25,206.2601238489151,72.19104334712029,92.8170557320118,71.75388425588608,215.26165276765823,88.94408052787185,62.260856369510286,157.9087006304897,39.477175157622426,5.811770677837103,212.71764682428966,11.249341070652008,1.706666350364685,343.8481513285323,147.39698837202442,332.0067396752144,145.6004974769037,0.6640134793504289,0.2426674957948395,205.2326359957362,0,0,0.0,0,0,0,0,False,0.0,-1.4210854715202004e-14,-2.842170943040401e-14,0.0,215.494267795523,59.56094111080111,0.34601356387138366,12.433718333001027,287.8349408031965,155.42147916251284,0.0,0.0,0.0,287.8349408031965,-0.2878349408031965,0.17862927913665771,0.17862927913665771,-0.20273461937904358,-0.20273461937904358,0.09374450892210007,0.09374450892210007,0.010666664689779282,0.010666664689779282,-0.011732438579201698,-0.011732438579201698,0.40773700038698735
4,2025-02-25 18:00:00,18,321.987201,212.937746,174.446666,0.0,92.40532,1.05,0.25,198.89193326234818,69.61217664182186,89.50136996805668,72.32237577438354,216.96712732315063,89.70072033349425,62.790504233445965,111.65616176655402,27.914040441638505,0.0,198.89193326234818,15.364576578140259,0.16309374943375587,332.0067396752144,145.6004974769037,315.8335011719089,145.4288198459208,0.6316670023438178,0.242381366409868,244.84154399605995,0,0,3.993124707146819,0,0,0,0,False,0.0,1.4210854715202004e-14,0.0,0.0,257.083621195863,55.689741313457496,0.4617527660913765,13.955298868024212,327.19041414343604,174.44123585030263,0.07986249414293639,0.0,0.0,327.270276637579,-0.327270276637579,0.13652533292770386,0.13652533292770386,-0.19641804695129395,-0.19641804695129395,0.12803813815116882,0.12803813815116882,0.0010193359339609742,0.0010193359339609742,-0.003325329627841711,-0.003325329627841711,0.41695799973240355
4,2025-02-25 19:00:00,19,320.49249,212.632744,196.243838,0.0,112.120983,1.05,0.25,191.98873918503523,67.19605871476233,86.39493263326585,74.0945166349411,222.2835499048233,90.23047501221299,63.16133250854909,133.08250549145092,33.27062637286273,0.0,191.98873918503523,18.566046953201294,-1.2837715446949005,315.8335011719089,145.4288198459208,296.29029385274964,146.64840281338095,0.5925805877054993,0.24441400468896826,229.97454433984024,0,0,4.5314919811812615,0,0,0,0,False,0.0,7.815970093361102e-14,0.0,0.0,241.47327155683226,53.75684697180987,0.5634002663195133,13.190699777913535,308.9842185728752,164.8837472239192,0.09062983962362524,0.0,0.0,309.0748484124988,-0.30907484841249877,0.09707850962877274,0.09707850962877274,-0.17672759294509888,-0.17672759294509888,0.15471705794334412,0.15471705794334412,-0.008023572154343128,-0.008023572154343128,0.0025608334690332413,0.0025608334690332413,0.44067599992558826
4,2025-02-25 20:00:00,20,307.780405,246.661543,180.861227,0.0,100.674389,1.05,0.25,185.2735409513116,64.84573933295906,83.37309342809021,76.03169113397598,228.09507340192795,90.92786377295852,63.649504641070955,117.21172235892905,29.302930589732263,28.247844559582347,216.6600349064031,20.9555321931839,-2.1266046166419983,296.29029385274964,146.64840281338095,274.23183891255604,148.66867719919085,0.5484636778251121,0.2477811286653181,226.63936619756527,0,0,0.0,0,0,0,0,False,0.0,2.1316282072803006e-14,0.0,0.0,237.97133450744354,60.664809773792875,0.6392989888787269,13.438692671195323,312.7141359413105,167.98365838994152,0.0,0.0,0.0,312.7141359413105,-0.3127141359413105,0.058705948293209076,0.058705948293209076,-0.1552034318447113,-0.1552034318447113,0.17462943494319916,0.17462943494319916,-0.01329127885401249,-0.01329127885401249,0.010309597477316856,0.010309597477316856,1.2659789999815985
4,2025-02-25 21:00:00,21,313.878611,238.200634,178.806115,0.0,124.466341,1.05,0.25,179.6978650148958,62.89425275521352,80.86403925670311,77.99086511135101,233.97259533405304,91.74839425832033,64.22387598082423,114.58223901917577,28.645559754793943,17.407492121324367,199.03952292747843,22.327736020088196,-2.295098453760147,274.23183891255604,148.66867719919085,250.72895889141057,150.849020730263,0.5014579177828211,0.25141503455043834,210.82670609084323,0,0,0.0,0,0,0,0,False,0.0,2.1316282072803006e-14,2.842170943040401e-14,0.0,221.3680413953854,55.73106641969397,0.6813075728714466,12.461007434836759,290.24142282278757,155.76259293545948,0.0,0.0,0.0,290.24142282278757,-0.2902414228227876,0.026844942942261696,0.026844942942261696,-0.13343483209609985,-0.13343483209609985,0.1860644668340683,0.1860644668340683,-0.01434436533600092,-0.01434436533600092,0.019426602870225906,0.019426602870225906,0.4649739994420088
4,2025-02-25 22:00:00,22,325.898513,262.058633,184.310034,0.0,129.284829,0.65,0.25,169.65132365003228,59.37796327751129,76.34309564251453,83.46094474196434,250.38283422589302,91.24400854110718,63.87080597877502,120.43922802122498,30.109807005306244,30.103558737194703,203.0997222469153,20.626253485679626,-3.5268470644950867,250.72895889141057,150.849020730263,229.01711311701098,154.19952544153332,0.45803422623402196,0.2569992090692222,230.18021898407966,0,0,0.0,0,0,0,0,False,0.0,2.1316282072803006e-14,0.0,0.0,149.6171423396518,56.86792222913629,0.6364218398928642,13.377525191250152,220.49901159993112,167.2190648906269,0.0,0.0,0.0,220.49901159993112,-0.22049901159993113,-0.03056386485695839,-0.03056386485695839,-0.07265616953372955,-0.07265616953372955,0.1718854457139969,0.1718854457139969,-0.02204279415309429,-0.02204279415309429,0.013822317123413086,0.013822317123413086,0.6292460002441658
4,2025-02-25 23:00:00,23,326.243345,274.645597,195.94953,0.0,147.606404,0.35,0.25,162.80059590935707,56.98020856827497,73.26026815921068,88.20882501080632,264.62647503241897,91.1404336988926,63.79830358922481,132.1512264107752,33.0378066026938,31.34758369657112,197.63124446110277,17.8806209564209,-3.4482961893081665,229.01711311701098,154.19952544153332,210.19540684709423,157.47540682137608,0.42039081369418846,0.26245901136896016,225.02274308880425,0,0,0.0,0,0,0,0,False,0.0,2.1316282072803006e-14,0.0,0.0,78.75796008108148,55.33674844910878,0.5536601096391678,13.063100607285033,147.71146924711445,163.2887575910629,0.0,182.32918633152968,364.65837266305937,512.3698419101738,-0.5123698419101739,-0.0697108805179596,-0.0697108805179596,-0.0199019443243742,-0.0199019443243742,0.14900517463684082,0.14900517463684082,-0.02155185118317604,-0.02155185118317604,0.012671485543251038,0.012671485543251038,0.710882000021229
5,2025-02-26 00:00:00,0,248.331906,225.352701,146.03797,0.0,138.306354,0.35,0.25,150.0,52.5,67.5,108.77794682979584,326.3338404893875,81.0505460947752,56.73538226634263,89.30258773365736,22.32564693341434,0.0,150.0,11.814580857753754,-4.960209131240845,250.0,300.0,237.5635990971013,304.7121986746788,0.4751271981942026,0.507853664457798,176.81456490545645,0,0,82.47038426337144,0,0,0,0,False,0.04974238680941723,2.1316282072803006e-14,2.842170943040401e-14,0.0,61.885097716909755,42.00000000000001,0.37923847138881683,10.179840855840084,114.44417704413867,127.24801069800105,1.6494076852674289,0.0,0.0,116.0935847294061,-0.1160935847294061,-0.09311475604772568,-0.1428571428571429,0.2086438536643982,0.2086438536643982,0.09845484048128128,0.09845484048128128,-0.03100130707025528,-0.03100130707025528,-0.09943837672472,-0.09943837672472,0.5691559999831952
5,2025-02-26 01:00:00,1,235.597293,245.221575,133.606774,0.0,108.923481,0.35,0.25,160.6756541877985,56.23647896572947,72.30404438450933,100.31402975320816,300.9420892596245,82.85662293434143,57.999636054038994,75.607137945961,18.90178448649025,0.0,160.6756541877985,7.357119172811508,-0.023742783814668655,237.5635990971013,304.7121986746788,229.81926312572077,304.73475431930274,0.4596385262514415,0.5078912571988379,182.2960281011575,0,0,45.14419292597768,0,0,0,0,False,0.0,4.973799150320701e-14,2.842170943040401e-14,0.0,63.80360983540512,44.98918317258359,0.22083228910341857,10.59183570345571,119.60546100054783,132.39794629319636,0.9028838585195536,0.0,0.0,120.50834485906739,-0.12050834485906739,-0.08185340464115143,-0.08185340464115143,0.11460033059120178,0.11460033059120178,0.0613093264400959,0.0613093264400959,-0.0001483923988416791,-0.0001483923988416791,-0.07937085628509521,-0.07937085628509521,0.5588909998550662
5,2025-02-26 02:00:00,2,243.25044,254.330871,132.98149,0.0,114.108054,0.35,0.25,164.34936821460724,57.52227887511253,73.95721569657326,99.84349183738232,299.53047551214695,83.8840913772583,58.7188639640808,74.2626260359192,18.5656565089798,0.0,164.34936821460724,3.510003983974457,3.1144583225250244,229.81926312572077,304.73475431930274,226.1245220899582,301.4563771376975,0.4522490441799164,0.5024272952294958,186.5192514872752,0,0,38.38718715398693,0,0,0,0,False,0.0,5.684341886080802e-14,0.0,0.0,65.28173802054631,46.017823100090034,0.12087241113185881,10.836436956873827,122.25687048864204,135.45546196092283,0.7677437430797386,0.0,0.0,123.02461423172177,-0.12302461423172177,-0.06086075305938721,-0.06086075305938721,0.10937213152647018,0.10937213152647018,0.02925003319978714,0.02925003319978714,0.019465364515781403,0.019465364515781403,-0.06795454025268555,-0.06795454025268555,0.4563929996947991
5,2025-02-26 03:00:00,3,232.883472,261.811658,129.258302,0.0,114.356281,0.35,0.25,169.5669064298272,59.34841725043952,76.30510789342225,99.18093256652355,297.54279769957066,84.79138880968094,59.35397216677665,69.90432983322333,17.476082458305832,0.0,169.5669064298272,-0.7085402123630047,6.314755082130432,226.1245220899582,301.4563771376975,226.79763529170305,294.8092665249286,0.4535952705834061,0.49134877754154765,176.54432898675284,0,0,33.55961386544237,0,0,0,0,False,0.0,-3.552713678800501e-14,0.0,0.0,61.79051514536349,47.47873380035163,0.0528299817815423,10.481020978294362,119.80309990579103,131.01276222867952,0.6711922773088475,0.0,0.0,120.47429218309988,-0.12047429218309988,-0.031046248972415924,-0.031046248972415924,0.10201036185026169,0.10201036185026169,-0.005904501769691706,-0.005904501769691706,0.0394672192633152,0.0394672192633152,-0.05787345767021179,-0.05787345767021179,0.5411249994722311
5,2025-02-26 04:00:00,4,243.556886,277.790998,121.468698,0.0,85.208507,0.35,0.25,176.24680117005482,61.68638040951918,79.31106052652467,97.878682538867,293.636047616601,85.54715014994144,59.883005104959004,61.585692895041,15.39642322376025,0.0,176.24680117005482,-5.00876247882843,9.336535930633545,226.79763529170305,294.8092665249286,231.55595964659005,284.981333966367,0.46311191929318013,0.474968889943945,214.94586683193643,0,0,18.94549592381776,0,0,0,0,False,0.0,-5.5067062021407764e-14,0.0,0.0,75.23105339117774,49.34910432761536,0.1969455540180206,12.277566959326082,137.0546702321372,153.46958699157602,0.3789099184763552,0.0,0.0,137.43358015061355,-0.13743358015061355,0.0071245781145989895,0.0071245781145989895,0.08754091709852219,0.08754091709852219,-0.04173968732357025,-0.04173968732357025,0.058353349566459656,0.058353349566459656,-0.04947610944509506,-0.04947610944509506,0.509099999362661
5,2025-02-26 05:00:00,5,223.736987,268.421882,138.947971,0.0,64.693975,0.35,0.25,183.68204729631543,64.2887165537104,82.65692128334194,95.91441102325916,287.7432330697775,86.09467953443527,60.26627567410468,78.6816953258953,19.670423831473826,0.0,183.68204729631543,-9.066414535045624,12.007395029067993,231.55595964659005,284.981333966367,240.1690534548834,272.3419707778744,0.4803381069097668,0.4539032846297907,219.4055448360682,0,0,27.89098784775217,0,0,0,0,False,0.0,1.4210854715202004e-14,0.0,0.0,76.79194069262387,51.43097324296833,0.33202941119670865,12.592756729528048,141.14770007631697,157.4094591191006,0.5578197569550435,0.0,0.0,141.705519833272,-0.141705519833272,0.04961169883608818,0.04961169883608818,0.06571567803621292,0.06571567803621292,-0.07555345445871353,-0.07555345445871353,0.07504621893167496,0.07504621893167496,-0.043392449617385864,-0.043392449617385864,0.387600000067323
5,2025-02-26 06:00:00,6,245.075325,268.529213,140.082793,0.0,84.097622,0.35,0.25,191.59276336431503,67.05746717751026,86.21674351394176,93.50131843239069,280.50395529717207,86.47256724536419,60.530797071754925,79.55199592824508,19.88799898206127,0.0,191.59276336431503,-12.529245615005493,14.012017250061035,240.1690534548834,272.3419707778744,252.07183678913862,257.5924789357049,0.5041436735782773,0.4293207982261748,219.83879885194722,0,0,25.730935815810653,0,0,0,0,False,0.0,3.552713678800501e-14,0.0,0.0,76.94357959818151,53.645973742008216,0.44593745470046997,12.738391363314719,143.7738821582049,159.22989204143397,0.514618716316213,0.0,0.0,144.28850087452113,-0.14428850087452114,0.09481579065322876,0.09481579065322876,0.03890353813767433,0.03890353813767433,-0.10441038012504578,-0.10441038012504578,0.08757510781288147,0.08757510781288147,-0.03919369727373123,-0.03919369727373123,0.41898800009221304
5,2025-02-26 07:00:00,7,261.248002,277.035184,166.516167,78.660418,57.464173,0.65,0.25,203.3977784216404,71.18922244757414,91.52900028973818,88.6238613165915,265.8715839497745,87.48832667246461,61.24182867072522,105.27433832927477,26.318584582318692,0.0,203.3977784216404,-13.183254897594452,15.812234878540039,252.07183678913862,257.5924789357049,264.59592894185334,240.94802116882065,0.5291918578837067,0.40158003528136776,182.05988934893048,0,0,8.689308445588097,0,0,0,0,False,0.0,0.0,0.0,0.0,118.33892807680482,56.95137795805932,0.4745588213205338,11.264999586099188,187.02986444228384,140.81249482623986,0.17378616891176193,0.0,0.0,187.2036506111956,-0.1872036506111956,0.16227301955223083,0.16227301955223083,-0.015290429815649986,-0.015290429815649986,-0.10986045747995377,-0.10986045747995377,0.09882646799087524,0.09882646799087524,-0.0279074814170599,-0.0279074814170599,0.40923599954112433
5,2025-02-26 08:00:00,8,279.253947,259.035891,203.560689,152.378133,14.274439,0.65,0.25,210.14691591262817,73.55142056941986,94.56611216068268,86.00172121077776,258.0051636323333,87.30786748230457,61.115507237613194,142.4451817623868,35.6112954405967,0.0,210.14691591262817,-14.994657933712006,15.972539186477661,264.59592894185334,240.94802116882065,278.84085397887975,224.13482202515996,0.5576817079577595,0.37355803670859994,175.65762901566657,0,0,22.200056497189053,0,0,0,0,False,0.0,-2.1316282072803006e-14,0.0,0.0,114.17745886018328,58.841136455535896,0.5297024339437485,11.09128633129138,184.6395840809543,138.64107914114226,0.44400112994378105,0.0,0.0,185.0835852108981,-0.1850835852108981,0.20083951950073242,0.20083951950073242,-0.044425319880247116,-0.044425319880247116,-0.12495548278093338,-0.12495548278093338,0.09982836991548538,0.09982836991548538,-0.029912583529949188,-0.029912583529949188,0.44734399943990866
5,2025-02-26 09:00:00,9,316.228624,252.267179,249.489129,192.805131,31.02172,0.65,0.25,215.7501608133316,75.51255628466606,97.08757236599922,83.67618061602116,251.02854184806347,87.02835213392973,60.9198464937508,188.56928250624918,47.142320626562295,0.0,215.7501608133316,-15.742346048355103,15.44724702835083,278.84085397887975,224.13482202515996,293.7960827248171,207.87456199531698,0.5875921654496342,0.3464576033255283,163.45006400627256,0,0,24.267830108483793,0,0,0,0,False,0.0,1.4210854715202004e-14,0.0,0.0,106.24254160407716,60.410045027732856,0.5495066165924072,10.6438053892893,177.8458986376917,133.04756736611625,0.48535660216967585,0.0,0.0,178.33125523986138,-0.17833125523986137,0.2328580617904663,0.2328580617904663,-0.07026465982198715,-0.07026465982198715,-0.13118621706962585,-0.13118621706962585,0.09654529392719269,0.09654529392719269,-0.033018309623003006,-0.033018309623003006,0.45615100043505663
5,2025-02-26 10:00:00,10,309.562027,229.06362,248.154054,234.582932,71.874035,0.65,0.25,219.38555464148521,76.78494412451982,98.72349958866835,81.2881837785244,243.8645513355732,86.82747446000576,60.779232122004025,187.37482187799597,46.84370546949899,0.0,219.38555464148521,-15.393340587615967,14.462388753890991,293.7960827248171,207.87456199531698,308.41975628305227,192.65099488595803,0.6168395125661046,0.3210849914765967,69.84534571111953,0,0,41.15934521812676,0,0,0,0,False,0.0,2.1316282072803006e-14,2.842170943040401e-14,0.0,45.3994747122277,61.42795529961587,0.5341121613979339,6.583364085553024,113.94490625879453,82.29205106941279,0.8231869043625352,0.0,0.0,114.76809316315706,-0.11476809316315706,0.25363174080848694,0.25363174080848694,-0.09679795801639557,-0.09679795801639557,-0.12827783823013306,-0.12827783823013306,0.0903899297118187,0.0903899297118187,-0.035250283777713776,-0.035250283777713776,0.4511679999268381
5,2025-02-26 11:00:00,11,328.909276,214.448587,259.567224,283.915335,47.44902,0.65,0.25,221.6316632926464,77.57108215242624,99.73424848169088,79.38631922006607,238.1589576601982,86.48436561226845,60.539055928587906,199.0281680714121,49.757042017853024,0.0,221.6316632926464,-14.01827484369278,12.828457355499268,308.41975628305227,192.65099488595803,321.7371173845604,179.14735556437984,0.6434742347691208,0.29857892594063307,63.135474929185534,0,0,49.78871088511994,0,0,0,0,False,0.0,-2.842170943040401e-14,-2.842170943040401e-14,0.0,41.0380587039706,62.056865721941,0.4846905320882797,6.324067509566507,109.90368246756638,79.05084386958133,0.9957742177023988,0.0,0.0,110.89945668526879,-0.1108994566852688,0.2664666473865509,0.2664666473865509,-0.11792978644371033,-0.11792978644371033,-0.11681895703077316,-0.11681895703077316,0.08017785847187042,0.08017785847187042,-0.03906260430812836,-0.03906260430812836,0.4267530002834974
5,2025-02-26 12:00:00,12,322.623983,203.948163,269.919744,265.437056,58.842261,0.65,0.25,222.01393693685532,77.70487792789936,99.90627162158489,77.5214222073555,232.5642666220665,86.33621446788311,60.43535012751817,209.4843938724818,52.37109846812045,0.0,222.01393693685532,-11.652593314647675,11.078075170516968,321.7371173845604,179.14735556437984,332.8070810334757,167.4862238059409,0.6656141620669513,0.2791437063432349,62.184902062224296,0,0,53.264235946285226,0,0,0,0,False,0.0,1.4210854715202004e-14,2.842170943040401e-14,0.0,40.420186340445795,62.163902342319496,0.40496817529201506,6.288358681727555,109.27741553978487,78.60448352159443,1.0652847189257044,0.0,0.0,110.34270025871058,-0.11034270025871058,0.2686510682106018,0.2686510682106018,-0.13865086436271667,-0.13865086436271667,-0.09710494428873062,-0.09710494428873062,0.06923796981573105,0.06923796981573105,-0.04070872813463211,-0.04070872813463211,0.37448199964273954
5,2025-02-26 13:00:00,13,305.860305,195.34258,269.091671,266.52531,55.766561,0.65,0.25,220.75094282627106,77.26282998919487,99.33792427182198,76.10964015126228,228.32892045378685,86.21996283531189,60.353973984718316,208.7376970152817,52.184424253820424,0.0,220.75094282627106,-8.515929579734802,8.992595076560974,332.8070810334757,167.4862238059409,340.89721413422376,158.0203342516662,0.6817944282684475,0.26336722375277705,43.11559799562258,0,0,55.09689696685791,0,0,0,0,False,0.0,-2.842170943040401e-14,0.0,0.0,28.025138697154677,61.8102639913559,0.30044086277484894,5.42910139702773,95.56494494831317,67.86376746284662,1.1019379393371582,0.0,0.0,96.66688288765033,-0.09666688288765034,0.2614339590072632,0.2614339590072632,-0.1543373316526413,-0.1543373316526413,-0.07096607983112335,-0.07096607983112335,0.05620371922850609,0.05620371922850609,-0.042000412940979004,-0.042000412940979004,0.4037909993712674
5,2025-02-26 14:00:00,14,312.962636,165.395086,262.288416,240.597668,61.662932,0.65,0.25,217.95414984226227,76.2839524447918,98.07936742901802,75.0120198726654,225.03605961799622,86.29342049360275,60.40539434552192,201.88302165447806,50.470755413619514,0.0,217.95414984226227,-4.601786881685257,6.765493750572205,340.89721413422376,158.0203342516662,345.26891167182475,150.89876188264284,0.6905378233436495,0.2514979364710714,64.50264572317832,0,0,78.1924143039837,0,0,0,0,False,0.0,-2.842170943040401e-14,0.0,0.0,41.92671972006591,61.02716195583344,0.17188107520341872,6.325382809296043,109.45114556039881,79.06728511620054,1.5638482860796739,0.0,0.0,111.01499384647849,-0.11101499384647849,0.24545228481292725,0.24545228481292725,-0.16653311252593994,-0.16653311252593994,-0.03834822401404381,-0.03834822401404381,0.04228433594107628,0.04228433594107628,-0.04118421673774719,-0.04118421673774719,0.4191879997961223
5,2025-02-26 15:00:00,15,300.972125,167.199061,220.741625,189.390726,87.895906,0.65,0.25,213.38096857070923,74.68333899974823,96.02143585681915,74.26349177956581,222.79047533869743,86.59274965524673,60.61492475867271,160.12670024132728,40.03167506033182,0.0,213.38096857070923,-0.16387196257710457,4.549156725406647,345.26891167182475,150.89876188264284,345.424590036273,146.110175855899,0.690849180072546,0.24351695975983167,63.46119280272654,0,0,69.5692572656765,0,0,0,0,False,0.0,2.842170943040401e-14,0.0,0.0,41.249775321772255,59.74667119979859,0.02766194250434637,6.206387980451316,107.23049644452651,77.57984975564145,1.39138514531353,0.0,0.0,108.62188158984004,-0.10862188158984004,0.21931982040405273,0.21931982040405273,-0.17485009133815765,-0.17485009133815765,-0.001365599688142538,-0.001365599688142538,0.028432229533791542,0.028432229533791542,-0.03785833716392517,-0.03785833716392517,0.29654300033143954
5,2025-02-26 16:00:00,16,278.6468,158.859045,207.253325,136.819772,77.633814,0.65,0.25,207.51563906669617,72.63047367334366,93.38203758001328,74.18796345591545,222.56389036774635,86.96824818849564,60.87777373194694,146.37555126805304,36.59388781701326,0.0,207.51563906669617,4.508597105741501,2.3095808923244476,345.424590036273,146.110175855899,340.6786983460188,143.67903807450486,0.6813573966920375,0.2394650634575081,97.83599449384351,0,0,72.42821565158843,0,0,0,0,False,0.0,-7.815970093361102e-14,0.0,0.0,63.59339642099829,58.104378938674934,0.14680581763386727,7.625033982796253,129.46961516010333,95.31292478495317,1.4485643130317687,0.0,0.0,130.9181794731351,-0.1309181794731351,0.18580365180969238,0.18580365180969238,-0.17568929493427277,-0.17568929493427277,0.03757164254784584,0.03757164254784584,0.014434880577027798,0.014434880577027798,-0.03368613123893738,-0.03368613123893738,0.46750399997108616
5,2025-02-26 17:00:00,17,262.053952,166.708853,164.429869,78.432728,85.067281,1.05,0.25,205.4357349872589,71.90250724554062,92.44608074426651,71.35028287768364,214.05084863305092,89.1367008537054,62.39569059759378,102.03417840240621,25.508544600601553,0.0,205.4357349872589,11.470161974430084,1.821487545967102,340.6786983460188,143.67903807450486,328.60484363609237,141.76168276296053,0.6572096872721848,0.2362694712716009,112.04010125831451,0,0,52.47286306957912,0,0,0,0,False,0.0,1.4210854715202004e-14,0.0,0.0,117.64210632123024,57.5220057964325,0.35321229696273804,8.216736215161982,183.73406062978745,102.70920268952477,1.0494572613915825,0.0,0.0,184.78351789117903,-0.18478351789117903,0.1739184856414795,0.1739184856414795,-0.20721907913684845,-0.20721907913684845,0.0955846831202507,0.0955846831202507,0.011384297162294388,0.011384297162294388,-0.009592212736606598,-0.009592212736606598,0.38364600004570093
5,2025-02-26 18:00:00,18,251.57634,159.918033,130.501121,0.0,107.966574,1.05,0.25,198.12085628509521,69.34229969978333,89.15438532829285,71.94050565361977,215.8215169608593,89.89382701925933,62.925678913481526,67.57544208651848,16.89386052162962,0.0,198.12085628509521,15.587843656539917,0.27369964867830276,328.60484363609237,141.76168276296053,312.196587155524,141.47357786961496,0.624393174311048,0.23578929644935825,147.51398881892612,0,0,55.437741918571106,0,0,0,0,False,0.0,-2.842170943040401e-14,0.0,0.0,154.88968825987243,55.47383975982667,0.469003807939589,9.660549208594274,220.49308103623295,120.75686510742841,1.108754838371422,0.0,0.0,221.60183587460438,-0.22160183587460439,0.13211917877197266,0.13211917877197266,-0.2006610482931137,-0.2006610482931137,0.12989869713783264,0.12989869713783264,0.0017106228042393923,0.0017106228042393923,-0.0011796997860074043,-0.0011796997860074043,0.36667799940914847
5,2025-02-26 19:00:00,19,225.836554,157.961303,125.62165,0.0,138.107856,1.05,0.25,190.91318156570196,66.81961354799569,85.91093170456588,73.56268554925919,220.68805664777756,90.50260372459888,63.35182260721921,62.26982739278079,15.567456848195198,0.0,190.91318156570196,18.849615454673767,-1.102599874138832,312.196587155524,141.47357786961496,292.35488667692005,142.52104775004685,0.5847097733538401,0.2375350795834114,91.18961139478492,0,0,57.03248175360574,0,0,0,0,False,0.0,-1.9539925233402755e-14,0.0,0.0,95.74909196452417,53.455690838396556,0.5710014630109072,7.066953806421768,156.8427380723534,88.3369225802721,1.1406496350721147,0.0,0.0,157.98338770742552,-0.1579833877074255,0.0909324660897255,0.0909324660897255,-0.1826368272304535,-0.1826368272304535,0.15708012878894806,0.15708012878894806,-0.006891249213367701,-0.006891249213367701,0.005584485828876495,0.005584485828876495,0.32993799959513126
5,2025-02-26 20:00:00,20,231.482337,178.823427,130.612307,0.0,116.658159,1.05,0.25,184.40436674281955,64.54152835998684,82.9819650342688,75.57464003562927,226.72392010688782,91.15645637735724,63.809519464150064,66.80278753584992,16.70069688396248,0.0,184.40436674281955,21.208496689796448,-1.9749140739440918,292.35488667692005,142.52104775004685,270.03015331923956,144.39721612029373,0.5400603066384791,0.24066202686715624,121.34948986980845,0,0,37.75108768985524,0,0,0,0,False,0.0,0.0,2.842170943040401e-14,0.0,127.41696436329887,51.63322268798948,0.646129471063614,8.289847422156685,187.98616394450866,103.62309277695856,0.7550217537971048,0.0,0.0,188.74118569830577,-0.18874118569830578,0.053739238530397415,0.053739238530397415,-0.16028177738189697,-0.16028177738189697,0.1767374724149704,0.1767374724149704,-0.012343212962150574,-0.012343212962150574,0.012849515303969383,0.012849515303969383,0.36227500004315516
5,2025-02-26 21:00:00,21,240.750492,187.068693,155.925161,0.0,126.351814,1.05,0.25,178.99537649936974,62.6483817747794,80.54791942471638,77.67669260501862,233.03007781505585,91.89019041135907,64.32313328795135,91.60202771204865,22.900506928012163,0.0,178.99537649936974,22.491177320480347,-2.190554291009903,270.03015331923956,144.39721612029373,246.3552298239971,146.47824269675314,0.4927104596479942,0.24413040449458856,129.83631843777107,0,0,32.42855953740326,0,0,0,0,False,0.0,2.842170943040401e-14,0.0,0.0,136.32813435965963,50.118705419823534,0.6856880910694598,8.576724035251843,195.70925190580448,107.20905044064804,0.6485711907480652,0.0,0.0,196.35782309655255,-0.19635782309655256,0.022830722853541374,0.022830722853541374,-0.13692563772201538,-0.13692563772201538,0.18742647767066956,0.18742647767066956,-0.013690964318811893,-0.013690964318811893,0.021002115681767464,0.021002115681767464,0.29649000043718843
5,2025-02-26 22:00:00,22,248.500344,217.204166,124.265629,0.0,132.157229,0.65,0.25,168.6721969395876,59.03526892885565,75.90248862281442,82.97630846500397,248.9289253950119,91.48508263751864,64.03955784626305,60.22607115373695,15.056517788434238,0.0,168.6721969395876,20.86183726787567,-3.3595383167266846,246.3552298239971,146.47824269675314,224.39540112097006,149.6698040976435,0.4487908022419401,0.2494496734960725,134.4788350567069,0,0,12.782627063581003,0,0,0,0,False,0.0,2.4868995751603507e-14,0.0,0.0,87.4112427868595,47.22821514308453,0.6426528096199036,8.615823893528507,143.89793463309243,107.69779866910633,0.25565254127162007,0.0,0.0,144.15358717436405,-0.14415358717436405,-0.03615887463092804,-0.03615887463092804,-0.07804101705551147,-0.07804101705551147,0.17384864389896393,0.17384864389896393,-0.02099711447954178,-0.02099711447954178,0.016500918194651604,0.016500918194651604,0.3463609991740668
5,2025-02-26 23:00:00,23,235.274698,211.873443,126.86886,0.0,116.395359,0.35,0.25,161.55152563005686,56.54303397051989,72.69818653352559,87.6463320851326,262.9389962553978,91.45044257864356,64.01530980505049,62.853550194949506,15.713387548737376,0.0,161.55152563005686,18.210232257843018,-3.2524195313453674,224.39540112097006,149.6698040976435,205.22673558639846,152.7596026524216,0.4104534711727969,0.254599337754036,147.48579240550708,0,0,29.060877678934446,0,0,0,0,False,0.0,1.0658141036401503e-14,0.0,0.0,51.620027341927475,45.23442717641593,0.5625690653920173,9.074199275923222,106.49122285965863,113.42749094904028,0.581217553578689,192.01366176117995,384.0273235223599,491.0997639355972,-0.4910997639355972,-0.07684842497110367,-0.07684842497110367,-0.0261518657207489,-0.0261518657207489,0.15175193548202515,0.15175193548202515,-0.020327622070908546,-0.020327622070908546,0.016116028651595116,0.016116028651595116,0.3777960000661551
6,2025-02-27 00:00:00,0,238.498392,219.784709,125.702372,0.0,112.73545,0.35,0.25,150.0,52.5,67.5,108.6804673075676,326.0414019227028,81.10959760844707,56.776718325912945,68.92565367408704,17.23141341852176,0.0,150.0,11.885989308357239,-4.929786920547485,250.0,300.0,237.48843230699237,304.6832975745201,0.47497686461398475,0.5078054959575335,187.28883341773206,0,0,87.71730839370821,0,0,0,0,False,0.04852160172803066,-3.552713678800501e-14,2.842170943040401e-14,0.0,65.55109169620621,42.00000000000001,0.3812286138534546,10.640708670380212,118.57302898043987,133.00885837975264,1.7543461678741643,0.0,0.0,120.32737514831403,-0.12032737514831403,-0.09433554112911224,-0.1428571428571429,0.20756074786186218,0.20756074786186218,0.09904991090297699,0.09904991090297699,-0.030811168253421783,-0.030811168253421783,-0.0987822487950325,-0.0987822487950325,0.4456190008568228
6,2025-02-27 01:00:00,1,241.323383,229.781685,142.996063,0.0,114.778037,0.35,0.25,160.7494404539466,56.2623041588813,72.33724820427597,100.31654499471188,300.9496349841356,82.85268343985081,57.99687840789556,84.99918459210443,21.249796148026107,0.0,160.7494404539466,7.362311035394669,-0.03387490287423134,237.48843230699237,304.6832975745201,229.73863121710323,304.71547873225063,0.45947726243420645,0.5078591312204177,184.48707194846207,0,0,60.618639845686516,0,0,0,0,False,0.0,4.263256414560601e-14,2.842170943040401e-14,0.0,64.57047518196173,45.00984332710505,0.22103870557621122,10.689422212995478,120.49077942763847,133.61777766244347,1.2123727969137303,0.0,0.0,121.7031522245522,-0.1217031522245522,-0.08143176883459091,-0.08143176883459091,0.11462827771902084,0.11462827771902084,0.06135259196162224,0.06135259196162224,-0.00021171814296394587,-0.00021171814296394587,-0.07941462844610214,-0.07941462844610214,0.5986610003674286
6,2025-02-27 02:00:00,2,256.153532,248.974957,130.685244,0.0,99.336538,0.35,0.25,164.4058719277382,57.54205517470836,73.98264236748219,99.83832255005836,299.5149676501751,83.89574088156223,58.727018617093556,71.95822538290645,17.989556345726612,0.0,164.4058719277382,3.538079336285591,3.0945557355880737,229.73863121710323,304.71547873225063,226.01433717890788,301.4580516421579,0.45202867435781574,0.5024300860702632,213.56473838479099,0,0,43.7214678716831,0,0,0,0,False,0.0,0.0,2.842170943040401e-14,0.0,74.74765843467684,46.0336441397667,0.1216151587665081,12.027342439774616,132.93026017298467,150.3417804971827,0.8744293574336621,0.0,0.0,133.80468953041833,-0.13380468953041832,-0.060537874698638916,-0.060537874698638916,0.1093146950006485,0.1093146950006485,0.029483994469046593,0.029483994469046593,0.01934097334742546,0.01934097334742546,-0.06782510131597519,-0.06782510131597519,0.5104300007587881
6,2025-02-27 03:00:00,3,237.769032,254.643742,120.307095,0.0,94.317908,0.35,0.25,169.52480375766754,59.33368131518363,76.2861616909504,99.13467921316624,297.4040376394987,84.82449531555176,59.37714672088622,60.92994827911378,15.232487069778445,0.0,169.52480375766754,-0.6630986742675304,6.317247748374939,226.01433717890788,301.4580516421579,226.64428091946203,294.8083171701843,0.4532885618389241,0.4913471952836405,199.14770764202865,0,0,40.53920976327231,0,0,0,0,False,0.0,5.5067062021407764e-14,-2.842170943040401e-14,0.0,69.70169767471002,47.46694505214692,0.05147919896990061,11.474895996371943,128.6950179221988,143.43619995464928,0.8107841952654462,0.0,0.0,129.50580211746424,-0.12950580211746424,-0.03128683567047119,-0.03128683567047119,0.10149643570184708,0.10149643570184708,-0.005525822285562754,-0.005525822285562754,0.03948279842734337,0.03948279842734337,-0.05750560760498047,-0.05750560760498047,0.4387090002637706
6,2025-02-27 04:00:00,4,240.49571,276.425217,152.13567,0.0,94.943391,0.35,0.25,176.41418792773038,61.744965774705626,79.38638456747867,97.97789476811886,293.9336843043566,85.47391511499882,59.831740580499165,92.30392941950083,23.075982354875208,0.0,176.41418792773038,-5.081288516521454,9.310968518257141,226.64428091946203,294.8083171701843,231.47150501015741,285.00729767728205,0.46294301002031485,0.4750121627954701,209.94251886480993,0,0,20.731905275093595,0,0,0,0,False,0.0,5.684341886080802e-14,0.0,0.0,73.47988160268346,49.395972619764514,0.19899349808692932,12.060097836895325,135.13494555743023,150.75122296119156,0.4146381055018719,0.0,0.0,135.5495836629321,-0.1355495836629321,0.008081073872745037,0.008081073872745037,0.08864327520132065,0.08864327520132065,-0.042344070971012115,-0.042344070971012115,0.05819355323910713,0.05819355323910713,-0.050289832055568695,-0.050289832055568695,0.4048989994771546
6,2025-02-27 05:00:00,5,248.061902,282.397381,151.298606,0.0,75.976562,0.35,0.25,183.93991980701685,64.3789719324559,82.77296391315758,96.02296739816666,288.06890219449997,86.04214645922184,60.22950252145528,91.06910347854472,22.76727586963618,0.0,183.93991980701685,-9.114089906215668,11.939665079116821,231.47150501015741,285.00729767728205,240.1298904210623,272.43922917294856,0.4802597808421246,0.45406538195491425,235.61070124156265,0,0,14.342003727552537,0,0,0,0,False,0.0,4.263256414560601e-14,0.0,0.0,82.46374543454692,51.503177545964725,0.3331210225820541,13.309909571541027,147.60995357463472,166.37386964426284,0.28684007455105076,0.0,0.0,147.89679364918575,-0.14789679364918576,0.05108525604009628,0.05108525604009628,0.06692185997962952,0.06692185997962952,-0.0759507492184639,-0.0759507492184639,0.07462290674448013,0.07462290674448013,-0.04397615045309067,-0.04397615045309067,0.40644599994266173
6,2025-02-27 06:00:00,6,236.397824,266.498083,133.789079,0.0,49.536018,0.35,0.25,191.46792348474264,67.01377321965992,86.16056556813419,93.44209559261799,280.32628677785397,86.48760236799717,60.54132165759801,73.24775734240197,18.311939335600492,0.0,191.46792348474264,-12.4953094124794,14.025063514709473,240.1298904210623,272.43922917294856,252.00043436291773,257.6760044206228,0.5040008687258355,0.4294600073677047,244.09737712103794,0,0,27.52623049270045,0,0,0,0,False,0.0,-2.1316282072803006e-14,0.0,0.0,85.43408199236328,53.61101857572795,0.4449845999479294,13.803771369081554,153.2938565371207,172.5471421135194,0.550524609854009,0.0,0.0,153.8443811469747,-0.1538443811469747,0.0941024199128151,0.0941024199128151,0.03824550658464432,0.03824550658464432,-0.10412757843732834,-0.10412757843732834,0.0876566469669342,0.0876566469669342,-0.039026640355587006,-0.039026640355587006,0.5729029999201884
6,2025-02-27 07:00:00,7,258.646505,242.447965,185.603168,53.973241,56.495822,0.65,0.25,203.38129773736,71.183454208076,91.521583981812,88.50726434960961,265.52179304882884,87.55225041881204,61.28657529316842,124.31659270683159,31.079148176707896,0.0,203.38129773736,-13.093509078025818,15.90311884880066,252.00043436291773,257.6760044206228,264.4392679870423,240.9358793166221,0.5288785359740845,0.4015597988610368,209.67390939626733,0,0,42.94628046062945,0,0,0,0,False,0.0,2.1316282072803006e-14,0.0,0.0,136.28804110757378,56.94676336646081,0.4723208665847778,12.479752777233523,206.18687811785287,155.99690971541904,0.8589256092125891,0.0,0.0,207.04580372706545,-0.20704580372706544,0.16217884421348572,0.16217884421348572,-0.016585951671004295,-0.016585951671004295,-0.10911257565021515,-0.10911257565021515,0.09939449280500412,0.09939449280500412,-0.02719721756875515,-0.02719721756875515,0.45443900035024853
6,2025-02-27 08:00:00,8,299.007731,254.879668,216.292416,116.052609,75.301857,0.65,0.25,210.2750062942505,73.59625220298767,94.62375283241272,85.92237275093794,257.7671182528138,87.37771237269044,61.1643986608833,155.1280173391167,38.782004334779174,0.0,210.2750062942505,-14.990078508853912,16.076327562332153,264.4392679870423,240.9358793166221,278.6798425704535,224.0134292510093,0.5573596851409071,0.37335571541834883,173.75146839158333,0,0,26.209818274868212,0,0,0,0,False,0.0,0.0,2.842170943040401e-14,0.0,112.93845445452916,58.877001762390144,0.5300839930772782,11.009464709937674,183.35500491993426,137.61830887422093,0.5241963654973643,0.0,0.0,183.87920128543163,-0.18387920128543164,0.20157146453857422,0.20157146453857422,-0.0453069694340229,-0.0453069694340229,-0.12491732090711594,-0.12491732090711594,0.10047704726457596,0.10047704726457596,-0.029136529192328453,-0.029136529192328453,0.4373740002847626
6,2025-02-27 09:00:00,9,312.227346,242.666914,244.406673,158.108568,41.536621,0.65,0.25,215.61629176139832,75.46570211648941,97.02733129262924,83.47796805202961,250.43390415608883,87.13707983493805,60.99595588445663,183.41071711554338,45.852679278885844,0.0,215.61629176139832,-15.662850737571716,15.592257976531982,278.6798425704535,224.0134292510093,293.55955077114663,207.60052611781776,0.5871191015422933,0.3460008768630296,182.10995295199777,0,0,33.249499590311984,0,0,0,0,False,0.0,-1.4210854715202004e-14,2.842170943040401e-14,0.0,118.37146941879855,60.372561693191535,0.5478468120098113,11.462698598070274,190.75457652207018,143.28373247587842,0.6649899918062397,0.0,0.0,191.41956651387642,-0.19141956651387643,0.23209309577941895,0.23209309577941895,-0.07246702164411545,-0.07246702164411545,-0.13052375614643097,-0.13052375614643097,0.09745161235332489,0.09745161235332489,-0.031810224056243896,-0.031810224056243896,1.3303259993335814
6,2025-02-27 10:00:00,10,330.069957,212.683381,259.180786,199.739427,70.164048,0.65,0.25,219.45180594921112,76.80813208222389,98.753312677145,81.18314176797867,243.549425303936,86.89215660095215,60.8245096206665,198.3562763793335,49.58906909483338,0.0,219.45180594921112,-15.295751094818115,14.527896642684937,293.55955077114663,207.60052611781776,308.09051431122384,192.30800333604415,0.6161810286224477,0.32051333889340694,129.42631187540627,0,0,57.2550970228138,0,0,0,0,False,0.0,2.842170943040401e-14,0.0,0.0,84.12710271901408,61.44650566577912,0.5315120160579682,9.205986617705253,155.31110701855644,115.07483272131567,1.1451019404562761,0.0,0.0,156.4562089590127,-0.15645620895901272,0.25401031970977783,0.25401031970977783,-0.09796509146690369,-0.09796509146690369,-0.12746459245681763,-0.12746459245681763,0.09079935401678085,0.09079935401678085,-0.034531593322753906,-0.034531593322753906,0.5278469998302171
6,2025-02-27 11:00:00,11,302.265728,226.14545,263.856944,201.733055,36.364804,0.65,0.25,221.34505063295364,77.47076772153378,99.60527278482914,79.04219649732113,237.1265894919634,86.6516100615263,60.6561270430684,203.2008169569316,50.8002042392329,0.0,221.34505063295364,-13.886957466602325,13.123129606246948,308.09051431122384,192.30800333604415,321.28312390449605,178.49418269788947,0.6425662478089921,0.29749030449648245,130.42645948162257,0,0,37.05793182151319,0,0,0,0,False,0.0,-2.842170943040401e-14,-2.842170943040401e-14,0.0,84.77719866305468,61.97661417722703,0.48222437202930446,9.280285027318651,156.51632223962966,116.00356284148315,0.7411586364302639,0.0,0.0,157.25748087605993,-0.15725748087605992,0.2648288607597351,0.2648288607597351,-0.12175337225198746,-0.12175337225198746,-0.11572464555501938,-0.11572464555501938,0.08201956003904343,0.08201956003904343,-0.037204332649707794,-0.037204332649707794,0.42449300053704064
6,2025-02-27 12:00:00,12,311.113747,202.145121,264.084899,234.805623,50.224602,0.65,0.25,221.86771780252457,77.6537012308836,99.84047301113605,77.36060500144958,232.08181500434875,86.42039157450199,60.49427410215139,203.5906248978486,50.89765622446215,0.0,221.86771780252457,-11.572045683860779,11.190848350524902,321.28312390449605,178.49418269788947,332.2765673041638,166.71434232891588,0.6645531346083275,0.2778572372148598,88.26012767888892,0,0,54.547623791507704,0,0,0,0,False,0.0,-1.4210854715202004e-14,2.842170943040401e-14,0.0,57.3690829912778,62.122960984706886,0.4031156122684479,7.433329102711506,127.32848869096465,92.91661378389382,1.090952475830154,0.0,0.0,128.4194411667948,-0.1284194411667948,0.2678155303001404,0.2678155303001404,-0.14043772220611572,-0.14043772220611572,-0.09643371403217316,-0.09643371403217316,0.06994280219078064,0.06994280219078064,-0.039773426949977875,-0.039773426949977875,0.40498999987903517
6,2025-02-27 13:00:00,13,306.704788,181.321037,271.026368,197.032686,67.910521,0.65,0.25,220.5949865281582,77.20824528485537,99.26774393767118,75.78998520970345,227.36995562911034,86.40041716396809,60.48029201477765,210.54607598522233,52.63651899630558,0.0,220.5949865281582,-8.321505188941956,9.190424680709839,332.2765673041638,166.71434232891588,340.18199723365865,157.0402110860634,0.6803639944673173,0.26173368514343903,101.30134511009561,0,0,68.10667008352328,0,0,0,0,False,0.0,1.4210854715202004e-14,0.0,0.0,65.84587432156215,61.7665962278843,0.29559727907180783,7.986778969294739,135.894846797813,99.83473711618423,1.3621334016704656,0.0,0.0,137.25698019948345,-0.13725698019948346,0.26054278016090393,0.26054278016090393,-0.15788905322551727,-0.15788905322551727,-0.0693458765745163,-0.0693458765745163,0.05744015425443649,0.05744015425443649,-0.03999536484479904,-0.03999536484479904,0.4319279996707337
6,2025-02-27 14:00:00,14,321.093441,182.718855,252.216361,186.52888,79.266277,0.65,0.25,217.84549728035927,76.24592404812574,98.03047377616167,74.80832889676094,224.42498669028282,86.41620934009552,60.49134653806686,191.72501446193314,47.931253615483286,0.0,217.84549728035927,-4.487261921167374,6.896800398826599,340.18199723365865,157.0402110860634,344.44489605876765,149.78042119256173,0.6888897921175353,0.24963403532093623,106.27920438528582,0,0,60.21719652517561,0,0,0,0,False,0.0,0.0,-2.842170943040401e-14,0.0,69.08148285043579,60.9967392385006,0.1691018596291542,8.161812949438325,138.40913689800388,102.02266186797905,1.2043439305035122,0.0,0.0,139.6134808285074,-0.13961348082850739,0.2448314130306244,0.2448314130306244,-0.1687963455915451,-0.1687963455915451,-0.03739384934306145,-0.03739384934306145,0.043105002492666245,0.043105002492666245,-0.03981989622116089,-0.03981989622116089,0.43936499969277065
6,2025-02-27 15:00:00,15,304.829819,153.561678,225.881172,151.502485,87.506134,0.65,0.25,213.30701932311058,74.6574567630887,95.98815869539976,74.0999373793602,222.2998121380806,86.68281957507133,60.67797370254993,165.20319829745006,41.300799574362514,0.0,213.30701932311058,-0.035365233197808266,4.631497859954834,344.44489605876765,149.78042119256173,344.4784930303056,144.90516028734612,0.6889569860606112,0.2415086004789102,106.59984542383182,0,0,82.67497111836386,0,0,0,0,False,0.0,2.842170943040401e-14,0.0,0.0,69.28989952549068,59.72596541047097,0.024218446295708417,8.103305507818371,137.14338889007573,101.29131884772963,1.6534994223672772,0.0,0.0,138.796888312443,-0.138796888312443,0.2188972532749176,0.2188972532749176,-0.17666736245155334,-0.17666736245155334,-0.0002947102766484022,-0.0002947102766484022,0.028946861624717712,0.028946861624717712,-0.03685756027698517,-0.03685756027698517,0.531280000359402
6,2025-02-27 16:00:00,16,272.381884,165.364349,191.8966,102.762074,97.640191,0.65,0.25,207.29756206274033,72.55414672195911,93.28390292823315,74.00262549519539,222.00787648558617,87.07910723984241,60.95537506788968,130.94122493211032,32.73530623302758,0.0,207.29756206274033,4.621733576059341,2.4045032262802124,344.4784930303056,144.90516028734612,339.61351031866417,142.37410425968275,0.6792270206373283,0.23729017376613792,101.54167043020453,0,0,65.2528264002571,0,0,0,0,False,0.0,7.105427357601002e-15,0.0,0.0,66.00208577963295,58.0433173775673,0.1506745234131813,7.784594491932845,131.98067217254626,97.30743114916056,1.305056528005142,0.0,0.0,133.2857287005514,-0.13328572870055141,0.1845574975013733,0.1845574975013733,-0.17774860560894012,-0.17774860560894012,0.03851444646716118,0.03851444646716118,0.015028145164251328,0.015028145164251328,-0.032454364001750946,-0.032454364001750946,0.45534699984273175
6,2025-02-27 17:00:00,17,258.831946,146.181467,166.964458,58.379805,107.780425,1.05,0.25,205.32633662223816,71.86421781778336,92.39685148000717,71.24184787273407,213.7255436182022,89.2004936747253,62.4403455723077,104.5241124276923,26.131028106923075,0.0,205.32633662223816,11.56325250864029,1.858961284160614,339.61351031866417,142.37410425968275,327.441665572727,140.41730290793473,0.654883331145454,0.2340288381798912,106.61712165323351,0,0,72.5993957076447,0,0,0,0,False,0.0,-2.1316282072803006e-14,0.0,0.0,111.9479777358952,57.49137425422669,0.3561923816800117,7.976374738698086,177.7719191105,99.70468423372607,1.4519879141528942,0.0,0.0,179.22390702465287,-0.17922390702465288,0.1732933521270752,0.1732933521270752,-0.208423912525177,-0.208423912525177,0.09636043757200241,0.09636043757200241,0.011618508026003838,0.011618508026003838,-0.008883403614163399,-0.008883403614163399,2.2003249996487284
6,2025-02-27 18:00:00,18,240.683188,154.415392,148.314468,0.0,112.134443,1.05,0.25,198.12207147479057,69.3427250161767,89.15493216365576,71.97340428829193,215.9202128648758,89.85720304772258,62.9000421334058,85.4144258665942,21.35360646664855,0.0,198.12207147479057,15.56247889995575,0.24825245141983032,327.441665572727,140.41730290793473,311.0601088359315,140.1559845380191,0.622120217671863,0.2335933075633652,136.970551838808,0,0,61.05080243222881,0,0,0,0,False,0.0,-2.1316282072803006e-14,0.0,0.0,143.81907943074842,55.47418001294137,0.4681156292557716,9.196657424504203,208.95803249744975,114.95821780630253,1.2210160486445762,0.0,0.0,210.17904854609432,-0.21017904854609432,0.132126122713089,0.132126122713089,-0.20029550790786743,-0.20029550790786743,0.1296873241662979,0.1296873241662979,0.0015515778213739395,0.0015515778213739395,-0.0015866328030824661,-0.0015866328030824661,0.41317100021842634
6,2025-02-27 19:00:00,19,239.994748,166.239603,146.209549,0.0,138.179208,1.05,0.25,191.1076471209526,66.88767649233341,85.99844120442867,73.67067664861679,221.01202994585037,90.42909652926028,63.30036757048219,82.90918142951782,20.727295357379454,0.0,191.1076471209526,18.774470686912537,-1.1638041585683823,311.0601088359315,140.1559845380191,291.29750811286567,141.26159848865908,0.5825950162257313,0.23543599748109845,110.55136482675024,0,0,49.1779674624504,0,0,0,0,False,0.0,-4.973799150320701e-14,0.0,0.0,116.07893306808776,53.51014119386674,0.569053141400218,7.921982406312253,178.08010980966696,99.02478007890316,0.983559349249008,0.0,0.0,179.06366915891599,-0.17906366915891597,0.09204369783401489,0.09204369783401489,-0.1814369261264801,-0.1814369261264801,0.1564539223909378,0.1564539223909378,-0.007273775991052389,-0.007273775991052389,0.004767739214003086,0.004767739214003086,0.43248000019957544
6,2025-02-27 20:00:00,20,239.362864,185.992016,146.818909,0.0,130.319271,1.05,0.25,184.53938122838736,64.58878342993557,83.04272155277431,75.64768195152283,226.94304585456848,91.10049325972795,63.77034528180956,83.04856371819042,20.762140929547606,0.0,184.53938122838736,21.13779902458191,-2.020161747932434,291.29750811286567,141.26159848865908,269.0471933501479,143.1807521491949,0.5380943867002957,0.23863458691532483,119.72683342655299,0,0,30.873096399682368,0,0,0,0,False,0.0,2.1316282072803006e-14,2.842170943040401e-14,0.0,125.71317509788064,51.67102674394847,0.6442347794771194,8.22061077042253,186.24904739172877,102.75763463028161,0.6174619279936474,0.0,0.0,186.8665093197224,-0.1868665093197224,0.054510749876499176,0.054510749876499176,-0.15947020053863525,-0.15947020053863525,0.17614832520484924,0.17614832520484924,-0.012626010924577713,-0.012626010924577713,0.012227702885866165,0.012227702885866165,0.45439099994837306
6,2025-02-27 21:00:00,21,244.939881,184.09991,149.934234,0.0,130.132288,1.05,0.25,178.9778015576303,62.6422305451706,80.54001070093364,77.63618052005768,232.90854156017303,91.90261440351605,64.33183008246124,85.60240391753877,21.40060097938469,0.0,178.9778015576303,22.493446469306946,-2.195124328136444,269.0471933501479,143.1807521491949,245.3698812771932,145.2661202609245,0.4907397625543864,0.2421102004348742,128.70869748496486,0,0,35.25090352945415,0,0,0,0,False,0.0,1.4210854715202004e-14,2.842170943040401e-14,0.0,135.1441323592131,50.11378443613649,0.6857790157198905,8.526827514260539,194.47052332533002,106.58534392825673,0.705018070589083,0.0,0.0,195.1755413959191,-0.1951755413959191,0.02273029461503029,0.02273029461503029,-0.13737577199935913,-0.13737577199935913,0.18744538724422455,0.18744538724422455,-0.013719527050852776,-0.013719527050852776,0.02114016003906727,0.02114016003906727,0.5106830003569485
6,2025-02-27 22:00:00,22,233.345229,189.212657,140.94425,0.0,146.644441,0.65,0.25,168.63088570535183,59.02080999687313,75.88389856740832,82.92658098042011,248.77974294126034,91.48874821141362,64.04212374798954,76.90212625201048,19.22553156300262,0.0,168.63088570535183,20.85996150970459,-3.34142804145813,245.3698812771932,145.2661202609245,223.41202705645154,148.44047690030973,0.44682405411290305,0.24740079483384955,108.97212903684502,0,0,40.620808255796874,0,0,0,0,False,0.0,2.842170943040401e-14,2.842170943040401e-14,0.0,70.83188387394927,47.21664799749852,0.6425059854984284,7.49286784890681,126.18390570585302,93.66084811133513,0.8124161651159375,0.0,0.0,126.99632187096896,-0.12699632187096896,-0.036394938826560974,-0.036394938826560974,-0.07859354466199875,-0.07859354466199875,0.17383301258087158,0.17383301258087158,-0.020883925259113312,-0.020883925259113312,0.016541646793484688,0.016541646793484688,0.4992479998691124
6,2025-02-27 23:00:00,23,223.34539,214.286334,145.693567,0.0,153.19033,0.35,0.25,161.59334015101194,56.55766905285417,72.71700306795537,87.68266143277287,263.0479842983186,91.39935554936528,63.97954888455569,81.7140181154443,20.428504528861076,0.0,161.59334015101194,18.11924636363983,-3.2564911246299744,223.41202705645154,148.44047690030973,204.33913614735698,151.5341434687082,0.408678272294714,0.25255690578118034,103.58931054513997,0,0,26.822806692278732,0,0,0,0,False,0.0,7.105427357601002e-15,0.0,0.0,36.25625869079899,45.24613524228335,0.5598598465323448,7.1434231064023495,89.20567688601705,89.29278883002937,0.5364561338455747,194.1267203839348,388.2534407678696,477.99557378773227,-0.4779955737877323,-0.07660948485136032,-0.07660948485136032,-0.025748206302523613,-0.025748206302523613,0.1509937196969986,0.1509937196969986,-0.02035306952893734,-0.02035306952893734,0.015548394992947578,0.015548394992947578,0.4064799995830981
7,2025-02-28 00:00:00,0,288.855095,274.535963,163.332617,0.0,118.728849,0.35,0.25,150.0,52.5,67.5,109.00837540626526,327.0251262187958,80.94327449798584,56.66029214859008,106.67232485140991,26.668081212852478,0.0,150.0,11.71972006559372,-5.07375955581665,250.0,300.0,237.66345256253294,304.8200715780258,0.47532690512506587,0.5080334526300431,241.58298255352406,0,0,33.972129164993305,0,0,0,0,False,0.05203341054064892,7.105427357601002e-15,0.0,0.0,84.55404389373342,42.00000000000001,0.3769603997468948,13.029651232355059,139.96065552583536,162.87064040443823,0.6794425832998661,0.0,0.0,140.64009810913524,-0.14064009810913525,-0.09082373231649399,-0.1428571428571429,0.2112041711807251,0.2112041711807251,0.09766433387994766,0.09766433387994766,-0.031710997223854065,-0.031710997223854065,-0.10063028335571289,-0.10063028335571289,0.6672859999525826
7,2025-02-28 01:00:00,1,303.128278,288.694161,176.858629,0.0,79.977856,0.35,0.25,161.41701638698578,56.495955735445015,72.6376573741436,100.68563304841518,302.05689914524555,82.67781347036362,57.874469429254525,118.98415957074548,29.74603989268637,0.0,161.41701638698578,7.219024747610092,-0.22510597482323647,237.66345256253294,304.8200715780258,230.064479143996,305.0339222541079,0.460128958287992,0.5083898704235131,289.86711445804644,0,0,3.097476074202291,0,0,0,0,False,0.0,-4.263256414560601e-14,0.0,0.0,101.45349006031626,45.196764588356025,0.21769627230241895,15.336825298345817,162.2047762193205,191.7103162293227,0.06194952148404582,0.0,0.0,162.26672574080456,-0.16226672574080456,-0.07761704921722412,-0.07761704921722412,0.11872925609350204,0.11872925609350204,0.060158539563417435,0.060158539563417435,-0.001406912342645228,-0.001406912342645228,-0.08135762810707092,-0.08135762810707092,0.41526600034558214
7,2025-02-28 02:00:00,2,313.330936,293.478775,173.105897,0.0,102.733083,0.35,0.25,165.1127576828003,57.789465188980095,74.30074095726013,100.15691801905632,300.47075405716896,83.72258350253105,58.60580845177173,114.50008854822826,28.625022137057066,0.0,165.1127576828003,3.373197466135025,2.925928831100464,230.064479143996,305.0339222541079,226.51374496911703,301.95399716873897,0.45302748993823405,0.5032566619478983,278.2171305009982,0,0,0.49606534299852,0,0,0,0,False,0.0,-7.815970093361102e-14,0.0,0.0,97.37599567534937,46.23157215118409,0.11582556813955307,14.883357864968728,158.60675125964173,186.0419733121091,0.0099213068599704,0.0,0.0,158.6166725665017,-0.1586166725665017,-0.05649852752685547,-0.05649852752685547,0.11285464465618134,0.11285464465618134,0.028109978884458542,0.028109978884458542,0.0182870551943779,0.0182870551943779,-0.06974907219409943,-0.06974907219409943,0.4048730006616097
7,2025-02-28 03:00:00,3,273.735957,313.482894,159.116021,0.0,83.617161,0.35,0.25,170.09369898587465,59.53279464505612,76.5421645436436,99.4398394972086,298.3195184916258,84.64817427098751,59.25372198969125,99.86229901030873,24.965574752577183,17.09059728901707,189.08325152922694,-0.8467396907508373,6.17878794670105,226.51374496911703,301.95399716873897,227.31814767533032,295.45000985642207,0.45463629535066064,0.4924166830940368,255.83815529548048,0,0,0.0,0,0,0,0,False,0.0,-4.263256414560601e-14,0.0,0.0,89.54335435341817,52.94331042818355,0.056296130456030366,14.282210857468774,156.82517176952652,178.52763571835968,0.0,0.0,0.0,156.82517176952652,-0.1568251717695265,-0.028036005795001984,-0.028036005795001984,0.10488710552453995,0.10488710552453995,-0.007056164089590311,-0.007056164089590311,0.03861742466688156,0.03861742466688156,-0.05946473032236099,-0.05946473032236099,0.4255169997122721
7,2025-02-28 04:00:00,4,293.229016,297.704179,160.456964,0.0,70.183379,0.35,0.25,176.84350763447583,61.89522767206653,79.57957843551412,98.12275551259518,294.36826653778553,85.42286194860935,59.79600336402654,100.66096063597345,25.165240158993363,0.0,176.84350763447583,-5.097024589776993,9.189484119415283,227.31814767533032,295.45000985642207,232.16032103561847,285.7768686780902,0.4643206420712369,0.4762947811301503,289.535429589299,0,0,0.010288144105572883,0,0,0,0,False,0.0,-7.105427357601002e-15,0.0,0.0,101.33740035625463,49.51618213765324,0.19885815829038622,15.56905502408077,166.62149567627904,194.61318780100962,0.00020576288211145765,0.0,0.0,166.62170143916114,-0.16662170143916114,0.01053432933986187,0.01053432933986187,0.0902528390288353,0.0902528390288353,-0.04247520491480827,-0.04247520491480827,0.05743427574634552,0.05743427574634552,-0.05085708945989609,-0.05085708945989609,0.4661940001824405
7,2025-02-28 05:00:00,5,293.531591,314.320183,161.531842,0.0,30.835927,0.35,0.25,184.31783467531204,64.51124213635921,82.94302560389042,96.19365982711315,288.58097948133945,85.96958935260773,60.1787125468254,101.3531294531746,25.33828236329365,16.96299856010245,203.16561085320365,-9.13357526063919,11.80276870727539,232.16032103561847,285.7768686780902,240.8372175332257,273.3529016178003,0.4816744350664514,0.45558816936300045,328.84993931468676,0,0,0.0,0,0,0,0,False,0.0,2.1316282072803006e-14,0.0,0.0,115.09747876014036,56.886371038897025,0.3330211013555527,17.72004710349748,190.0369180038904,221.50058879371846,0.0,0.0,0.0,190.0369180038904,-0.19003691800389041,0.05324476957321167,0.05324476957321167,0.06881844252347946,0.06881844252347946,-0.07611312717199326,-0.07611312717199326,0.07376730442047119,0.07376730442047119,-0.04478234052658081,-0.04478234052658081,0.6103670002630679
7,2025-02-28 06:00:00,6,289.06991,312.345715,153.843,0.0,65.758272,0.35,0.25,192.00224578380585,67.20078602433205,86.40101060271263,93.69456354528666,281.08369063585997,86.37498177587986,60.462487243115895,93.38051275688409,23.345128189221022,17.357776409652217,211.28866401675276,-12.593151032924652,13.87821912765503,240.8372175332257,273.3529016178003,252.80071101450412,258.7442499044792,0.5056014220290083,0.43124041650746536,285.74369474310026,0,0,0.0,0,0,0,0,False,0.0,2.1316282072803006e-14,0.0,0.0,100.01029316008508,59.160825924690776,0.44718562662601474,15.953341192964459,175.57164590436633,199.41676491205573,0.0,0.0,0.0,175.57164590436633,-0.17557164590436633,0.09715569019317627,0.09715569019317627,0.041050706058740616,0.041050706058740616,-0.1049429252743721,-0.1049429252743721,0.08673886954784393,0.08673886954784393,-0.040277980268001556,-0.040277980268001556,0.3957839999202406
7,2025-02-28 07:00:00,7,320.533993,307.396033,209.853974,50.402551,45.484883,0.65,0.25,203.9397269487381,71.37890443205833,91.77287712693214,88.82908064872026,266.4872419461608,87.38959053531289,61.17271337471902,148.68126062528097,37.17031515632024,20.818871132828463,227.07180598521416,-13.200244009494781,15.70663332939148,252.80071101450412,258.7442499044792,265.3409428235242,242.2109516630145,0.5306818856470483,0.4036849194383575,292.467294382477,0,0,0.0,0,0,0,0,False,0.0,2.842170943040401e-14,0.0,0.0,190.10374134861007,63.58010567585997,0.47454048693180084,16.501709848592416,270.66009735999427,206.2713731074052,0.0,0.0,0.0,270.66009735999427,-0.27066009735999425,0.16536986827850342,0.16536986827850342,-0.013010215014219284,-0.013010215014219284,-0.11000203341245651,-0.11000203341245651,0.09816645830869675,0.09816645830869675,-0.029004549607634544,-0.029004549607634544,0.3929939994122833
7,2025-02-28 08:00:00,8,324.03747,292.991656,248.415145,98.593207,32.445813,0.65,0.25,210.54324507713318,73.69013577699661,94.74446028470993,86.08917228877544,258.26751686632633,87.2694481909275,61.08861373364925,187.32653126635074,46.831632816587685,11.248502144795395,223.0415807935725,-15.007342100143433,16.000624895095825,265.3409428235242,242.2109516630145,279.59791781866045,225.3681886155452,0.5591958356373209,0.3756136476925753,267.2364614285099,0,0,0.0,0,0,0,0,False,0.0,-1.4210854715202004e-14,0.0,0.0,173.70369992853145,62.45164262220031,0.530223387479782,15.327069595551597,252.01263553376313,191.58836994439497,0.0,0.0,0.0,252.01263553376313,-0.25201263553376313,0.20310425758361816,0.20310425758361816,-0.0434536412358284,-0.0434536412358284,-0.12506118416786194,-0.12506118416786194,0.10000390559434891,0.10000390559434891,-0.03033946454524994,-0.03033946454524994,0.4495149996728287
7,2025-02-28 09:00:00,9,332.994525,291.170192,270.711597,126.646061,61.409821,0.65,0.25,215.8247046172619,75.53864661604166,97.12111707776785,83.60496930778027,250.8149079233408,87.07909114658833,60.95536380261182,209.75623319738816,52.43905829934704,14.708074305681691,232.16700940135266,-15.731754899024963,15.605183839797974,279.59791781866045,225.3681886155452,294.54308497273416,208.9416793104947,0.5890861699454684,0.34823613218415783,221.17577889011062,0,0,0.0,0,0,0,0,False,0.0,0.0,0.0,0.0,143.7642562785719,65.00676263237875,0.5499785661697387,13.446406421586513,222.7674038987069,168.0800802698314,0.0,0.0,0.0,222.7674038987069,-0.2227674038987069,0.23328402638435364,0.23328402638435364,-0.07105589658021927,-0.07105589658021927,-0.1310979574918747,-0.1310979574918747,0.09753239899873734,0.09753239899873734,-0.03245454281568527,-0.03245454281568527,0.4658449997805292
7,2025-02-28 10:00:00,10,353.51103,268.365831,299.328664,171.485764,65.898777,0.65,0.25,219.72759664058685,76.9046588242054,98.87741848826408,81.39966778457165,244.19900335371494,86.77352853119373,60.741469971835606,238.5871940281644,59.6467985070411,0.0,219.72759664058685,-15.381038188934326,14.489250183105469,294.54308497273416,208.9416793104947,309.1550712522218,193.68983701248894,0.6183101425044435,0.3228163950208149,195.6493346563417,0,0,2.426312493890748,0,0,0,0,False,0.0,2.842170943040401e-14,0.0,0.0,127.1720675266221,61.523727059364326,0.5338773965835572,12.124212271128426,201.3538842536984,151.55265338910533,0.04852624987781496,0.0,0.0,201.40241050357622,-0.2014024105035762,0.25558626651763916,0.25558626651763916,-0.0955592468380928,-0.0955592468380928,-0.12817531824111938,-0.12817531824111938,0.09055781364440918,0.09055781364440918,-0.0358496829867363,-0.0358496829867363,0.5627560003631515
7,2025-02-28 11:00:00,11,363.32602,256.342048,325.044516,176.944064,56.530831,0.65,0.25,221.87952026724815,77.65783209353685,99.84578412026167,79.34068612754345,238.02205838263035,86.5093470364809,60.556542925536625,264.48797307446335,66.12199326861584,0.0,221.87952026724815,-13.962502777576447,12.998539209365845,309.1550712522218,193.68983701248894,322.4194488909194,180.0071641605249,0.6448388977818388,0.30001194026754147,211.6184750801989,0,0,8.014986675776981,0,0,0,0,False,0.0,-1.4210854715202004e-14,0.0,0.0,137.55200880212928,62.12626567482949,0.4838677793741226,12.861285227804725,213.0234274841376,160.76606534755905,0.16029973351553964,0.0,0.0,213.18372721765314,-0.21318372721765314,0.26788297295570374,0.26788297295570374,-0.11843682080507278,-0.11843682080507278,-0.11635418981313705,-0.11635418981313705,0.08124087005853653,0.08124087005853653,-0.03878503292798996,-0.03878503292798996,0.41069100007007364
7,2025-02-28 12:00:00,12,387.732562,237.598935,326.941911,181.950558,55.716332,0.65,0.25,222.41314500570297,77.84460075199604,100.08591525256634,77.5702491402626,232.7107474207878,86.31817393004894,60.42272175103425,266.51918924896574,66.62979731224144,0.0,222.41314500570297,-11.585277020931244,11.122926473617554,322.4194488909194,180.0071641605249,333.4254620608041,168.29882050408537,0.6668509241216082,0.28049803417347563,228.00639472143928,0,0,20.002480216922777,0,0,0,0,False,0.0,2.842170943040401e-14,-2.842170943040401e-14,0.0,148.20415656893553,62.27568060159684,0.4031729429960251,13.590891687834578,224.47390180136298,169.88614609793223,0.40004960433845554,0.0,0.0,224.87395140570143,-0.22487395140570143,0.27093225717544556,0.27093225717544556,-0.13810834288597107,-0.13810834288597107,-0.09654397517442703,-0.09654397517442703,0.06951829046010971,0.06951829046010971,-0.04090917855501175,-0.04090917855501175,0.4094890000487794
7,2025-02-28 13:00:00,13,391.16264,228.386053,318.280988,196.214634,76.976194,0.65,0.25,221.25055268406868,77.43769343942404,99.5627487078309,76.20256796479225,228.60770389437675,86.19467161595821,60.33627013117074,257.94471786882923,64.48617946720731,0.0,221.25055268406868,-8.474423289299011,8.98400366306305,333.4254620608041,168.29882050408537,341.47616418563814,158.84197454296637,0.6829523283712763,0.26473662423827726,189.69728928187453,0,0,22.573731649312492,0,0,0,0,False,0.0,0.0,0.0,0.0,123.30323803321845,61.95015475153924,0.29915271699428553,11.88668957134758,197.43923507309955,148.58361964184473,0.45147463298624985,0.0,0.0,197.8907097060858,-0.1978907097060858,0.26428887248039246,0.26428887248039246,-0.1533048003911972,-0.1533048003911972,-0.07062019407749176,-0.07062019407749176,0.05615002289414406,0.05615002289414406,-0.04228142648935318,-0.04228142648935318,0.4362560002846294
7,2025-02-28 14:00:00,14,371.550994,196.336999,297.813112,156.608146,97.287507,0.65,0.25,218.22645664215088,76.37925982475281,98.2019054889679,74.94567006826401,224.83701020479202,86.3557268679142,60.44900880753993,237.36410319246005,59.34102579811501,0.0,218.22645664215088,-4.505799561738968,6.857057809829712,341.47616418563814,158.84197454296637,345.75667376929016,151.62401895367194,0.6915133475385803,0.2527066982561199,180.0685766033652,0,0,47.20324763567544,0,0,0,0,False,0.0,1.4210854715202004e-14,0.0,0.0,117.04457479218738,61.10340785980225,0.1694592759013176,11.414640676822483,189.7320826047134,142.68300846028103,0.9440649527135088,0.0,0.0,190.67614755742693,-0.19067614755742693,0.2470083236694336,0.2470083236694336,-0.16727033257484436,-0.16727033257484436,-0.037548329681158066,-0.037548329681158066,0.0428566113114357,0.0428566113114357,-0.040491923689842224,-0.040491923689842224,0.41817400051513687
7,2025-02-28 15:00:00,15,355.204342,181.924126,277.897543,144.69316,107.843828,0.65,0.25,213.81915658712387,74.83670480549335,96.21862046420574,74.40773025155067,223.22319075465202,86.52817279100418,60.56972095370292,217.32782204629706,54.331955511574265,0.0,213.81915658712387,-0.1747479848563671,4.515598714351654,345.75667376929016,151.62401895367194,345.9226843549037,146.87075714909125,0.6918453687098074,0.24478459524848542,156.74508294248795,0,0,55.50511114220524,0,0,0,0,False,0.0,1.4210854715202004e-14,0.0,0.0,101.88430391261717,59.86936384439469,0.027820433117449285,10.317890154863454,172.09937834499277,128.97362693579316,1.1101022228441049,0.0,0.0,173.20948056783686,-0.17320948056783686,0.22182375192642212,0.22182375192642212,-0.17324744164943695,-0.17324744164943695,-0.0014562332071363926,-0.0014562332071363926,0.028222491964697838,0.028222491964697838,-0.03857585787773132,-0.03857585787773132,0.47205000009853393
7,2025-02-28 16:00:00,16,327.656048,182.1387,235.545561,100.945563,112.725901,0.65,0.25,207.84442350268364,72.74554822593927,93.52999057620764,74.2714686691761,222.8144060075283,86.94567002356052,60.86196901649236,174.68359198350763,43.670897995876906,0.0,207.84442350268364,4.4942642748355865,2.300574481487274,345.9226843549037,146.87075714909125,341.19187985507676,144.44909980015728,0.6823837597101535,0.2407484996669288,154.6871381642781,0,0,49.56060104166272,0,0,0,0,False,0.0,-2.1316282072803006e-14,-2.842170943040401e-14,0.0,100.54663980678077,58.196438580751426,0.14633080065250395,10.131744855271176,169.02115404345585,126.6468106908897,0.9912120208332544,0.0,0.0,170.0123660642891,-0.1700123660642891,0.18768242001533508,0.18768242001533508,-0.17476145923137665,-0.17476145923137665,0.037452202290296555,0.037452202290296555,0.014378590509295464,0.014378590509295464,-0.0339369997382164,-0.0339369997382164,0.42874799964920385
7,2025-02-28 17:00:00,17,309.839769,184.794153,199.46149,49.29254,151.912503,1.05,0.25,205.7906173169613,72.02671606093645,92.60577779263258,71.48525431752205,214.45576295256615,89.08296849578619,62.358077947050326,137.10341205294966,34.275853013237416,0.0,205.7906173169613,11.415361762046814,1.78130641579628,341.19187985507676,144.44909980015728,329.175709579238,142.57404041510856,0.6583514191584761,0.2376234006918476,130.95375550777618,0,0,34.96572566520882,0,0,0,0,False,0.0,-2.1316282072803006e-14,0.0,0.0,137.501443283165,57.62137284874917,0.35136738494038583,9.054615119413533,204.52879863626808,113.18268899266916,0.6993145133041765,0.0,0.0,205.22811314957227,-0.20522811314957226,0.17594638466835022,0.17594638466835022,-0.20571939647197723,-0.20571939647197723,0.09512801468372345,0.09512801468372345,0.01113316509872675,0.01113316509872675,-0.010189238935709,-0.010189238935709,0.4310490003263112
7,2025-02-28 18:00:00,18,272.749002,184.086759,187.492378,0.0,112.411375,1.05,0.25,198.57702180743217,69.50195763260126,89.35965981334448,72.22523421049118,216.67570263147354,89.71876648720354,62.80313654104247,124.68924145895753,31.17231036473938,0.0,198.57702180743217,15.413509011268616,0.1720791682600975,329.175709579238,142.57404041510856,312.9509632515868,142.39290444851898,0.6259019265031737,0.2373215074141983,178.81970493136066,0,0,32.40191612587455,0,0,0,0,False,0.0,-2.1316282072803006e-14,2.842170943040401e-14,0.0,187.7606901779287,55.601566106081016,0.46326566617935894,11.045299365898787,254.87082131608784,138.06624207373483,0.648038322517491,0.0,0.0,255.51885963860533,-0.2555188596386053,0.13472583889961243,0.13472583889961243,-0.1974973976612091,-0.1974973976612091,0.12844590842723846,0.12844590842723846,0.0010754948016256094,0.0010754948016256094,-0.003124816808849573,-0.003124816808849573,0.4417669997565099
7,2025-02-28 19:00:00,19,292.10995,187.81008,168.414037,0.0,128.189112,1.05,0.25,191.60370659083128,67.06129730679095,86.22166796587408,73.87134075164795,221.61402225494385,90.3320281393826,63.23241969756781,105.18161730243219,26.295404325608047,0.0,191.60370659083128,18.665549755096436,-1.233203336596489,312.9509632515868,142.39290444851898,293.30301614095896,143.56444761828564,0.5866060322819179,0.2392740793638094,178.36073601536862,0,0,28.460378744838863,0,0,0,0,False,0.0,0.0,-2.842170943040401e-14,0.0,187.27877281613706,53.649037845432765,0.5661325093358754,10.91353169012952,252.40747486103524,136.419146126619,0.5692075748967773,0.0,0.0,252.97668243593202,-0.252976682435932,0.09487832337617874,0.09487832337617874,-0.17920732498168945,-0.17920732498168945,0.15554624795913696,0.15554624795913696,-0.007707520853728056,-0.007707520853728056,0.0036892015486955643,0.0036892015486955643,0.4593349995047902
7,2025-02-28 20:00:00,20,301.307684,210.025012,168.925461,0.0,129.666666,1.05,0.25,185.10386552661657,64.7863529343158,83.29673948697746,75.8701939880848,227.61058196425438,90.99501186981797,63.69650830887257,105.22895269112743,26.307238172781858,0.0,185.10386552661657,21.01532757282257,-2.1073366701602936,293.30301614095896,143.56444761828564,271.18161869588255,145.56641745493792,0.5423632373917651,0.24261069575822986,188.01676965372826,0,0,7.779960911253568,0,0,0,0,False,0.0,-4.973799150320701e-14,0.0,0.0,197.41760813641469,51.82908234745265,0.6409965105354786,11.23439971318991,261.1220867075927,140.42999641487387,0.15559921822507136,0.0,0.0,261.27768592581776,-0.26127768592581774,0.05773637443780899,0.05773637443780899,-0.15699784457683563,-0.15699784457683563,0.17512772977352142,0.17512772977352142,-0.013170854188501835,-0.013170854188501835,0.011055687442421913,0.011055687442421913,0.4776759997184854
7,2025-02-28 21:00:00,21,289.333957,228.725511,162.21945,0.0,143.672509,1.05,0.25,179.40900712274015,62.793152492959045,80.73405320523307,77.84529358148575,233.53588074445724,91.8018944375217,64.26132610626519,97.95812389373481,24.489530973433702,8.526674107622398,188.88308946454282,22.36019253730774,-2.269202619791031,271.18161869588255,145.56641745493792,247.64457391976913,147.7221599437394,0.49528914783953826,0.24620359990623233,162.84292752465268,0,0,0.0,0,0,0,0,False,0.0,1.4210854715202004e-14,-2.842170943040401e-14,0.0,170.9850739008853,52.887265050071996,0.6821517892181873,10.187218242517403,234.7417089826929,127.34022803146755,0.0,0.0,0.0,234.7417089826929,-0.2347417089826929,0.025194326415657997,0.025194326415657997,-0.13505229353904724,-0.13505229353904724,0.18633493781089783,0.18633493781089783,-0.014182516373693943,-0.014182516373693943,0.020021049305796623,0.020021049305796623,0.39572999958181754
7,2025-02-28 22:00:00,22,284.541495,236.852291,162.239442,0.0,127.890277,0.65,0.25,169.1668912768364,59.20841194689273,76.12510107457638,83.22499953210354,249.67499859631062,91.3464312069118,63.942501844838254,98.29694015516174,24.574235038790434,5.857362055144108,175.6750713381076,20.730060338974,-3.4587395191192627,247.64457391976913,147.7221599437394,225.8234577734807,151.0079624869027,0.4516469155469614,0.2516799374781712,184.51198028502722,0,0,0.0,0,0,0,0,False,0.0,-4.263256414560601e-14,2.842170943040401e-14,0.0,119.9327871852677,49.18901997467014,0.6391955077648163,10.92932827395092,180.69033094165357,136.6166034243865,0.0,0.0,0.0,180.69033094165357,-0.18069033094165357,-0.03333204984664917,-0.03333204984664917,-0.07527778297662735,-0.07527778297662735,0.17275050282478333,0.17275050282478333,-0.021617121994495392,-0.021617121994495392,0.01496034674346447,0.01496034674346447,0.4405370000313269
7,2025-02-28 23:00:00,23,284.651942,248.454983,163.842961,0.0,131.104108,0.35,0.25,162.2074529528618,56.77260853350162,72.9933538287878,87.95139966532588,263.85419899597764,91.27456057816744,63.8921924047172,99.9507685952828,24.9876921488207,6.257927499999255,169.16070573063874,18.02508294582367,-3.37593674659729,225.8234577734807,151.0079624869027,206.84968625156105,154.21510239617012,0.4136993725031221,0.2570251706602835,191.68923433482132,0,0,0.0,0,0,0,0,False,0.0,1.4210854715202004e-14,-2.842170943040401e-14,0.0,67.09123201718747,47.36499760457885,0.5576321721076964,11.140897602422358,126.15475939629637,139.26122003027947,0.0,188.93521135226882,377.87042270453765,504.025182100834,-0.504025182100834,-0.0731002688407898,-0.0731002688407898,-0.022762225940823555,-0.022762225940823555,0.15020902454853058,0.15020902454853058,-0.021099604666233063,-0.021099604666233063,0.014161784201860428,0.014161784201860428,0.6453039995903964
8,2025-03-01 00:00:00,0,247.975906,266.26644,149.940564,0.0,97.536607,0.35,0.25,150.0,52.5,67.5,108.87931153178215,326.63793459534645,80.98927840590477,56.69249488413333,93.24806911586666,23.312017278966664,0.0,150.0,11.766469180583954,-5.004377961158752,250.0,300.0,237.61424296780638,304.7541590631008,0.47522848593561273,0.5079235984385013,218.36415863016487,0,0,41.87783822828294,0,0,0,0,False,0.04990599410874508,0.0,0.0,0.0,76.4274555205577,42.00000000000001,0.3780159652233124,12.008022979727254,130.81349446550828,150.10028724659068,0.8375567645656589,0.0,0.0,131.65105123007393,-0.13165105123007392,-0.09295114874839783,-0.1428571428571429,0.20977012813091278,0.20977012813091278,0.09805390983819962,0.09805390983819962,-0.0312773622572422,-0.0312773622572422,-0.10011912882328033,-0.10011912882328033,0.49550299991096836
8,2025-03-01 01:00:00,1,258.521521,279.095483,162.164047,0.0,88.709998,0.35,0.25,161.02672535926104,56.359353875741355,72.46202641166747,100.53673759102821,301.61021277308464,82.73702390491962,57.91591673344373,104.24813026655627,26.06203256663907,0.0,161.02672535926104,7.2486743330955505,-0.12202044948935509,237.61424296780638,304.7541590631008,229.98405945928474,304.8700784901157,0.4599681189185695,0.5081167974835261,232.80226494883038,0,0,12.117711830343126,0,0,0,0,False,0.0,-7.105427357601002e-15,0.0,0.0,81.48079273209063,45.0874831005931,0.2180703322403133,12.819727263496715,139.60607342842076,160.24659079370892,0.24235423660686253,0.0,0.0,139.84842766502763,-0.13984842766502764,-0.07984728366136551,-0.07984728366136551,0.1170748621225357,0.1170748621225357,0.06040561944246292,0.06040561944246292,-0.0007626278093084693,-0.0007626278093084693,-0.08069973438978195,-0.08069973438978195,0.5945470002188813
8,2025-03-01 02:00:00,2,271.811877,280.04447,149.553909,0.0,73.05925,0.35,0.25,164.6634178236127,57.632196238264434,74.09853802062571,99.99194003641605,299.97582010924816,83.80998395383358,58.6669887676835,90.8869202323165,22.721730058079125,0.0,164.6634178236127,3.4529804438352585,3.027796149253845,229.98405945928474,304.8700784901157,226.34934320261604,301.68292464879585,0.4526986864052321,0.5028048744146597,260.38112041239543,0,0,13.247700325294147,0,0,0,0,False,0.0,-6.394884621840902e-14,0.0,0.0,91.1333921443384,46.10575699061156,0.11872839406132697,14.091383983323203,151.4492615123345,176.14229979154004,0.26495400650588297,0.0,0.0,151.71421551884038,-0.15171421551884037,-0.05906618386507034,-0.05906618386507034,0.11102155596017838,0.11102155596017838,0.028774837031960487,0.028774837031960487,0.018923725932836533,0.018923725932836533,-0.06877795606851578,-0.06877795606851578,0.4619229994204943
8,2025-03-01 03:00:00,3,267.409632,290.841412,155.89918,0.0,76.021636,0.35,0.25,169.99229323118925,59.49730263091623,76.49653195403516,99.38866563141346,298.1659968942404,84.68631125986576,59.280417881906025,96.61876211809397,24.154690529523492,0.0,169.99229323118925,-0.791057925671339,6.2006765604019165,226.34934320261604,301.68292464879585,227.1008482320038,295.155896690478,0.4542016964640076,0.49192649448413,256.225107455692,0,0,5.335482148811707,0,0,0,0,False,0.0,-2.842170943040401e-14,0.0,0.0,89.6787876094922,47.597842104733,0.054735120572149756,13.993781419749478,151.32514625454684,174.92226774686847,0.10670964297623414,0.0,0.0,151.43185589752306,-0.15143185589752306,-0.028615467250347137,-0.028615467250347137,0.10431850701570511,0.10431850701570511,-0.006592149380594492,-0.006592149380594492,0.03875422850251198,0.03875422850251198,-0.05904098600149155,-0.05904098600149155,0.5193639999561128
8,2025-03-01 04:00:00,4,253.506723,290.75845,146.844292,0.0,70.368142,0.35,0.25,176.4870046172291,61.77045161603018,79.4191520777531,97.99364872276783,293.9809461683035,85.4704912751913,59.82934389263391,87.01494810736608,21.75373702684152,0.0,176.4870046172291,-5.078007280826569,9.286146759986877,227.1008482320038,295.155896690478,231.92495514878905,285.381005364176,0.4638499102975781,0.47563500894029337,246.19352241440572,0,0,6.457303730852175,0,0,0,0,False,0.0,2.842170943040401e-14,0.0,0.0,86.167732845042,49.416361292824156,0.19877095222473146,13.65630706010952,149.4391721502004,170.70383825136898,0.1291460746170435,0.0,0.0,149.56831822481743,-0.14956831822481742,0.008497169241309166,0.008497169241309166,0.08881831914186478,0.08881831914186478,-0.042316727340221405,-0.042316727340221405,0.058038417249917984,0.058038417249917984,-0.05032787472009659,-0.05032787472009659,0.39689300047029974
8,2025-03-01 05:00:00,5,252.753831,291.838938,161.118954,0.0,48.771145,0.35,0.25,184.03294570744038,64.41153099760413,82.81482556834817,96.09065227210522,288.27195681631565,86.00571267306805,60.203998871147625,100.91495512885237,25.228738782213092,0.0,184.03294570744038,-9.127314984798431,11.906410455703735,231.92495514878905,285.381005364176,240.59590438434756,272.84794172659315,0.4811918087686951,0.4547465695443219,270.0178610415126,0,0,5.148542167299524,0,0,0,0,False,0.0,7.105427357601002e-15,0.0,0.0,94.5062513645294,51.52922479808331,0.3333515018224716,14.825313017145602,161.1941406815808,185.31641271432002,0.10297084334599049,0.0,0.0,161.29711152492678,-0.1612971115249268,0.05161683261394501,0.05161683261394501,0.06767391413450241,0.06767391413450241,-0.0760609582066536,-0.0760609582066536,0.07441506534814835,0.07441506534814835,-0.04438097029924393,-0.04438097029924393,0.4168289997323882
8,2025-03-01 06:00:00,6,252.238113,302.002593,157.849582,0.0,52.983696,0.35,0.25,191.76536463201046,67.11787762120366,86.2944140844047,93.64447396248579,280.93342188745737,86.380320712924,60.466224499046795,97.3833575009532,24.3458393752383,7.209818885242214,199.7762745045018,-12.593997716903687,13.945258855819702,240.59590438434756,272.84794172659315,252.56020221540606,258.1687218783619,0.5051204044308121,0.4302812031306032,262.7208504334241,0,0,0.0,0,0,0,0,False,0.0,1.4210854715202004e-14,0.0,0.0,91.95229765169843,55.93735686126051,0.44754622578620906,14.756137811142692,163.09333854988782,184.45172263928364,0.0,0.0,0.0,163.09333854988782,-0.1630933385498878,0.09580208361148834,0.09580208361148834,0.040494155138731,0.040494155138731,-0.10494998097419739,-0.10494998097419739,0.08715786784887314,0.08715786784887314,-0.04021865874528885,-0.04021865874528885,0.4077810008311644
8,2025-03-01 07:00:00,7,289.703822,285.012632,183.657204,59.977068,54.177651,0.65,0.25,203.62549349665642,71.26892272382975,91.63147207349539,88.67400655522943,266.0220196656883,87.47156286612153,61.230094006285064,122.42710999371494,30.606777498428734,0.0,203.62549349665642,-13.163442313671112,15.791974067687988,252.56020221540606,258.1687218783619,265.06547241339365,241.5455912807956,0.5301309448267874,0.40257598546799267,236.72440664349955,0,0,0.9612709407501256,0,0,0,0,False,0.0,2.1316282072803006e-14,0.0,0.0,153.8708643182747,57.015138179063804,0.4738631397485733,13.673881788260482,225.03374742534754,170.92352235325603,0.019225418815002514,0.0,0.0,225.05297284416255,-0.22505297284416256,0.1635742485523224,0.1635742485523224,-0.014733260497450829,-0.014733260497450829,-0.10969535261392593,-0.10969535261392593,0.09869983792304993,0.09869983792304993,-0.028093745931982994,-0.028093745931982994,0.43734300015785266
8,2025-03-01 08:00:00,8,303.273964,279.772748,224.212617,117.85829,48.665154,0.65,0.25,210.35504192113876,73.62426467239857,94.65976886451244,86.0241773352027,258.0725320056081,87.3115836828947,61.11810857802629,163.0945084219737,40.773627105493425,0.0,210.35504192113876,-15.017850995063782,16.0256564617157,265.06547241339365,241.5455912807956,279.33243085870424,224.6764792158317,0.5586648617174085,0.3744607986930528,204.9419107633613,0,0,1.6736256489415382,0,0,0,0,False,0.0,-2.1316282072803006e-14,0.0,0.0,133.21224199618484,58.89941173791886,0.5306638121604919,12.38312474432612,205.02544229059032,154.7890593040765,0.03347251297883076,0.0,0.0,205.05891480356914,-0.20505891480356914,0.2020288109779358,0.2020288109779358,-0.044175807386636734,-0.044175807386636734,-0.12514875829219818,-0.12514875829219818,0.10016035288572311,0.10016035288572311,-0.029871292412281036,-0.029871292412281036,0.41874699945765315
8,2025-03-01 09:00:00,9,326.163203,259.122725,246.069278,183.579478,46.571743,0.65,0.25,215.7890886068344,75.52618101239204,97.10508987307549,83.6506949365139,250.9520848095417,87.05168701708317,60.93618091195821,185.13309708804178,46.283274272010445,0.0,215.7890886068344,-15.739799737930298,15.471969842910767,279.33243085870424,224.6764792158317,294.285240609738,208.39019517066248,0.5885704812194761,0.34731699195110416,166.1595699340626,0,0,17.354732508444783,0,0,0,0,False,0.0,-7.105427357601002e-14,0.0,0.0,108.0037204571407,60.42094480991364,0.5495538413524628,10.763646494808107,179.7378656032149,134.54558118510133,0.3470946501688957,0.0,0.0,180.0849602533838,-0.1800849602533838,0.23308050632476807,0.23308050632476807,-0.07054783403873444,-0.07054783403873444,-0.13116499781608582,-0.13116499781608582,0.09669981151819229,0.09669981151819229,-0.032759033143520355,-0.032759033143520355,0.37771999996039085
8,2025-03-01 10:00:00,10,345.133438,244.938252,287.116995,205.138072,65.102819,0.65,0.25,219.6946144104004,76.89311504364014,98.86257648468018,81.41576573252678,244.24729719758034,86.7632918804884,60.73430431634187,226.3826906836581,56.595672670914524,0.0,219.6946144104004,-15.392763018608093,14.42614197731018,294.285240609738,208.39019517066248,308.9083654774157,193.20478256296755,0.6178167309548315,0.32200797093827926,151.40363337840932,0,0,25.834471779082264,0,0,0,0,False,0.0,2.842170943040401e-14,2.842170943040401e-14,0.0,98.41236169596607,61.51449203491212,0.5339136004447937,10.176873699216417,170.6376410305394,127.21092124020521,0.5166894355816453,0.0,0.0,171.15433046612105,-0.17115433046612105,0.2553977966308594,0.2553977966308594,-0.09538038074970245,-0.09538038074970245,-0.12827302515506744,-0.12827302515506744,0.09016338735818863,0.09016338735818863,-0.03596342355012894,-0.03596342355012894,0.4024599993499578
8,2025-03-01 11:00:00,11,353.392477,229.758828,297.916545,254.577359,73.973262,0.65,0.25,221.87446653842926,77.65606328845024,99.84350994229317,79.47307527065277,238.4192258119583,86.44640028476715,60.512480199337,237.40406480066298,59.351016200165745,0.0,221.87446653842926,-14.054532051086426,12.829691171646118,308.9083654774157,193.20478256296755,322.2601709259478,179.6998444875506,0.6445203418518957,0.29949974081258435,100.06441623345472,0,0,34.88719864113045,0,0,0,0,False,0.0,1.4210854715202004e-14,0.0,0.0,65.04187055174557,62.1248506307602,0.48578441739082334,7.952825778886877,135.60533137878346,99.41032223608596,0.697743972822609,0.0,0.0,136.30307535160608,-0.13630307535160607,0.26785409450531006,0.26785409450531006,-0.11696583032608032,-0.11696583032608032,-0.11712110042572021,-0.11712110042572021,0.08018556982278824,0.08018556982278824,-0.03948444128036499,-0.03948444128036499,0.5174449997866759
8,2025-03-01 12:00:00,12,347.558978,227.51674,299.443738,255.14543,64.881665,0.65,0.25,222.25988507270813,77.79095977544785,100.01694828271866,77.6796242594719,233.03887277841568,86.25161625444889,60.376131378114216,239.06760662188577,59.76690165547144,0.0,222.25988507270813,-11.716756224632263,11.018474102020264,322.2601709259478,179.6998444875506,333.39108933934847,168.10145069595032,0.6667821786786969,0.2801690844932505,98.90420536412773,0,0,30.305938908705684,0,0,0,0,False,0.0,-1.4210854715202004e-14,2.842170943040401e-14,0.0,64.28773348668302,62.23276782035828,0.4065950572490692,7.90794319718495,134.83503956147533,98.84928996481187,0.6061187781741137,0.0,0.0,135.44115833964943,-0.13544115833964943,0.27005648612976074,0.27005648612976074,-0.13689306378364563,-0.13689306378364563,-0.09763963520526886,-0.09763963520526886,0.06886546313762665,0.06886546313762665,-0.041648708283901215,-0.041648708283901215,0.37232399972708663
8,2025-03-01 13:00:00,13,347.45417,208.415998,306.367581,227.021048,90.496394,0.65,0.25,221.03239744901657,77.3613391071558,99.46457885205746,76.16998448967934,228.509953469038,86.20669662952423,60.344687640666955,246.022893359333,61.50572333983325,0.0,221.03239744901657,-8.50568175315857,8.991174101829529,333.39108933934847,168.10145069595032,341.4714870048491,158.6370569045508,0.6829429740096982,0.264395094840918,98.75677847551532,0,0,42.34301179340076,0,0,0,0,False,0.0,0.0,0.0,0.0,64.19190600908496,61.88907128572465,0.3001263231039047,7.88181661210694,134.26292023002046,98.52270765133675,0.8468602358680153,0.0,0.0,135.10978046588846,-0.13510978046588845,0.26304227113723755,0.26304227113723755,-0.15366683900356293,-0.15366683900356293,-0.07088068127632141,-0.07088068127632141,0.056194838136434555,0.056194838136434555,-0.042147815227508545,-0.042147815227508545,0.42333600049460074
8,2025-03-01 14:00:00,14,368.207526,190.340127,290.70122,203.269723,106.689263,0.65,0.25,218.27936172485352,76.39777660369873,98.22571277618408,75.10217159986496,225.30651479959488,86.27572864294052,60.39301005005836,230.3082099499416,57.5770524874854,0.0,218.27936172485352,-4.607550501823425,6.7433565855026245,341.4714870048491,158.6370569045508,345.84865998158136,151.53878681454805,0.6916973199631627,0.2525646446909134,119.13753798547503,0,0,53.65972851834107,0,0,0,0,False,0.0,-1.4210854715202004e-14,0.0,0.0,77.43939969055877,61.11822128295899,0.1719432979822159,8.734521458958557,147.46408573045855,109.18151823698197,1.0731945703668213,0.0,0.0,148.53728030082536,-0.14853728030082536,0.24731063842773438,0.24731063842773438,-0.16553142666816711,-0.16553142666816711,-0.03839625418186188,-0.03839625418186188,0.0421459786593914,0.0421459786593914,-0.04138079285621643,-0.04138079285621643,0.4119120003451826
8,2025-03-01 15:00:00,15,303.048799,173.931165,261.635753,187.253998,117.623395,0.65,0.25,213.54871690273285,74.7420509159565,96.09692260622978,74.40728768706322,223.22186306118965,86.50389678776264,60.55272775143384,201.08302524856617,50.27075631214154,0.0,213.54871690273285,-0.2448078989982605,4.49241042137146,345.84865998158136,151.53878681454805,346.0812274856297,146.8099337394202,0.6921624549712594,0.24468322289903366,48.352206982246514,0,0,63.37613430102829,0,0,0,0,False,0.0,0.0,-2.842170943040401e-14,0.0,31.428934538460236,59.793640732765205,0.029806289076805114,5.544276577662572,96.79665813796481,69.30345722078215,1.2675226860205657,0.0,0.0,98.06418082398538,-0.09806418082398538,0.22027838230133057,0.22027838230133057,-0.17325235903263092,-0.17325235903263092,-0.002040065824985504,-0.002040065824985504,0.028077565133571625,0.028077565133571625,-0.03884559124708176,-0.03884559124708176,0.4233230001773336
8,2025-03-01 16:00:00,16,322.471112,172.761993,218.861914,125.880359,110.230057,0.65,0.25,207.79883563518524,72.72959247231483,93.50947603583336,74.29098710417747,222.87296131253242,86.94206647574902,60.859446533024304,158.0024674669757,39.500616866743925,0.0,207.79883563518524,4.477415531873703,2.270834296941757,346.0812274856297,146.8099337394202,341.36815850471004,144.41958184790255,0.6827363170094201,0.24069930307983758,122.9452919667329,0,0,58.949212169558564,0,0,0,0,False,0.0,1.4210854715202004e-14,-2.842170943040401e-14,0.0,79.91443977837639,58.183673977851875,0.14567663744091988,8.734374216699212,146.9781646103684,109.17967770874014,1.1789842433911712,0.0,0.0,148.15714885375957,-0.14815714885375958,0.18742191791534424,0.18742191791534424,-0.1745445877313614,-0.1745445877313614,0.037311796098947525,0.037311796098947525,0.014192714355885983,0.014192714355885983,-0.03397703915834427,-0.03397703915834427,0.4875680006080074
8,2025-03-01 17:00:00,17,287.60619,175.497994,187.728877,59.687503,120.338297,1.05,0.25,205.6506410241127,71.97772435843945,92.54278846085072,71.42329528927803,214.2698858678341,89.10764582455158,62.3753520771861,125.3535249228139,31.338381230703476,0.0,205.6506410241127,11.44639402627945,1.8074490129947662,341.36815850471004,144.41958184790255,329.3193226875738,142.517003939487,0.6586386453751476,0.237528339899145,126.91794813526263,0,0,44.014483517127985,0,0,0,0,False,0.0,0.0,0.0,0.0,133.26384554202576,57.58217948675156,0.3524290658533573,8.87479997433736,200.07325406896803,110.934999679217,0.8802896703425597,0.0,0.0,200.9535437393106,-0.2009535437393106,0.17514652013778687,0.17514652013778687,-0.206407830119133,-0.206407830119133,0.09538661688566208,0.09538661688566208,0.011296556331217289,0.011296556331217289,-0.009915046393871307,-0.009915046393871307,0.4064479999215109
8,2025-03-01 18:00:00,18,281.079659,168.44264,151.657913,0.0,147.042948,1.05,0.25,198.41277301311493,69.44447055459023,89.28574785590172,72.07478642463684,216.22435927391052,89.82730404473841,62.87911283131688,88.77880016868312,22.19470004217078,0.0,198.41277301311493,15.49987256526947,0.2221231535077095,329.3193226875738,142.517003939487,313.0036673557112,142.28319009368943,0.6260073347114223,0.23713865015614904,143.36185434694792,0,0,47.462286238581555,0,0,0,0,False,0.0,0.0,-2.842170943040401e-14,0.0,150.52994706429533,55.55557644367219,0.46610679272562267,9.482525959475549,216.03415626016866,118.53157449344435,0.9492457247716312,0.0,0.0,216.9834019849403,-0.2169834019849403,0.13378727436065674,0.13378727436065674,-0.19916903972625732,-0.19916903972625732,0.12916560471057892,0.12916560471057892,0.0013882697094231844,0.0013882697094231844,-0.0019188439473509789,-0.0019188439473509789,0.4394899997350876
8,2025-03-01 19:00:00,19,259.339366,187.344451,154.445125,0.0,142.391399,1.05,0.25,191.3208020851016,66.96228072978556,86.09436093829572,73.78140091896057,221.3442027568817,90.3842725418508,63.26899077929556,91.17613422070443,22.794033555176107,0.0,191.3208020851016,18.715919852256775,-1.1828171461820602,313.0036673557112,142.28319009368943,293.3026990901777,143.40686638256238,0.5866053981803554,0.23901144397093732,127.84520089209431,0,0,28.527023007144578,0,0,0,0,False,0.0,-7.105427357601002e-15,0.0,0.0,134.23746093669902,53.569824583828456,0.5673916812986136,8.686321672613776,197.06099887443986,108.5790209076722,0.5705404601428916,0.0,0.0,197.63153933458275,-0.19763153933458275,0.0932617262005806,0.0932617262005806,-0.18020665645599365,-0.18020665645599365,0.15596599876880646,0.15596599876880646,-0.0073926071636378765,-0.0073926071636378765,0.004269694909453392,0.004269694909453392,0.779058999796689
8,2025-03-01 20:00:00,20,286.732367,196.431049,155.606543,0.0,115.934943,1.05,0.25,184.92586044594646,64.72405115608126,83.2166372006759,75.77852681279182,227.33558043837547,91.05070810765028,63.73549567535519,91.87104732464479,22.967761831161198,0.0,184.92586044594646,21.08995020389557,-2.0669837296009064,293.3026990901777,143.40686638256238,271.10275150712977,145.37050092568325,0.5422055030142595,0.24228416820947207,183.72971128397626,0,0,21.00347680180016,0,0,0,0,False,0.0,2.842170943040401e-14,2.842170943040401e-14,0.0,192.91619684817508,51.779240924865015,0.6430334247648716,11.0429210636301,256.38139226143505,138.03651329537624,0.4200695360360032,0.0,0.0,256.80146179747106,-0.25680146179747104,0.05671920254826546,0.05671920254826546,-0.1580163687467575,-0.1580163687467575,0.17574958503246307,0.17574958503246307,-0.012918648310005665,-0.012918648310005665,0.011674534529447556,0.011674534529447556,0.5628460003208602
8,2025-03-01 21:00:00,21,269.905157,197.234442,146.356597,0.0,125.932004,1.05,0.25,179.16189758107066,62.706664153374724,80.6228539114818,77.68317684531212,233.04953053593636,91.89216921105981,64.32451844774187,82.03207855225813,20.508019638064532,0.0,179.16189758107066,22.478519082069397,-2.202320396900177,271.10275150712977,145.37050092568325,247.4411524733725,147.4627053027384,0.494882304946745,0.245771175504564,156.97916624793248,0,0,22.343452839458166,0,0,0,0,False,0.0,-7.105427357601002e-15,0.0,0.0,164.82812456032912,50.16533132269979,0.6853671744465828,9.77367367620616,225.45249673368164,122.170920952577,0.44686905678916333,0.0,0.0,225.8993657904708,-0.2258993657904708,0.02378227189183235,0.02378227189183235,-0.13685359060764313,-0.13685359060764313,0.1873209923505783,0.1873209923505783,-0.013764502480626106,-0.013764502480626106,0.021024102345108986,0.021024102345108986,0.4613529999915045
8,2025-03-01 22:00:00,22,255.500372,229.39154,143.494276,0.0,136.808431,0.65,0.25,168.85947436094284,59.10081602632999,75.98676346242428,83.09462405741215,249.28387217223644,91.42029689624906,63.99420782737433,79.50006817262567,19.87501704315642,0.0,168.85947436094284,20.79347312450409,-3.3878308534622192,247.4411524733725,147.4627053027384,225.5532860265261,150.68114461352752,0.4511065720530522,0.25113524102254586,141.7672929497344,0,0,1.0709678849494821,0,0,0,0,False,0.0,-5.684341886080802e-14,-2.842170943040401e-14,0.0,92.14874041732737,47.280652821064,0.6407433480024337,8.939512479563401,149.00964906595723,111.7439059945425,0.021419357698989644,0.0,0.0,149.03106842365622,-0.1490310684236562,-0.03508871793746948,-0.03508871793746948,-0.07672639936208725,-0.07672639936208725,0.17327894270420074,0.17327894270420074,-0.02117394283413887,-0.02117394283413887,0.01578107662498951,0.01578107662498951,0.5220749999352847
8,2025-03-01 23:00:00,23,264.895672,223.562992,155.427609,0.0,130.978218,0.35,0.25,161.98137681931257,56.69348188675939,72.89161956869066,87.82900912687182,263.4870273806155,91.34589007124305,63.942123049870126,91.48548595012986,22.871371487532464,0.0,161.98137681931257,18.103768229484558,-3.3212533593177795,225.5532860265261,150.68114461352752,206.49668789022658,153.8363353048794,0.41299337578045314,0.256393892174799,169.82058449816034,0,0,18.148511518745295,0,0,0,0,False,0.0,2.1316282072803006e-14,0.0,0.0,59.437204574356116,45.35478550940753,0.5597193136811257,10.063807747028056,115.41551714447282,125.7975968378507,0.3629702303749059,189.666976804894,379.333953609788,495.1124409846357,-0.49511244098463575,-0.07439213246107101,-0.07439213246107101,-0.024122120812535286,-0.024122120812535286,0.15086473524570465,0.15086473524570465,-0.020757833495736122,-0.020757833495736122,0.014954334124922752,0.014954334124922752,0.5196669999349979
